an_id,platforms,logsource,channel,dc_id,dc_name
AN0001,IaaS,AWS:CloudTrail,GetInstanceIdentityDocument,DC0070,Cloud Service Metadata
AN0001,IaaS,AWS:VPCFlowLogs,Outbound connection to 169.254.169.254 from EC2 workload,DC0082,Network Connection Creation
AN0001,IaaS,ebpf:syscalls,Process within container accesses link-local address 169.254.169.254,DC0085,Network Traffic Content
AN0002,Windows,NSM:Flow,mqtt.log / xmpp.log (custom log feeds),DC0085,Network Traffic Content
AN0002,Windows,WinEventLog:Sysmon,"EventCode=3, 22",DC0082,Network Connection Creation
AN0003,Linux,NSM:Flow,mqtt.log or AMQP custom log,DC0085,Network Traffic Content
AN0003,Linux,auditd:SYSCALL,execve,DC0032,Process Creation
AN0004,macOS,macos:osquery,socket_events,DC0078,Network Traffic Flow
AN0004,macOS,macos:unifiedlog,log stream 'eventMessage contains pubsub or broker',DC0032,Process Creation
AN0005,Network Devices,NSM:Flow,"mqtt.log, xmpp.log, amqp.log",DC0085,Network Traffic Content
AN0006,Windows,WinEventLog:Security,EventCode=4720,DC0014,User Account Creation
AN0006,Windows,WinEventLog:Sysmon,EventCode=1,DC0032,Process Creation
AN0007,Linux,NSM:Flow,TGS-REQ and AS-REQ seen for new user shortly after domain-modifying process,DC0002,User Account Authentication
AN0007,Linux,auditd:SYSCALL,"execution of realmd, samba-tool, or ldapmodify with user-related arguments",DC0064,Command Execution
AN0008,macOS,macos:unifiedlog,dsconfigad or dscl with create or append options for AD-bound users,DC0064,Command Execution
AN0008,macOS,macos:unifiedlog,UserLoggedIn,DC0067,Logon Session Creation
AN0009,Windows,WinEventLog:Security,EventCode=4657,DC0063,Windows Registry Key Modification
AN0009,Windows,WinEventLog:Sysmon,EventCode=11,DC0039,File Creation
AN0009,Windows,WinEventLog:Sysmon,EventCode=1,DC0032,Process Creation
AN0010,Linux,auditd:SYSCALL,"open/write calls modifying ~/.bashrc, ~/.profile, or /etc/paths.d",DC0061,File Modification
AN0010,Linux,linux:osquery,Execution of binary resolved from $PATH not located in /usr/bin or /bin,DC0032,Process Creation
AN0011,macOS,macos:unifiedlog,File modification in /etc/paths.d or user shell rc files,DC0061,File Modification
AN0011,macOS,macos:unifiedlog,Process execution path inconsistent with baseline PATH directories,DC0032,Process Creation
AN0012,Windows,EDR:AMSI,None,DC0064,Command Execution
AN0012,Windows,WinEventLog:Sysmon,EventCode=1,DC0032,Process Creation
AN0012,Windows,WinEventLog:Sysmon,EventCode=11,DC0039,File Creation
AN0013,macOS,fs:fileevents,/var/log/quarantine.log,DC0061,File Modification
AN0013,macOS,macos:endpointsecurity,ES_EVENT_TYPE_NOTIFY_EXEC,DC0032,Process Creation
AN0013,macOS,macos:unifiedlog,subsystem=com.apple.process,DC0034,Process Metadata
AN0014,Linux,auditd:SYSCALL,execve,DC0032,Process Creation
AN0014,Linux,linux:osquery,event-based,DC0059,File Metadata
AN0014,Linux,linux:syslog,cron activity,DC0064,Command Execution
AN0015,Network Devices,NSM:Flow,Unexpected flows between segmented networks or prohibited ports,DC0078,Network Traffic Flow
AN0015,Network Devices,networkdevice:syslog,ACL/Firewall rule modification or new route injection,DC0085,Network Traffic Content
AN0016,Windows,WinEventLog:PowerShell,Get-ADTrust|GetAllTrustRelationships,DC0064,Command Execution
AN0016,Windows,WinEventLog:Security,EventCode=4662,DC0071,Active Directory Object Access
AN0016,Windows,WinEventLog:Sysmon,EventCode=1,DC0032,Process Creation
AN0016,Windows,WinEventLog:Sysmon,EventCode=7,DC0016,Module Load
AN0016,Windows,WinEventLog:Sysmon,EventCode=10,DC0035,Process Access
AN0017,IaaS,AWS:CloudTrail,"ConsoleLogin, AssumeRole, ListResources",DC0067,Logon Session Creation
AN0017,IaaS,gcp:audit,None,DC0064,Command Execution
AN0018,Identity Provider,Okta:SystemLog,"user.authentication.sso, app.oauth.grant",DC0067,Logon Session Creation
AN0019,Office Suite,m365:unified,"FileAccessed, MailboxAccessed",DC0055,File Access
AN0019,Office Suite,m365:unified,UserLoggedIn,DC0067,Logon Session Creation
AN0020,SaaS,saas:auth,"LoginSuccess, APIKeyUse, AdminAction",DC0067,Logon Session Creation
AN0021,Windows,NSM:Flow,First-time outbound connections to package registries or unknown hosts immediately after restore/build,DC0078,Network Traffic Flow
AN0021,Windows,WinEventLog:Microsoft-Windows-CodeIntegrity/Operational,Invalid/Unsigned image when developer tool launches newly installed binaries,DC0059,File Metadata
AN0021,Windows,WinEventLog:Sysmon,EventCode=1,DC0032,Process Creation
AN0021,Windows,WinEventLog:Sysmon,EventCode=7,DC0016,Module Load
AN0021,Windows,WinEventLog:Sysmon,EventCode=11,DC0039,File Creation
AN0021,Windows,WinEventLog:Sysmon,"EventCode=13, 14",DC0063,Windows Registry Key Modification
AN0022,Linux,NSM:Flow,First-time egress to new registries/CDNs post-install/build,DC0078,Network Traffic Flow
AN0022,Linux,auditd:SYSCALL,execve,DC0032,Process Creation
AN0022,Linux,auditd:SYSCALL,"rename, chmod",DC0020,Process Modification
AN0022,Linux,journald:package,dpkg/apt or yum/dnf transaction logs (install/update of build tools),DC0059,File Metadata
AN0023,macOS,NSM:Flow,First-time egress to non-approved registries after dependency install,DC0078,Network Traffic Flow
AN0023,macOS,macos:endpointsecurity,exec,DC0032,Process Creation
AN0023,macOS,macos:unifiedlog,"softwareupdated/homebrew/install logs, pkginstalld events",DC0059,File Metadata
AN0024,Windows,WinEventLog:Security,EventCode=4698,DC0001,Scheduled Job Creation
AN0024,Windows,WinEventLog:Security,EventCode=4657,DC0063,Windows Registry Key Modification
AN0024,Windows,WinEventLog:Sysmon,EventCode=1,DC0032,Process Creation
AN0024,Windows,WinEventLog:WMI,"Creation or modification of __EventFilter, __FilterToConsumerBinding, or CommandLineEventConsumer",DC0008,WMI Creation
AN0025,Linux,auditd:SYSCALL,Inotify watch creation or auditctl changes on /etc/cron* or /lib/systemd/system/,DC0059,File Metadata
AN0025,Linux,auditd:SYSCALL,Execution of script interpreters by systemd timer (ExecStart),DC0064,Command Execution
AN0025,Linux,linux:syslog,Execution of non-standard script or binary by cron,DC0001,Scheduled Job Creation
AN0026,macOS,macos:unifiedlog,Modification of ~/Library/LaunchAgents or /Library/LaunchDaemons plist,DC0061,File Modification
AN0026,macOS,macos:unifiedlog,Execution of launchctl with suspicious arguments,DC0032,Process Creation
AN0027,IaaS,AWS:CloudTrail,CreateFunction,DC0069,Cloud Service Modification
AN0027,IaaS,AWS:CloudTrail,InvokeFunction,DC0064,Command Execution
AN0028,SaaS,m365:unified,Creation of Power Automate flow triggered by OneDrive or Exchange event,DC0069,Cloud Service Modification
AN0028,SaaS,m365:unified,Automated forwarding or file sync initiated by a logic app,DC0064,Command Execution
AN0029,Office Suite,m365:office,"VBA auto_open, auto_close, or document_open events",DC0029,Script Execution
AN0029,Office Suite,m365:office,External HTTP/DNS connection from Office binary shortly after macro trigger,DC0085,Network Traffic Content
AN0030,Windows,NSM:Flow,TCP/UDP,DC0085,Network Traffic Content
AN0030,Windows,WinEventLog:Sysmon,"EventCode=3, 22",DC0082,Network Connection Creation
AN0030,Windows,WinEventLog:Sysmon,EventCode=10,DC0035,Process Access
AN0031,Linux,NSM:Flow,TCP session tracking,DC0085,Network Traffic Content
AN0031,Linux,auditd:SYSCALL,execve network tools,DC0032,Process Creation
AN0032,macOS,NSM:Flow,session behavior,DC0085,Network Traffic Content
AN0032,macOS,macos:osquery,process_events,DC0032,Process Creation
AN0032,macOS,macos:unifiedlog,connection attempts,DC0082,Network Connection Creation
AN0033,ESXi,esxi:hostd,System service interactions,DC0082,Network Connection Creation
AN0033,ESXi,esxi:vmkernel,Network activity,DC0085,Network Traffic Content
AN0034,Windows,WinEventLog:Sysmon,EventCode=11,DC0039,File Creation
AN0034,Windows,WinEventLog:Sysmon,EventCode=1,DC0032,Process Creation
AN0035,Linux,auditd:SYSCALL,execve calls to soffice.bin with suspicious macro execution flags,DC0032,Process Creation
AN0035,Linux,linux:syslog,Discrepancies in _VBA_PROJECT p-code vs source code extracted with oletools/pcodedmp,DC0059,File Metadata
AN0036,macOS,macos:unifiedlog,"Process execution of Microsoft Word, Excel, PowerPoint with macro execution attempts",DC0032,Process Creation
AN0036,macOS,macos:unifiedlog,Detection of altered _VBA_PROJECT or PerformanceCache streams,DC0059,File Metadata
AN0037,Windows,WinEventLog:PowerShell,"EventCode=4103, 4104, 4105, 4106",DC0064,Command Execution
AN0037,Windows,WinEventLog:Sysmon,EventCode=1,DC0032,Process Creation
AN0037,Windows,WinEventLog:Sysmon,EventCode=11,DC0039,File Creation
AN0038,Linux,auditd:SYSCALL,"open, read, or stat of browser config files",DC0055,File Access
AN0038,Linux,linux:syslog,Suspicious script or command execution targeting browser folders,DC0064,Command Execution
AN0039,macOS,macos:osquery,process reading browser configuration paths,DC0032,Process Creation
AN0039,macOS,macos:unifiedlog,Access to ~/Library/*/Safari or Chrome directories by non-browser processes,DC0055,File Access
AN0040,Windows,WinEventLog:Security,"EventCode=4663, 4670, 4656",DC0055,File Access
AN0040,Windows,WinEventLog:Sysmon,EventCode=11,DC0039,File Creation
AN0040,Windows,WinEventLog:Sysmon,EventCode=1,DC0032,Process Creation
AN0041,Linux,auditd:SYSCALL,creat,DC0039,File Creation
AN0041,Linux,auditd:SYSCALL,execve,DC0032,Process Creation
AN0042,macOS,macos:unifiedlog,file events,DC0055,File Access
AN0042,macOS,macos:unifiedlog,exec logs,DC0032,Process Creation
AN0043,IaaS,AWS:CloudTrail,"GetObject, CopyObject",DC0025,Cloud Storage Access
AN0043,IaaS,gcp:audit,Write operations to storage,DC0055,File Access
AN0044,ESXi,esxi:shell,"snapshot create/copy, esxcli",DC0064,Command Execution
AN0044,ESXi,esxi:vmkernel,VMFS access logs,DC0055,File Access
AN0045,Windows,WinEventLog:Security,EventCode=4688,DC0032,Process Creation
AN0045,Windows,WinEventLog:Sysmon,EventCode=5,DC0033,Process Termination
AN0046,Linux,auditd:SYSCALL,"execve: Commands like systemctl stop <service>, service <service> stop, or kill -9 <pid>",DC0064,Command Execution
AN0046,Linux,linux:syslog,Unexpected termination of daemons or critical services not aligned with admin change tickets,DC0033,Process Termination
AN0047,macOS,macos:osquery,process_termination: Unexpected termination of processes tied to vulnerable or high-value services,DC0033,Process Termination
AN0047,macOS,macos:unifiedlog,"launchctl unload, kill, or pkill commands affecting daemons or background services",DC0064,Command Execution
AN0048,Windows,WinEventLog:Security,EventCode=4688,DC0032,Process Creation
AN0048,Windows,WinEventLog:Sysmon,EventCode=7,DC0016,Module Load
AN0049,Linux,auditd:SYSCALL,execve,DC0032,Process Creation
AN0050,macOS,auditd:SYSCALL,execve,DC0032,Process Creation
AN0050,macOS,macos:unifiedlog,execution of security-agent detection or enumeration commands,DC0064,Command Execution
AN0051,Windows,WinEventLog:Security,EventCode=4657,DC0063,Windows Registry Key Modification
AN0051,Windows,WinEventLog:Sysmon,EventCode=1,DC0032,Process Creation
AN0051,Windows,WinEventLog:Sysmon,EventCode=7,DC0016,Module Load
AN0051,Windows,WinEventLog:Sysmon,EventCode=11,DC0039,File Creation
AN0052,Windows,WinEventLog:Microsoft-Windows-CodeIntegrity/Operational,CodeIntegrity/WDAC events indicating unsigned/invalid DLL loads,DC0034,Process Metadata
AN0052,Windows,WinEventLog:Security,EventCode=4688,DC0032,Process Creation
AN0052,Windows,WinEventLog:Sysmon,EventCode=7,DC0016,Module Load
AN0052,Windows,WinEventLog:Sysmon,EventCode=11,DC0039,File Creation
AN0052,Windows,WinEventLog:Sysmon,"EventCode=3, 22",DC0082,Network Connection Creation
AN0053,Linux,NSM:Flow,http/file-xfer: Inbound/outbound transfer of ELF shared objects,DC0085,Network Traffic Content
AN0053,Linux,auditd:EXECVE,execve: Processes launched with LD_PRELOAD/LD_LIBRARY_PATH pointing to non-system dirs,DC0032,Process Creation
AN0053,Linux,auditd:SYSCALL,openat/read/mmap: Open/mmap .so files from non-standard paths,DC0016,Module Load
AN0053,Linux,linux:syslog,sudo or service accounts invoking loaders with suspicious env vars,DC0034,Process Metadata
AN0054,macOS,macos:endpointsecurity,exec: Process execution context for loaders calling dlopen/dlsym,DC0032,Process Creation
AN0054,macOS,macos:endpointsecurity,ES_EVENT_TYPE_NOTIFY_OPEN: Open of .dylib/.so in user-writable locations,DC0055,File Access
AN0054,macOS,macos:unifiedlog,dyld/unified log entries indicating image load from non-system paths,DC0016,Module Load
AN0055,Windows,EDR:file,"File Metadata Inspection (Low String Entropy, Missing PDB)",DC0059,File Metadata
AN0055,Windows,WinEventLog:Sysmon,EventCode=1,DC0032,Process Creation
AN0055,Windows,WinEventLog:Sysmon,EventCode=11,DC0039,File Creation
AN0056,Linux,auditd:EXECVE,EXECVE,DC0032,Process Creation
AN0056,Linux,auditd:SYSCALL,"open, write",DC0061,File Modification
AN0056,Linux,linux:osquery,"hash, elf_info, file_metadata",DC0059,File Metadata
AN0057,macOS,macos:endpointsecurity,ES_EVENT_TYPE_NOTIFY_EXEC,DC0032,Process Creation
AN0057,macOS,macos:osquery,"code_signing, file_metadata",DC0059,File Metadata
AN0057,macOS,macos:unifiedlog,file write,DC0039,File Creation
AN0058,Network Devices,NSM:Flow,"http.log, files.log",DC0085,Network Traffic Content
AN0059,Linux,NSM:Flow,unexpected network activity initiated shortly after shell session starts,DC0085,Network Traffic Content
AN0059,Linux,auditd:EXECVE,execution of unexpected binaries during user shell startup,DC0032,Process Creation
AN0059,Linux,auditd:SYSCALL,"AUDIT_SYSCALL (open, write, rename, unlink)",DC0061,File Modification
AN0060,macOS,macos:endpointsecurity,"ES_EVENT_TYPE_NOTIFY_WRITE, targeting .zshrc, .zlogin, .zprofile",DC0061,File Modification
AN0060,macOS,macos:unifiedlog,launch of Terminal.app or shell with non-standard environment setup,DC0032,Process Creation
AN0061,Windows,WinEventLog:Security,EventCode=4672,DC0088,Logon Session Metadata
AN0061,Windows,WinEventLog:Sysmon,EventCode=1,DC0032,Process Creation
AN0061,Windows,WinEventLog:Sysmon,EventCode=4,DC0041,Service Metadata
AN0061,Windows,WinEventLog:System,EventCode=7036,DC0060,Service Creation
AN0062,Linux,auditd:SYSCALL,execve of systemctl or service stop,DC0032,Process Creation
AN0062,Linux,auditd:SYSCALL,unlink/unlinkat on service binaries or data targets,DC0040,File Deletion
AN0062,Linux,linux:syslog,service stopped messages,DC0041,Service Metadata
AN0063,macOS,auditd:SYSCALL,execve of launchctl or pkill,DC0032,Process Creation
AN0063,macOS,macos:unifiedlog,launchctl disable or bootout calls,DC0041,Service Metadata
AN0064,ESXi,esxi:hostd,Stop VM or disable service events via vim-cmd,DC0041,Service Metadata
AN0064,ESXi,esxi:hostd,Log entries indicating VM powered off or forcibly terminated,DC0033,Process Termination
AN0065,Windows,NSM:Flow,HTTP/WebDAV requests that contain NTLMSSP or PROPFIND/MOVE/OPTIONS with Authorization: NTLM,DC0085,Network Traffic Content
AN0065,Windows,NSM:Flow,"Outbound connections to TCP 139,445 and HTTP/HTTPS to WebDAV endpoints from workstation subnets",DC0078,Network Traffic Flow
AN0065,Windows,WinEventLog:Security,"EventCode=4663, 4670, 4656",DC0061,File Modification
AN0065,Windows,WinEventLog:Sysmon,EventCode=11,DC0039,File Creation
AN0066,Windows,WinEventLog:Sysmon,EventCode=10,DC0035,Process Access
AN0066,Windows,WinEventLog:Sysmon,EventCode=1,DC0032,Process Creation
AN0067,Linux,auditd:SYSCALL,execve,DC0032,Process Creation
AN0067,Linux,auditd:SYSCALL,mprotect,DC0020,Process Modification
AN0068,macOS,macos:endpointsecurity,ES_EVENT_MMAP,DC0020,Process Modification
AN0068,macOS,macos:unifiedlog,process::exec,DC0032,Process Creation
AN0069,Linux,auditd:SYSCALL,open: File access attempt on /tmp/krb5cc_* or /tmp/krb5.ccache,DC0055,File Access
AN0069,Linux,auditd:SYSCALL,"execve: Execution of klist, kinit, or tools interacting with ccache outside normal user context",DC0032,Process Creation
AN0070,macOS,macos:osquery,Execution of non-standard binaries accessing Kerberos APIs,DC0032,Process Creation
AN0070,macOS,macos:unifiedlog,Kerberos framework calls to API:{uuid} cache outside normal process lineage,DC0055,File Access
AN0071,Windows,WinEventLog:Sysmon,EventCode=1,DC0032,Process Creation
AN0071,Windows,WinEventLog:Sysmon,EventCode=11,DC0039,File Creation
AN0071,Windows,WinEventLog:Sysmon,EventCode=7,DC0016,Module Load
AN0071,Windows,WinEventLog:Sysmon,"EventCode=3, 22",DC0082,Network Connection Creation
AN0072,Linux,WinEventLog:Sysmon,EventCode=11,DC0039,File Creation
AN0072,Linux,auditd:SYSCALL,execve: Electron-based binary spawning shell or script interpreter,DC0032,Process Creation
AN0073,macOS,macos:osquery,CREATE/MODIFY: Modification of app.asar inside .app bundle,DC0039,File Creation
AN0073,macOS,macos:unifiedlog,Electron app spawning unexpected child process,DC0032,Process Creation
AN0074,Windows,WinEventLog:Sysmon,"EventCode=13, 14",DC0063,Windows Registry Key Modification
AN0074,Windows,WinEventLog:Sysmon,EventCode=11,DC0039,File Creation
AN0074,Windows,WinEventLog:Sysmon,EventCode=7,DC0016,Module Load
AN0074,Windows,WinEventLog:Sysmon,EventCode=10,DC0035,Process Access
AN0075,Windows,NSM:Flow,"http.log, ssl.log",DC0085,Network Traffic Content
AN0075,Windows,WinEventLog:Sysmon,"EventCode=3, 22",DC0082,Network Connection Creation
AN0076,Linux,NSM:Flow,"http.log, conn.log",DC0085,Network Traffic Content
AN0076,Linux,auditd:SYSCALL,execve,DC0032,Process Creation
AN0077,macOS,macos:osquery,socket_events,DC0078,Network Traffic Flow
AN0077,macOS,macos:unifiedlog,log stream --predicate,DC0064,Command Execution
AN0078,ESXi,NSM:Flow,SPAN or port-mirrored HTTP/S,DC0085,Network Traffic Content
AN0078,ESXi,esxi:shell,/root/.ash_history or /etc/init.d/*,DC0032,Process Creation
AN0079,Network Devices,NSM:Flow,"http.log, ssl.log, websocket.log",DC0085,Network Traffic Content
AN0080,Windows,WinEventLog:Sysmon,"EventCode=3, 22",DC0082,Network Connection Creation
AN0080,Windows,WinEventLog:Sysmon,EventCode=1,DC0032,Process Creation
AN0081,Linux,NSM:Flow,large outbound data flows or long-duration connections,DC0078,Network Traffic Flow
AN0081,Linux,auditd:SYSCALL,execve calls with high-frequency or known bandwidth-intensive tools,DC0032,Process Creation
AN0082,macOS,macos:unifiedlog,process + network metrics correlation for bandwidth saturation,DC0085,Network Traffic Content
AN0082,macOS,macos:unifiedlog,exec or spawn calls to proxy tools or torrent clients,DC0032,Process Creation
AN0083,Containers,containers:osquery,bandwidth-intensive command execution from within a container namespace,DC0032,Process Creation
AN0083,Containers,docker:stats,unusual network TX/RX byte deltas,DC0085,Network Traffic Content
AN0084,IaaS,AWS:CloudTrail,StartInstances,DC0080,Instance Start
AN0084,IaaS,AWS:VPCFlowLogs,egress > 90th percentile or frequent connection reuse,DC0078,Network Traffic Flow
AN0085,Windows,WinEventLog:Application,Outlook errors loading or processing custom form templates,DC0038,Application Log Content
AN0085,Windows,WinEventLog:PowerShell,Execution of Microsoft script to enumerate custom forms in Outlook mailbox,DC0064,Command Execution
AN0085,Windows,WinEventLog:Sysmon,EventCode=1,DC0032,Process Creation
AN0085,Windows,WinEventLog:Sysmon,EventCode=7,DC0016,Module Load
AN0086,Office Suite,m365:messagetrace,Inbound email triggers execution of mailbox-stored custom form,DC0064,Command Execution
AN0086,Office Suite,m365:unified,"Unusual form activity within Outlook client, including load of non-default forms",DC0038,Application Log Content
AN0087,IaaS,AWS:CloudTrail,"PutUserPolicy, PutGroupPolicy, PutRolePolicy, CreatePolicyVersion",DC0069,Cloud Service Modification
AN0088,Identity Provider,azure:activity,Update conditionalAccessPolicy,DC0066,Active Directory Object Modification
AN0088,Identity Provider,saas:okta,Conditional Access policy rule modified or MFA requirement disabled,DC0038,Application Log Content
AN0089,Windows,WinEventLog:PowerShell,"EventCode=4103, 4104, 4105, 4106",DC0064,Command Execution
AN0089,Windows,WinEventLog:Sysmon,EventCode=1,DC0032,Process Creation
AN0089,Windows,WinEventLog:Windows Defender,Operational log,DC0059,File Metadata
AN0090,macOS,fs:fileevents,/var/log/install.log,DC0061,File Modification
AN0090,macOS,macos:endpointsecurity,ES_EVENT_TYPE_NOTIFY_EXEC,DC0032,Process Creation
AN0090,macOS,macos:unifiedlog,subsystem:syspolicyd,DC0059,File Metadata
AN0091,Windows,WinEventLog:Sysmon,EventCode=1,DC0032,Process Creation
AN0091,Windows,WinEventLog:Sysmon,EventCode=11,DC0039,File Creation
AN0092,Linux,auditd:EXECVE,Use of mv or cp to rename files with '.' prefix,DC0064,Command Execution
AN0092,Linux,auditd:FILE,File creation with name starting with '.',DC0039,File Creation
AN0093,macOS,macos:unifiedlog,Execution of chflags hidden or SetFile -a V,DC0064,Command Execution
AN0093,macOS,macos:unifiedlog,File metadata updated with UF_HIDDEN flag,DC0059,File Metadata
AN0094,Windows,WinEventLog:Sysmon,EventCode=11,DC0039,File Creation
AN0094,Windows,WinEventLog:Sysmon,EventCode=1,DC0032,Process Creation
AN0094,Windows,WinEventLog:Sysmon,"EventCode=13, 14",DC0063,Windows Registry Key Modification
AN0094,Windows,WinEventLog:Sysmon,EventCode=15,DC0059,File Metadata
AN0095,Windows,WinEventLog:Security,EventCode=4688,DC0032,Process Creation
AN0095,Windows,WinEventLog:Sysmon,EventCode=10,DC0035,Process Access
AN0096,Linux,auditd:SYSCALL,execve,DC0032,Process Creation
AN0096,Linux,auditd:SYSCALL,openat,DC0055,File Access
AN0096,Linux,linux:osquery,Process State,DC0035,Process Access
AN0097,macOS,macos:osquery,Process Context,DC0034,Process Metadata
AN0097,macOS,macos:unifiedlog,process launch,DC0032,Process Creation
AN0098,ESXi,esxi:auth,user session,DC0034,Process Metadata
AN0098,ESXi,esxi:shell,interactive shell,DC0064,Command Execution
AN0099,Network Devices,networkdevice:cli,CLI command,DC0064,Command Execution
AN0099,Network Devices,networkdevice:syslog,Admin activity,DC0034,Process Metadata
AN0100,Windows,WinEventLog:Sysmon,"EventCode=3, 22",DC0082,Network Connection Creation
AN0100,Windows,WinEventLog:Sysmon,EventCode=1,DC0032,Process Creation
AN0100,Windows,etw:Microsoft-Windows-WinINet,HTTPS Inspection,DC0085,Network Traffic Content
AN0101,Linux,NSM:Flow,conn.log,DC0078,Network Traffic Flow
AN0101,Linux,NSM:Flow,ssl.log,DC0085,Network Traffic Content
AN0101,Linux,auditd:SYSCALL,execve,DC0032,Process Creation
AN0102,macOS,NSM:Connections,web domain alerts,DC0082,Network Connection Creation
AN0102,macOS,macos:unifiedlog,"log stream --info --predicate 'subsystem == ""com.apple.cfprefsd""'",DC0032,Process Creation
AN0103,Identity Provider,ApplicationLog:EntraIDPortal,DeviceRegistration events,DC0038,Application Log Content
AN0103,Identity Provider,azure:audit,"Operation IN (""Add device"", ""Add registered users to device"", ""Add registered owner to device"")",DC0010,User Account Modification
AN0103,Identity Provider,azure:audit,New device object creation,DC0087,Active Directory Object Creation
AN0104,Windows,ApplicationLog:Intune/MDM Logs,"Enrollment events (e.g., MDMDeviceRegistration)",DC0038,Application Log Content
AN0104,Windows,WinEventLog:Security,Device Object Creation,DC0087,Active Directory Object Creation
AN0105,Windows,WinEventLog:Security,"EventCode=4663, 4670, 4656",DC0055,File Access
AN0105,Windows,WinEventLog:Sysmon,EventCode=10,DC0035,Process Access
AN0105,Windows,WinEventLog:Sysmon,EventCode=1,DC0032,Process Creation
AN0106,Linux,auditd:FILE,/home/*/.mozilla/firefox/*/logins.json OR /home/*/.config/google-chrome/*/Login Data,DC0055,File Access
AN0106,Linux,auditd:SYSCALL,ptrace attach,DC0035,Process Access
AN0107,macOS,macos:unifiedlog,"execution of security, sqlite3, or unauthorized binaries",DC0032,Process Creation
AN0107,macOS,macos:unifiedlog,~/Library/Application Support/Google/Chrome/*/Login Data OR ~/Library/Application Support/Firefox/*/logins.json,DC0055,File Access
AN0108,Windows,WinEventLog:Sysmon,EventCode=11,DC0039,File Creation
AN0108,Windows,WinEventLog:Sysmon,EventCode=15,DC0059,File Metadata
AN0108,Windows,WinEventLog:Sysmon,EventCode=1,DC0032,Process Creation
AN0108,Windows,WinEventLog:Sysmon,EventCode=7,DC0016,Module Load
AN0109,Windows,WinEventLog:Sysmon,"EventCode=3, 22",DC0082,Network Connection Creation
AN0109,Windows,WinEventLog:Sysmon,EventCode=1,DC0032,Process Creation
AN0110,Linux,auditd:SYSCALL,socket/connect,DC0078,Network Traffic Flow
AN0110,Linux,linux:syslog,Query to suspicious domain with high entropy or low reputation,DC0085,Network Traffic Content
AN0111,macOS,macos:unifiedlog,DNS query with pseudo-random subdomain patterns,DC0085,Network Traffic Content
AN0111,macOS,macos:unifiedlog,Unexpected applications generating outbound DNS queries,DC0032,Process Creation
AN0112,ESXi,esxi:syslog,esxcli network vswitch or DNS resolver configuration updates,DC0078,Network Traffic Flow
AN0113,Windows,WinEventLog:Security,"EventCode=4726, 4657",DC0009,User Account Deletion
AN0113,Windows,WinEventLog:Security,EventCode=4657,DC0063,Windows Registry Key Modification
AN0113,Windows,WinEventLog:Sysmon,EventCode=1,DC0032,Process Creation
AN0113,Windows,WinEventLog:TaskScheduler,EventCode=106,DC0001,Scheduled Job Creation
AN0114,Linux,auditd:SYSCALL,execve,DC0032,Process Creation
AN0114,Linux,auditd:SYSCALL,file deletion,DC0040,File Deletion
AN0115,macOS,macos:osquery,file_events,DC0040,File Deletion
AN0115,macOS,macos:unifiedlog,log stream,DC0064,Command Execution
AN0116,ESXi,esxi:shell,shell history,DC0040,File Deletion
AN0116,ESXi,esxi:vmkernel,/var/log/vmkernel.log,DC0064,Command Execution
AN0117,IaaS,AWS:CloudTrail,"PutBucketLifecycle, PutLifecycleConfiguration, SetBucketLifecycle, storage.buckets.update",DC0023,Cloud Storage Modification
AN0118,Windows,WinEventLog:Sysmon,EventCode=1,DC0032,Process Creation
AN0118,Windows,WinEventLog:Sysmon,EventCode=7,DC0016,Module Load
AN0118,Windows,WinEventLog:Sysmon,"EventCode=13, 14",DC0063,Windows Registry Key Modification
AN0118,Windows,WinEventLog:Sysmon,"EventCode=3, 22",DC0082,Network Connection Creation
AN0119,Windows,WinEventLog:Security,EventCode=4688,DC0032,Process Creation
AN0119,Windows,etw:Microsoft-Windows-Kernel-Base,"GetLocaleInfoW, GetTimeZoneInformation API calls",DC0021,OS API Execution
AN0120,Linux,auditd:SYSCALL,"execve calls to locale, timedatectl, or cat /etc/timezone",DC0064,Command Execution
AN0120,Linux,linux:Sysmon,EventCode=1,DC0032,Process Creation
AN0121,macOS,macos:osquery,execve,DC0032,Process Creation
AN0121,macOS,macos:unifiedlog,"defaults read -g AppleLocale, systemsetup -gettimezone",DC0064,Command Execution
AN0122,IaaS,AWS:CloudTrail,"GetMetadata, DescribeInstanceIdentity",DC0021,OS API Execution
AN0122,IaaS,azure:vpcflow,HTTP requests to 169.254.169.254 or Azure Metadata endpoints,DC0085,Network Traffic Content
AN0123,Windows,WinEventLog:Security,EventCode=4688,DC0032,Process Creation
AN0123,Windows,WinEventLog:Sysmon,EventCode=11,DC0039,File Creation
AN0123,Windows,WinEventLog:Sysmon,"EventCode=3, 22",DC0082,Network Connection Creation
AN0123,Windows,WinEventLog:Sysmon,"EventCode=13, 14",DC0063,Windows Registry Key Modification
AN0124,macOS,macos:unifiedlog,profiles install -type=configuration,DC0064,Command Execution
AN0124,macOS,macos:unifiedlog,Creation or modification of browser extension .plist files,DC0039,File Creation
AN0124,macOS,macos:unifiedlog,Unexpected child process of Safari or Chrome,DC0032,Process Creation
AN0125,Linux,NSM:Flow,Browser connections to known C2 or dynamic DNS domains,DC0085,Network Traffic Content
AN0125,Linux,auditd:SYSCALL,open,DC0055,File Access
AN0125,Linux,auditd:SYSCALL,execve,DC0032,Process Creation
AN0126,Windows,WinEventLog:Security,EventCode=4688,DC0032,Process Creation
AN0126,Windows,WinEventLog:Sysmon,EventCode=10,DC0035,Process Access
AN0127,Windows,WinEventLog:Sysmon,EventCode=1,DC0032,Process Creation
AN0127,Windows,WinEventLog:Sysmon,EventCode=7,DC0016,Module Load
AN0128,Linux,auditd:SYSCALL,"execve or syscall invoking vm artifact check commands (e.g., dmidecode, lspci, dmesg)",DC0032,Process Creation
AN0128,Linux,auditd:SYSCALL,"sleep function usage or loops (nanosleep, usleep) in scripts",DC0064,Command Execution
AN0129,macOS,macos:unifiedlog,"execution of system_profiler, ioreg, kextstat with argument patterns related to VM/sandbox checks",DC0032,Process Creation
AN0129,macOS,macos:unifiedlog,dynamic loading of sleep-related functions or sandbox detection libraries,DC0016,Module Load
AN0130,Windows,WinEventLog:Security,"EventCode=4663, 4670, 4656",DC0055,File Access
AN0130,Windows,WinEventLog:Sysmon,EventCode=1,DC0032,Process Creation
AN0130,Windows,WinEventLog:Sysmon,EventCode=11,DC0039,File Creation
AN0130,Windows,WinEventLog:Sysmon,"EventCode=3, 22",DC0082,Network Connection Creation
AN0131,Windows,WinEventLog:PowerShell,"EventCode=4103, 4104, 4105, 4106",DC0064,Command Execution
AN0131,Windows,WinEventLog:Sysmon,"EventCode=3, 22",DC0082,Network Connection Creation
AN0131,Windows,azure:signinlogs,"Abnormal sign-in from scripting tools (PowerShell, AADInternals)",DC0067,Logon Session Creation
AN0131,Windows,m365:purview,MailItemsAccessed & Exchange Audit,DC0038,Application Log Content
AN0132,Office Suite,azure:signinlogs,Suspicious login to cloud mailbox system,DC0067,Logon Session Creation
AN0132,Office Suite,m365:purview,"MailItemsAccessed, Search-Mailbox events",DC0038,Application Log Content
AN0132,Office Suite,m365:unified,"Search-Mailbox, Get-MessageTrace, eDiscovery requests",DC0064,Command Execution
AN0133,Windows,EDR:cli,Command Line Telemetry,DC0064,Command Execution
AN0133,Windows,WinEventLog:Security,"EventCode=4663, 4670, 4656",DC0063,Windows Registry Key Modification
AN0133,Windows,WinEventLog:Security,Firewall Rule Modification,DC0051,Firewall Rule Modification
AN0133,Windows,WinEventLog:Sysmon,EventCode=1,DC0032,Process Creation
AN0134,Linux,auditd:SYSCALL,execve,DC0032,Process Creation
AN0134,Linux,auditd:SYSCALL,PATH,DC0061,File Modification
AN0135,macOS,macos:osquery,file_events,DC0061,File Modification
AN0135,macOS,macos:unifiedlog,"log stream --predicate 'eventMessage contains ""loginwindow"" or ""pfctl""'",DC0064,Command Execution
AN0136,Network Devices,NSM:Flow,Session History Reset,DC0085,Network Traffic Content
AN0136,Network Devices,networkdevice:syslog,Command Audit / Configuration Change,DC0064,Command Execution
AN0137,Windows,WinEventLog:Sysmon,EventCode=1,DC0032,Process Creation
AN0137,Windows,WinEventLog:Sysmon,EventCode=11,DC0039,File Creation
AN0137,Windows,WinEventLog:Sysmon,EventCode=2,DC0061,File Modification
AN0137,Windows,WinEventLog:Sysmon,"EventCode=13, 14",DC0063,Windows Registry Key Modification
AN0138,Office Suite,WinEventLog:Application,"Office Add-in load errors, abnormal loading context, or unsigned add-in warnings",DC0038,Application Log Content
AN0138,Office Suite,WinEventLog:Microsoft-Office/OutlookAddinMonitor,Outlook loading add-in via unexpected load path or non-default profile context,DC0064,Command Execution
AN0139,Windows,WinEventLog:Security,"EventCode=4663, 4670, 4656",DC0055,File Access
AN0139,Windows,WinEventLog:Sysmon,EventCode=11,DC0039,File Creation
AN0140,Linux,auditd:PATH,file path matches exclusion directories,DC0059,File Metadata
AN0140,Linux,auditd:SYSCALL,open or creat syscalls targeting excluded paths,DC0039,File Creation
AN0141,macOS,macos:unifiedlog,file creation in AV exclusion directories,DC0039,File Creation
AN0141,macOS,macos:unifiedlog,process writes or modifies files in excluded paths,DC0032,Process Creation
AN0142,Linux,auditd:SYSCALL,execve call for sudo where euid != uid,DC0034,Process Metadata
AN0142,Linux,auditd:SYSCALL,execve call for modification of /etc/sudoers or writing to /var/db/sudo,DC0061,File Modification
AN0143,macOS,macos:unifiedlog,exec or sudo usage with NOPASSWD context or echo modifying sudoers,DC0064,Command Execution
AN0143,macOS,macos:unifiedlog,Terminal process killed (killall Terminal) immediately after sudoers modification,DC0033,Process Termination
AN0144,Windows,NSM:Flow,HTTP ,DC0085,Network Traffic Content
AN0145,Linux,auditd:SYSCALL,connect,DC0082,Network Connection Creation
AN0146,macOS,macos:unifiedlog,network flow,DC0085,Network Traffic Content
AN0146,macOS,macos:unifiedlog,process,DC0032,Process Creation
AN0147,Windows,WinEventLog:Security,"EventCode=4624, 4648",DC0067,Logon Session Creation
AN0147,Windows,WinEventLog:Security,EventCode=4625,DC0002,User Account Authentication
AN0147,Windows,WinEventLog:Security,EventCode=4672,DC0088,Logon Session Metadata
AN0147,Windows,WinEventLog:Sysmon,EventCode=1,DC0032,Process Creation
AN0147,Windows,m365:unified,"SendOnBehalf, MessageSend, ClickThrough, MailItemsAccessed",DC0038,Application Log Content
AN0148,Linux,Application:Mail,smtpd$.*$: .*from=[.*@internaldomain.com](mailto:.*@internaldomain.com) to=[.*@internaldomain.com](mailto:.*@internaldomain.com),DC0038,Application Log Content
AN0148,Linux,auditd:SYSCALL,execve,DC0032,Process Creation
AN0148,Linux,linux:syslog,curl|wget|python .*http,DC0085,Network Traffic Content
AN0149,macOS,macos:unifiedlog,com.apple.mail.* exec.*,DC0032,Process Creation
AN0149,macOS,macos:unifiedlog,curl|osascript.*open location,DC0085,Network Traffic Content
AN0150,SaaS,saas:slack,"file_upload, message_send, message_click",DC0038,Application Log Content
AN0151,Office Suite,WinEventLog:Security,"EventCode=4103, 4104, 4105, 4106",DC0064,Command Execution
AN0151,Office Suite,m365:unified,"SendOnBehalf, MessageSend, AttachmentPreviewed",DC0038,Application Log Content
AN0152,Windows,NSM:Flow,query: High-volume LDAP traffic with filters targeting groupPolicyContainer attributes,DC0085,Network Traffic Content
AN0152,Windows,WinEventLog:PowerShell,"EventCode=4103, 4104, 4105, 4106",DC0064,Command Execution
AN0152,Windows,WinEventLog:Security,EventCode=4661,DC0071,Active Directory Object Access
AN0152,Windows,WinEventLog:Sysmon,EventCode=1,DC0032,Process Creation
AN0153,Windows,WinEventLog:Security,EventCode=4657,DC0063,Windows Registry Key Modification
AN0153,Windows,WinEventLog:Sysmon,EventCode=12,DC0056,Windows Registry Key Creation
AN0153,Windows,WinEventLog:Sysmon,EventCode=1,DC0032,Process Creation
AN0154,Linux,auditd:EXECVE,execve: Execution of update-ca-certificates or trust anchor modification commands,DC0064,Command Execution
AN0154,Linux,auditd:SYSCALL,"open, write: File modifications under /etc/ssl/certs, /usr/local/share/ca-certificates, or /etc/pki/ca-trust/source/anchors",DC0061,File Modification
AN0155,macOS,macos:osquery,query: Enumeration of root certificates showing unexpected additions,DC0061,File Modification
AN0155,macOS,macos:unifiedlog,Execution of /usr/bin/security add-trusted-cert or keychain modifications to System.keychain,DC0064,Command Execution
AN0156,macOS,macos:unifiedlog,ptrace or task_for_pid,DC0035,Process Access
AN0156,macOS,macos:unifiedlog,"execution of memory inspection tools (lldb, gdb, osqueryi)",DC0032,Process Creation
AN0157,Linux,auditd:EXECVE,"gcore, gdb, strings, hexdump execution",DC0064,Command Execution
AN0157,Linux,auditd:FILE,/proc/*/mem read attempt,DC0055,File Access
AN0157,Linux,auditd:SYSCALL,ptrace attach,DC0035,Process Access
AN0158,Windows,WinEventLog:Sysmon,"EventCode=3, 22",DC0082,Network Connection Creation
AN0158,Windows,etw:Microsoft-Windows-NDIS-PacketCapture,TLS Handshake/Network Flow,DC0085,Network Traffic Content
AN0159,Linux,NSM:Flow,HTTP/TLS Logs,DC0085,Network Traffic Content
AN0159,Linux,auditd:SYSCALL,connect,DC0082,Network Connection Creation
AN0160,macOS,macos:osquery,process_events/socket_events,DC0082,Network Connection Creation
AN0160,macOS,macos:unifiedlog,subsystem: com.apple.network,DC0085,Network Traffic Content
AN0161,ESXi,NSM:Firewall,Outbound Connections,DC0082,Network Connection Creation
AN0161,ESXi,esxi:vobd,Network Events,DC0078,Network Traffic Flow
AN0162,Windows,WinEventLog:Security,"EventCode=4663, 4670, 4656",DC0055,File Access
AN0162,Windows,WinEventLog:Sysmon,EventCode=11,DC0039,File Creation
AN0162,Windows,WinEventLog:Sysmon,EventCode=2,DC0061,File Modification
AN0162,Windows,WinEventLog:Sysmon,EventCode=15,DC0059,File Metadata
AN0163,Linux,auditd:SYSCALL,"open, unlink, rename: Suspicious file access, deletion, or modification of sensitive paths",DC0061,File Modification
AN0163,Linux,linux:syslog,Unexpected SQL or application log entries showing tampered or malformed data,DC0085,Network Traffic Content
AN0164,macOS,macos:osquery,"open, execve: Unexpected processes accessing or modifying critical files",DC0021,OS API Execution
AN0164,macOS,macos:unifiedlog,Anomalous plist modifications or sensitive file overwrites by non-standard processes,DC0061,File Modification
AN0165,Windows,WinEventLog:Sysmon,"EventCode=3, 22",DC0082,Network Connection Creation
AN0165,Windows,WinEventLog:Sysmon,EventCode=11,DC0039,File Creation
AN0165,Windows,WinEventLog:Sysmon,EventCode=1,DC0032,Process Creation
AN0166,Linux,auditd:SYSCALL,"connect, execve, write",DC0064,Command Execution
AN0166,Linux,auditd:SYSCALL,file creation/modification,DC0039,File Creation
AN0166,Linux,iptables:LOG,TCP connections,DC0078,Network Traffic Flow
AN0167,macOS,macos:endpointsecurity,ES_EVENT_TYPE_NOTIFY_EXEC,DC0032,Process Creation
AN0167,macOS,macos:unifiedlog,file write/create,DC0039,File Creation
AN0167,macOS,macos:unifiedlog,connection open,DC0082,Network Connection Creation
AN0168,ESXi,esxi:hostd,command execution,DC0064,Command Execution
AN0168,ESXi,esxi:vmkernel,file write,DC0039,File Creation
AN0169,Network Devices,NSM:Flow,connection metadata,DC0078,Network Traffic Flow
AN0169,Network Devices,snmp:syslog,firmware write/log event,DC0039,File Creation
AN0170,Windows,WinEventLog:Security,EventCode=4672,DC0088,Logon Session Metadata
AN0170,Windows,WinEventLog:Sysmon,"EventCode=13, 14",DC0063,Windows Registry Key Modification
AN0170,Windows,WinEventLog:Sysmon,EventCode=1,DC0032,Process Creation
AN0171,Linux,auditd:EXECVE,"Execution of auditctl, systemctl stop auditd, or kill -9 auditd",DC0064,Command Execution
AN0171,Linux,auditd:FILE,Modification or deletion of /etc/audit/audit.rules or /etc/audit/audit.conf,DC0061,File Modification
AN0171,Linux,auditd:SYSCALL,kill syscalls targeting auditd process,DC0020,Process Modification
AN0171,Linux,linux:syslog,auditd service stopped or disabled,DC0041,Service Metadata
AN0172,Windows,EDR:hunting,Advanced Hunting: DeviceProcessEvents + DeviceNetworkEvents,DC0085,Network Traffic Content
AN0172,Windows,WinEventLog:Sysmon,EventCode=1,DC0032,Process Creation
AN0173,macOS,macos:osquery,process_events,DC0032,Process Creation
AN0173,macOS,macos:syslog,system.log,DC0064,Command Execution
AN0173,macOS,macos:unifiedlog,"log stream --predicate 'eventMessage contains ""python""'",DC0029,Script Execution
AN0174,Linux,auditd:SYSCALL,execve,DC0032,Process Creation
AN0174,Linux,linux:syslog,/var/log/syslog,DC0029,Script Execution
AN0175,ESXi,esxi:hostd,/var/log/hostd.log,DC0064,Command Execution
AN0175,ESXi,esxi:vobd,/var/log/vobd.log,DC0032,Process Creation
AN0176,Windows,WinEventLog:Security,EventCode=4657,DC0063,Windows Registry Key Modification
AN0176,Windows,WinEventLog:Sysmon,EventCode=11,DC0039,File Creation
AN0176,Windows,WinEventLog:Sysmon,EventCode=1,DC0032,Process Creation
AN0176,Windows,WinEventLog:Sysmon,EventCode=15,DC0059,File Metadata
AN0177,Containers,docker:daemon,docker exec or docker run with unexpected command/entrypoint,DC0064,Command Execution
AN0177,Containers,kubernetes:apiserver,kubectl exec or kubelet API calls targeting running pods,DC0032,Process Creation
AN0178,Windows,NSM:Flow,"Suspicious URL patterns, uncommon TLDs, short-lived domains, URL shorteners; HTTP method GET/POST",DC0085,Network Traffic Content
AN0178,Windows,WinEventLog:Security,EventCode=4688,DC0032,Process Creation
AN0178,Windows,WinEventLog:Sysmon,"EventCode=3, 22",DC0082,Network Connection Creation
AN0178,Windows,WinEventLog:Sysmon,EventCode=11,DC0039,File Creation
AN0179,Linux,NSM:Flow,"Suspicious URL patterns, uncommon TLDs, URL shorteners",DC0085,Network Traffic Content
AN0179,Linux,auditd:SYSCALL,"execve: Execs of chromium, google-chrome, firefox, libreoffice with http(s) in cmdline",DC0082,Network Connection Creation
AN0179,Linux,auditd:SYSCALL,"open,creat,rename: Writes in $HOME/Downloads, /tmp, ~/.cache with exe/script/archive/office extensions",DC0039,File Creation
AN0180,macOS,NSM:Connections,New outbound connection from Safari/Chrome/Firefox/Word,DC0082,Network Connection Creation
AN0180,macOS,fs:fsevents,Create in /Users/*/Downloads or /private/var/folders/* with quarantine attribute,DC0039,File Creation
AN0180,macOS,macos:unifiedlog,open URL|clicked link|LSQuarantineAttach,DC0085,Network Traffic Content
AN0181,Linux,auditd:SYSCALL,execve call including 'nohup' or trailing '&',DC0064,Command Execution
AN0181,Linux,auditd:SYSCALL,process persists beyond parent shell termination,DC0032,Process Creation
AN0182,Windows,WinEventLog:PowerShell,"EventCode=4103, 4104, 4105, 4106",DC0064,Command Execution
AN0182,Windows,WinEventLog:Sysmon,EventCode=1,DC0032,Process Creation
AN0183,macOS,macos:unifiedlog,"nohup, disown, or osascript execution patterns",DC0064,Command Execution
AN0183,macOS,macos:unifiedlog,background process persists beyond user logout,DC0032,Process Creation
AN0184,Windows,WinEventLog:Microsoft-IIS-Configuration,Module or ISAPI filter registration events,DC0065,Service Modification
AN0184,Windows,WinEventLog:Security,"EventCode=4663, 4670, 4656",DC0061,File Modification
AN0184,Windows,WinEventLog:Sysmon,EventCode=11,DC0039,File Creation
AN0184,Windows,WinEventLog:Sysmon,EventCode=7,DC0016,Module Load
AN0184,Windows,WinEventLog:Sysmon,EventCode=1,DC0032,Process Creation
AN0184,Windows,WinEventLog:System,Changes to applicationhost.config or DLLs loaded by w3wp.exe,DC0038,Application Log Content
AN0185,Windows,WinEventLog:Security,EventCode=6416,DC0038,Application Log Content
AN0185,Windows,WinEventLog:Sysmon,EventCode=1,DC0032,Process Creation
AN0185,Windows,WinEventLog:Sysmon,EventCode=6,DC0079,Driver Load
AN0185,Windows,WinEventLog:Sysmon,EventCode=7,DC0016,Module Load
AN0185,Windows,WinEventLog:Sysmon,EventCode=11,DC0039,File Creation
AN0185,Windows,WinEventLog:Sysmon,"EventCode=3, 22",DC0082,Network Connection Creation
AN0185,Windows,WinEventLog:System,"Kernel-PnP 410/400 device install, disk added",DC0042,Drive Creation
AN0185,Windows,wineventlog:dhcp,DHCP Lease Granted,DC0078,Network Traffic Flow
AN0186,Linux,NSM:Flow,LEASE_GRANTED,DC0078,Network Traffic Flow
AN0186,Linux,auditd:SYSCALL,"mknod,open,openat",DC0042,Drive Creation
AN0186,Linux,linux:syslog,usb * new|thunderbolt|pci .* added|block.*: new .* device,DC0038,Application Log Content
AN0187,macOS,NSM:Flow,MAC not in allow-list acquiring IP (DHCP),DC0078,Network Traffic Flow
AN0187,macOS,macos:unifiedlog,Device attached|enumerated VID/PID,DC0038,Application Log Content
AN0187,macOS,macos:unifiedlog,mounted|appeared|DA: disk* attached,DC0042,Drive Creation
AN0188,Windows,WinEventLog:Sysmon,EventCode=11,DC0039,File Creation
AN0188,Windows,WinEventLog:Sysmon,EventCode=1,DC0032,Process Creation
AN0188,Windows,m365:unified,"Send/Receive: Emails with suspicious sender domains, spoofed headers, or anomalous attachment types",DC0038,Application Log Content
AN0189,Linux,Application:Mail,"Inbound messages with anomalous headers, spoofed SPF/DKIM failures",DC0038,Application Log Content
AN0189,Linux,auditd:SYSCALL,"execve: Execution of scripts or binaries sourced from mail directories (/var/mail, ~/Maildir)",DC0032,Process Creation
AN0190,macOS,macos:unifiedlog,Inbound email activity with suspicious domains or mismatched sender information,DC0038,Application Log Content
AN0190,macOS,macos:unifiedlog,"Preview.app, Safari.app, or Mail.app spawning new processes outside normal patterns",DC0032,Process Creation
AN0191,Office Suite,WinEventLog:Sysmon,EventCode=1,DC0032,Process Creation
AN0191,Office Suite,m365:unified,FileAccessed: Access of email attachments by Office applications,DC0038,Application Log Content
AN0192,Identity Provider,azure:signinlogs,"Failed MFA attempts, unusual conditional access triggers, login attempts from unexpected IP ranges",DC0067,Logon Session Creation
AN0193,SaaS,saas:collaboration,"MessagePosted: Suspicious links or attachment delivery via collaboration tools (Slack, Teams, Zoom)",DC0038,Application Log Content
AN0194,Windows,WinEventLog:Microsoft-Windows-SMBClient/Security,EventCode=31001,DC0102,Network Share Access
AN0194,Windows,WinEventLog:PowerShell,CommandLine=copy-item or robocopy from UNC path,DC0064,Command Execution
AN0194,Windows,WinEventLog:Sysmon,EventCode=11,DC0039,File Creation
AN0195,Linux,NSM:Flow,SSH logins or scp activity,DC0085,Network Traffic Content
AN0195,Linux,auditd:SYSCALL,open,DC0055,File Access
AN0195,Linux,auditd:SYSCALL,execve,DC0032,Process Creation
AN0196,macOS,NSM:Flow,remote login and transfer,DC0085,Network Traffic Content
AN0196,macOS,macos:unifiedlog,exec logs,DC0032,Process Creation
AN0196,macOS,macos:unifiedlog,file events,DC0039,File Creation
AN0197,ESXi,esxi:shell,invoked remote scripts (esxcli),DC0064,Command Execution
AN0197,ESXi,esxi:vmkernel,VMFS file creation,DC0039,File Creation
AN0197,ESXi,esxi:vob,NFS/remote access logs,DC0085,Network Traffic Content
AN0198,IaaS,AWS:CloudTrail,"GetObject, CopyObject",DC0025,Cloud Storage Access
AN0198,IaaS,AWS:VPCFlowLogs,Traffic between instances,DC0085,Network Traffic Content
AN0198,IaaS,esxi:hostd,process execution across cloud VM,DC0032,Process Creation
AN0199,Windows,WinEventLog:Security,"EventCode=4663, 4670, 4656",DC0055,File Access
AN0199,Windows,WinEventLog:Security,"EventCode=4624, 4648",DC0067,Logon Session Creation
AN0199,Windows,WinEventLog:Security,EventCode=4688,DC0032,Process Creation
AN0199,Windows,WinEventLog:System,"EventCode=1502, 1503",DC0029,Script Execution
AN0200,Linux,auditd:CONFIG_CHANGE,creation or modification of systemd services,DC0060,Service Creation
AN0200,Linux,auditd:EXECVE,"execution of systemctl with subcommands start, stop, enable, disable",DC0064,Command Execution
AN0200,Linux,auditd:EXECVE,systemctl spawning managed processes,DC0032,Process Creation
AN0200,Linux,auditd:SYSCALL,open/write of .service unit files,DC0061,File Modification
AN0201,IaaS,AWS:CloudTrail,SessionToken used without preceding MFA or login event,DC0007,Web Credential Usage
AN0201,IaaS,AWS:CloudTrail,ConsoleLogin,DC0067,Logon Session Creation
AN0202,SaaS,m365:unified,SessionId reused from different device/browser fingerprint,DC0007,Web Credential Usage
AN0202,SaaS,saas:okta,session.impersonation.start,DC0002,User Account Authentication
AN0203,Office Suite,m365:unified,UserLoggedIn,DC0067,Logon Session Creation
AN0204,Windows,WinEventLog:Sysmon,"EventCode=3, 22",DC0082,Network Connection Creation
AN0204,Windows,WinEventLog:Sysmon,EventCode=1,DC0032,Process Creation
AN0204,Windows,Windows Firewall Log,SMB over high port,DC0078,Network Traffic Flow
AN0205,Linux,NSM:Connections,Internal connection logging,DC0078,Network Traffic Flow
AN0205,Linux,NSM:Flow,conn.log,DC0085,Network Traffic Content
AN0205,Linux,auditd:SYSCALL,execve,DC0032,Process Creation
AN0206,macOS,NSM:Flow,pf firewall logs,DC0078,Network Traffic Flow
AN0206,macOS,macos:osquery,Process Events and Launch Daemons,DC0060,Service Creation
AN0206,macOS,macos:unifiedlog,None,DC0032,Process Creation
AN0207,ESXi,NSM:Flow,conn.log,DC0082,Network Connection Creation
AN0207,ESXi,esxi:shell,/var/log/shell.log,DC0032,Process Creation
AN0207,ESXi,esxi:vmkernel,/var/log/vmkernel.log,DC0078,Network Traffic Flow
AN0208,Network Devices,Firewall Audit Logs,Config Change,DC0051,Firewall Rule Modification
AN0208,Network Devices,NSM:Flow,Inter-segment traffic,DC0078,Network Traffic Flow
AN0208,Network Devices,networkdevice:cli,Policy Update,DC0064,Command Execution
AN0209,Windows,WinEventLog:Sysmon,EventCode=1,DC0032,Process Creation
AN0209,Windows,WinEventLog:Sysmon,EventCode=7,DC0016,Module Load
AN0210,macOS,macos:osquery,process_events,DC0032,Process Creation
AN0210,macOS,macos:syslog,system.log,DC0064,Command Execution
AN0210,macOS,macos:unifiedlog,"log stream --predicate 'eventMessage contains ""wscript"" OR ""vbs""'",DC0029,Script Execution
AN0211,Linux,auditd:SYSCALL,execve,DC0032,Process Creation
AN0211,Linux,linux:syslog,/var/log/syslog,DC0029,Script Execution
AN0212,Windows,WinEventLog:Sysmon,"EventCode=3, 22",DC0082,Network Connection Creation
AN0212,Windows,WinEventLog:Sysmon,EventCode=11,DC0039,File Creation
AN0212,Windows,WinEventLog:System,"EventCode=5005 (WLAN), EventCode=302 (Bluetooth)",DC0085,Network Traffic Content
AN0213,Linux,NSM:Flow,None,DC0078,Network Traffic Flow
AN0213,Linux,auditd:SYSCALL,None,DC0064,Command Execution
AN0214,macOS,macos:osquery,process_events,DC0032,Process Creation
AN0214,macOS,macos:osquery,interface_details ,DC0018,Host Status
AN0214,macOS,macos:unifiedlog,None,DC0085,Network Traffic Content
AN0215,IaaS,AWS:CloudTrail,"eventName: RunInstances, CreateUser, PutRolePolicy, InvokeCommand",DC0064,Command Execution
AN0215,IaaS,Okta:SystemLog,"eventType: user.authentication.sso, app.oauth2.token.grant",DC0002,User Account Authentication
AN0215,IaaS,azure:activity,"operationName: Write, Access Review, RoleAssignment",DC0069,Cloud Service Modification
AN0216,Windows,WinEventLog:Security,"EventCode=4624, 4648",DC0067,Logon Session Creation
AN0216,Windows,WinEventLog:Sysmon,EventCode=1,DC0032,Process Creation
AN0216,Windows,WinEventLog:Sysmon,"EventCode=3, 22",DC0082,Network Connection Creation
AN0217,Linux,NSM:Connections,"Mismatch between recorded user logon and active sessions (e.g., wtmp/utmp entries without corresponding authentication in auth.log)",DC0067,Logon Session Creation
AN0217,Linux,NSM:Flow,Long-lived or hijacked SSH sessions maintained with no active user activity,DC0078,Network Traffic Flow
AN0217,Linux,auditd:SYSCALL,execve: Commands executed within an SSH session where no matching logon/authentication event exists,DC0064,Command Execution
AN0218,macOS,NSM:Flow,Suspicious long-lived or reattached remote desktop sessions from unexpected IPs,DC0085,Network Traffic Content
AN0218,macOS,macos:unifiedlog,Authentication inconsistencies where commands are executed without corresponding login events,DC0067,Logon Session Creation
AN0218,macOS,macos:unifiedlog,"Execution of processes linked to hijacked sessions (e.g., anomalous parent-child process lineage)",DC0032,Process Creation
AN0219,Windows,ApplicationLog:IIS,"IIS W3C logs in C:\inetpub\logs\LogFiles\W3SVC* (spikes in 5xx, RCE/SQLi/path traversal/JNDI patterns)",DC0038,Application Log Content
AN0219,Windows,WinEventLog:Sysmon,EventCode=1,DC0032,Process Creation
AN0219,Windows,WinEventLog:Sysmon,EventCode=7,DC0016,Module Load
AN0219,Windows,WinEventLog:Sysmon,"EventCode=3, 22",DC0082,Network Connection Creation
AN0220,Linux,ApplicationLog:WebServer,"/var/log/httpd/access_log, /var/log/apache2/access.log, /var/log/nginx/access.log with exploit indicators and burst errors",DC0038,Application Log Content
AN0220,Linux,NSM:Flow,HTTP payloads with SQLi/LFI/JNDI/deserialization indicators,DC0085,Network Traffic Content
AN0220,Linux,auditd:SYSCALL,execve,DC0032,Process Creation
AN0221,macOS,NSM:Flow,outbound egress from web host after suspicious request,DC0085,Network Traffic Content
AN0221,macOS,macos:unifiedlog,App/web server logs ingested via unified logging or filebeat (nginx/apache/node).,DC0038,Application Log Content
AN0221,macOS,macos:unifiedlog,exec events where web process starts a shell/tooling,DC0032,Process Creation
AN0222,Containers,ApplicationLog:Ingress,Kubernetes NGINX/Envoy ingress controller logs with anomalous payloads and 5xx spikes,DC0038,Application Log Content
AN0222,Containers,NSM:Flow,Requests towards cloud metadata or command & control from pod IPs,DC0085,Network Traffic Content
AN0222,Containers,docker:events,Docker/Kubernetes audit of exec/attach (kubectl exec) or unexpected child processes inside container,DC0032,Process Creation
AN0223,IaaS,ALB:HTTPLogs,"AWS ALB/ELB/GCP/Azure Application Gateway HTTP logs with unusual methods, long URIs, serialized payloads, 4xx/5xx bursts",DC0085,Network Traffic Content
AN0223,IaaS,AWS:VPCFlowLogs,VPC/NSG flow logs for pod/instance egress to Internet or metadata,DC0078,Network Traffic Flow
AN0224,ESXi,NSM:Flow,Connections to TCP 427 (SLP) or vCenter web services from untrusted sources,DC0085,Network Traffic Content
AN0224,ESXi,esxi:hostd,"/var/log/hostd.log anomalies (faults, crashes, restarts) around inbound connections",DC0038,Application Log Content
AN0225,Network Devices,NSM:Flow,NetFlow/sFlow for odd egress to Internet from mgmt plane,DC0085,Network Traffic Content
AN0225,Network Devices,networkdevice:controlplane,"Syslog from edge devices with HTTP 500s on mgmt portal, SmartInstall events, unexpected CLI commands",DC0038,Application Log Content
AN0226,Windows,WinEventLog:Sysmon,EventCode=1,DC0032,Process Creation
AN0226,Windows,WinEventLog:Sysmon,"EventCode=3, 22",DC0082,Network Connection Creation
AN0226,Windows,WinEventLog:Sysmon,EventCode=7,DC0016,Module Load
AN0227,Linux,auditd:SYSCALL,execve,DC0032,Process Creation
AN0227,Linux,auditd:SYSCALL,connect,DC0082,Network Connection Creation
AN0228,macOS,macos:osquery,execution of trusted tools interacting with external endpoints,DC0082,Network Connection Creation
AN0228,macOS,macos:unifiedlog,"exec of osascript, bash, curl with suspicious parameters",DC0032,Process Creation
AN0229,Windows,WinEventLog:Security,"EventCode=4663, 4670, 4656",DC0055,File Access
AN0229,Windows,WinEventLog:Sysmon,EventCode=11,DC0039,File Creation
AN0229,Windows,WinEventLog:Sysmon,EventCode=2,DC0061,File Modification
AN0229,Windows,WinEventLog:Sysmon,EventCode=1,DC0032,Process Creation
AN0230,Linux,auditd:SYSCALL,open/write/unlink,DC0061,File Modification
AN0230,Linux,auditd:SYSCALL,execve,DC0032,Process Creation
AN0230,Linux,linux:syslog,sudo or su access prior to content change,DC0010,User Account Modification
AN0231,macOS,macos:unifiedlog,loginwindow or desktopservices modified settings or files,DC0061,File Modification
AN0231,macOS,macos:unifiedlog,osascript or AppleScript invocation modifying UI,DC0029,Script Execution
AN0232,ESXi,ESXiLogs:messages,changes to /etc/motd or /etc/vmware/welcome,DC0061,File Modification
AN0232,ESXi,esxi:hostd,modification of config files or shell command execution,DC0064,Command Execution
AN0233,Containers,AWS:CloudTrail,CreatePod: Programmatic creation of new pod resources using container images not seen before in the environment,DC0019,Pod Creation
AN0233,Containers,auditd:SYSCALL,"execve: Execution of container management CLIs (docker, crictl, kubectl) or interpreted shells (sh, bash, python) within container context",DC0032,Process Creation
AN0233,Containers,docker:events,exec_create: docker exec events targeting running containers from non-CI sources,DC0077,Container Start
AN0233,Containers,kubernetes:apiserver,"create/exec: Kubernetes API calls to exec into containers or create pods from curl, kubectl, or SDK clients",DC0072,Container Creation
AN0233,Containers,kubernetes:audit,"Shell process (e.g., /bin/sh, /bin/bash) spawned in a container without an interactive session attached (i.e., automation anomaly)",DC0064,Command Execution
AN0234,IaaS,AWS:CloudTrail,TerminateInstances,DC0089,Instance Stop
AN0234,IaaS,AWS:CloudTrail,DescribeInstances,DC0086,Instance Metadata
AN0234,IaaS,azure:activity,MICROSOFT.COMPUTE/VIRTUALMACHINES/DELETE,DC0081,Instance Deletion
AN0235,Windows,WinEventLog:Security,EventCode=4688,DC0032,Process Creation
AN0235,Windows,WinEventLog:Sysmon,"EventCode=13, 14",DC0063,Windows Registry Key Modification
AN0235,Windows,WinEventLog:Sysmon,EventCode=11,DC0039,File Creation
AN0235,Windows,WinEventLog:Sysmon,EventCode=2,DC0061,File Modification
AN0236,Windows,WinEventLog:Sysmon,EventCode=1,DC0032,Process Creation
AN0236,Windows,WinEventLog:Sysmon,EventCode=7,DC0016,Module Load
AN0236,Windows,WinEventLog:WMI,"EventCode=5857, 5858, 5860, 5861",DC0008,WMI Creation
AN0237,Windows,WinEventLog:Security,EventCode=4688,DC0032,Process Creation
AN0237,Windows,WinEventLog:Sysmon,EventCode=7,DC0016,Module Load
AN0237,Windows,WinEventLog:Sysmon,EventCode=10,DC0035,Process Access
AN0238,Linux,auditd:SYSCALL,execve,DC0032,Process Creation
AN0238,Linux,linux:Sysmon,"EventCode=3, 22",DC0082,Network Connection Creation
AN0239,macOS,macos:endpointsecurity,es_event_exec,DC0032,Process Creation
AN0239,macOS,macos:unifiedlog,log stream,DC0064,Command Execution
AN0239,macOS,macos:unifiedlog,memory mapping,DC0020,Process Modification
AN0240,Windows,WinEventLog:Security,EventCode=4688,DC0032,Process Creation
AN0240,Windows,WinEventLog:Sysmon,"EventCode=13, 14",DC0063,Windows Registry Key Modification
AN0240,Windows,WinEventLog:Sysmon,EventCode=11,DC0039,File Creation
AN0241,Linux,auditd:PATH,"Read access to known backup software configuration files (e.g., /etc/rsnapshot.conf, /opt/veeam/config.ini)",DC0055,File Access
AN0241,Linux,auditd:SYSCALL,"execve: Execution of discovery commands targeting backup binaries, processes, or config paths",DC0032,Process Creation
AN0242,macOS,macos:unifiedlog,"Process execution logs showing discovery commands like mdfind, system_profiler, or launchctl list",DC0032,Process Creation
AN0242,macOS,macos:unifiedlog,Read access to Time Machine plist files or CCC configurations in ~/Library/Preferences/,DC0055,File Access
AN0243,Windows,WinEventLog:Security,"EventCode=4663, 4670, 4656",DC0055,File Access
AN0243,Windows,WinEventLog:Sysmon,EventCode=10,DC0035,Process Access
AN0243,Windows,WinEventLog:Sysmon,"EventCode=13, 14",DC0063,Windows Registry Key Modification
AN0243,Windows,WinEventLog:System,EventCode=7045,DC0060,Service Creation
AN0244,Linux,auditd:SYSCALL,"open, read",DC0055,File Access
AN0244,Linux,auditd:SYSCALL,"ptrace, ioctl",DC0021,OS API Execution
AN0245,macOS,macos:osquery,process_events OR launchd,DC0032,Process Creation
AN0245,macOS,macos:unifiedlog,subsystem=com.apple.TCC,DC0034,Process Metadata
AN0246,Network Devices,NSM:Flow,packet capture or DPI logs,DC0085,Network Traffic Content
AN0246,Network Devices,networkdevice:syslog,Image Upgrade / Configuration Change,DC0004,Firmware Modification
AN0247,Windows,WinEventLog:Sysmon,EventCode=11,DC0039,File Creation
AN0247,Windows,WinEventLog:Sysmon,EventCode=1,DC0032,Process Creation
AN0247,Windows,WinEventLog:System,EventCode=1006,DC0042,Drive Creation
AN0248,Linux,auditd:SYSCALL,"write/open, FIM audit",DC0039,File Creation
AN0248,Linux,auditd:SYSCALL,Removable media mount notification,DC0042,Drive Creation
AN0249,macOS,fs:fsusage,open/write/exec calls,DC0039,File Creation
AN0249,macOS,macos:unifiedlog,com.apple.diskarbitration,DC0042,Drive Creation
AN0250,Windows,WinEventLog:Sysmon,EventCode=1,DC0032,Process Creation
AN0250,Windows,WinEventLog:Sysmon,EventCode=7,DC0016,Module Load
AN0250,Windows,etw:Microsoft-Windows-Kernel-Process,API tracing / stack tracing via ETW or telemetry-based EDR,DC0021,OS API Execution
AN0251,Windows,WinEventLog:Security,EventCode=4688,DC0032,Process Creation
AN0251,Windows,WinEventLog:Sysmon,EventCode=11,DC0039,File Creation
AN0251,Windows,WinEventLog:Sysmon,"EventCode=13, 14",DC0063,Windows Registry Key Modification
AN0251,Windows,WinEventLog:Sysmon,"EventCode=3, 22",DC0082,Network Connection Creation
AN0252,macOS,macos:unifiedlog,Execution of 'profiles install -type=configuration',DC0064,Command Execution
AN0252,macOS,macos:unifiedlog,Creation of .plist under /Library/Managed Preferences/,DC0039,File Creation
AN0252,macOS,macos:unifiedlog,Suspicious outbound traffic from browser binary to non-standard domains,DC0078,Network Traffic Flow
AN0253,Linux,NSM:Flow,Abnormal browser traffic volume or destination,DC0078,Network Traffic Flow
AN0253,Linux,auditd:SYSCALL,execve,DC0032,Process Creation
AN0253,Linux,fs:fileevents,creat,DC0039,File Creation
AN0254,Windows,WinEventLog:PowerShell,"EventCode=4103, 4104, 4105, 4106",DC0064,Command Execution
AN0254,Windows,WinEventLog:Sysmon,EventCode=1,DC0032,Process Creation
AN0255,Linux,auditd:SYSCALL,execve,DC0032,Process Creation
AN0256,macOS,macos:endpointsecurity,ES_EVENT_TYPE_NOTIFY_EXEC,DC0032,Process Creation
AN0256,macOS,macos:unifiedlog,subsystem:com.apple.Terminal,DC0064,Command Execution
AN0257,Network Devices,networkdevice:syslog,aaa privilege_exec,DC0021,OS API Execution
AN0257,Network Devices,networkdevice:syslog,eventlog,DC0064,Command Execution
AN0258,Windows,WinEventLog:Security,EventCode=4698,DC0001,Scheduled Job Creation
AN0258,Windows,WinEventLog:Sysmon,EventCode=1,DC0032,Process Creation
AN0258,Windows,WinEventLog:Sysmon,EventCode=2,DC0061,File Modification
AN0259,Linux,auditd:SYSCALL,"write, rename",DC0061,File Modification
AN0259,Linux,auditd:SYSCALL,execve,DC0032,Process Creation
AN0259,Linux,linux:osquery,"crontab, systemd_timers",DC0001,Scheduled Job Creation
AN0260,macOS,fs:fsusage,disk activity on /Library/LaunchAgents or LaunchDaemons,DC0039,File Creation
AN0260,macOS,macos:osquery,launchd_jobs,DC0001,Scheduled Job Creation
AN0260,macOS,macos:unifiedlog,process launch,DC0032,Process Creation
AN0261,Containers,auditd:SYSCALL,execve,DC0032,Process Creation
AN0261,Containers,containerd:runtime,"file change monitoring within /etc/cron.*, /tmp, or mounted volumes",DC0061,File Modification
AN0262,ESXi,esxi:cron,manual edits to /etc/rc.local.d/local.sh or cron.d,DC0061,File Modification
AN0262,ESXi,esxi:hostd,shell access or job registration,DC0064,Command Execution
AN0262,ESXi,esxi:vmkernel,Startup script and task execution logs,DC0001,Scheduled Job Creation
AN0263,Windows,WinEventLog:Application,Outlook rule execution failure or abnormal rule execution context,DC0038,Application Log Content
AN0263,Windows,WinEventLog:PowerShell,PowerShell launched from outlook.exe or triggered without user invocation,DC0064,Command Execution
AN0263,Windows,WinEventLog:Sysmon,EventCode=1,DC0032,Process Creation
AN0263,Windows,WinEventLog:Sysmon,EventCode=7,DC0016,Module Load
AN0264,Office Suite,m365:messagetrace,Inbound email matches crafted rule trigger pattern tied to persistence logic,DC0064,Command Execution
AN0264,Office Suite,m365:unified,Creation or modification of inbox rule outside of normal user behavior,DC0038,Application Log Content
AN0265,Windows,WinEventLog:Security,"EventCode=4738, 4728, 4670",DC0010,User Account Modification
AN0265,Windows,WinEventLog:Sysmon,EventCode=1,DC0032,Process Creation
AN0266,Linux,auditd:PATH,/etc/passwd or /etc/group file write,DC0061,File Modification
AN0266,Linux,auditd:SYSCALL,"usermod, groupmod, passwd",DC0010,User Account Modification
AN0267,macOS,macos:unifiedlog,"com.apple.accountsd, com.apple.opendirectoryd",DC0010,User Account Modification
AN0268,Identity Provider,saas:okta,User Attribute Modified / Role Assignment Changed,DC0010,User Account Modification
AN0269,ESXi,esxi:vpxa,vim.SessionManager.login / vim.AccountManager.createUser,DC0066,Active Directory Object Modification
AN0270,SaaS,m365:unified,Admin Activity > Role Change or Sharing Change,DC0010,User Account Modification
AN0271,Windows,WinEventLog:PowerShell,"EventCode=4103, 4104, 4105, 4106",DC0064,Command Execution
AN0271,Windows,WinEventLog:Sysmon,EventCode=10,DC0035,Process Access
AN0272,Linux,auditd:EXECVE,execve,DC0032,Process Creation
AN0272,Linux,linus:syslog,None,DC0064,Command Execution
AN0273,macOS,macos:osquery,process_events,DC0032,Process Creation
AN0273,macOS,macos:unifiedlog,None,DC0021,OS API Execution
AN0274,Windows,WinEventLog:PowerShell,"EventCode=4103, 4104, 4105, 4106",DC0064,Command Execution
AN0274,Windows,WinEventLog:Security,EventCode=4688,DC0032,Process Creation
AN0274,Windows,WinEventLog:Sysmon,"EventCode=3, 22",DC0082,Network Connection Creation
AN0274,Windows,WinEventLog:System,EventCode=7036,DC0060,Service Creation
AN0275,Windows,WinEventLog:Security,EventCode=4688,DC0032,Process Creation
AN0275,Windows,WinEventLog:Sysmon,EventCode=9,DC0054,Drive Access
AN0275,Windows,WinEventLog:Sysmon,EventCode=11,DC0039,File Creation
AN0276,Network Devices,networkdevice:config,Boot image path or firmware configuration variable modified outside of maintenance windows,DC0004,Firmware Modification
AN0276,Network Devices,networkdevice:runtime,Firmware image uploaded via TFTP/FTP/SCP,DC0046,Drive Modification
AN0277,Windows,WinEventLog:Sysmon,EventCode=10,DC0035,Process Access
AN0277,Windows,WinEventLog:Sysmon,EventCode=8,DC0020,Process Modification
AN0277,Windows,WinEventLog:Sysmon,EventCode=1,DC0032,Process Creation
AN0277,Windows,etw:Microsoft-Windows-Kernel-Process,APCQueueOperations,DC0021,OS API Execution
AN0278,Windows,WinEventLog:Sysmon,EventCode=1,DC0032,Process Creation
AN0278,Windows,WinEventLog:Sysmon,EventCode=11,DC0039,File Creation
AN0279,Linux,auditd:SYSCALL,execve,DC0032,Process Creation
AN0279,Linux,auditd:SYSCALL,PATH,DC0059,File Metadata
AN0280,macOS,macos:unifiedlog,log stream,DC0064,Command Execution
AN0281,Network Devices,networkdevice:runtime,runtime,DC0029,Script Execution
AN0282,Windows,WinEventLog:Security,"EventCode=4663, 4670, 4656",DC0055,File Access
AN0282,Windows,WinEventLog:Sysmon,EventCode=10,DC0035,Process Access
AN0283,Linux,auditd:SYSCALL,"open, read",DC0055,File Access
AN0283,Linux,auditd:SYSCALL,write,DC0061,File Modification
AN0283,Linux,auditd:SYSCALL,"ptrace, ioctl",DC0021,OS API Execution
AN0284,macOS,macos:osquery,launchd or process_events,DC0032,Process Creation
AN0284,macOS,macos:unifiedlog,subsystem=com.apple.TCC,DC0034,Process Metadata
AN0285,Network Devices,NSM:Firewall,proxy or TLS inspection logs,DC0082,Network Connection Creation
AN0285,Network Devices,NSM:Flow,http.log,DC0085,Network Traffic Content
AN0286,Windows,NSM:Flow,SMB2_LOGOFF/SMB_TREE_DISCONNECT,DC0085,Network Traffic Content
AN0286,Windows,WinEventLog:PowerShell,"EventCode=4103, 4104, 4105, 4106",DC0064,Command Execution
AN0286,Windows,WinEventLog:Security,"EventCode=4624, 4648",DC0067,Logon Session Creation
AN0286,Windows,WinEventLog:Sysmon,EventCode=1,DC0032,Process Creation
AN0287,Windows,WinEventLog:Security,EventCode=4657,DC0063,Windows Registry Key Modification
AN0287,Windows,WinEventLog:Sysmon,EventCode=10,DC0035,Process Access
AN0287,Windows,WinEventLog:Sysmon,EventCode=7,DC0016,Module Load
AN0288,Linux,auditd:SYSCALL,"open, write",DC0061,File Modification
AN0288,Linux,auditd:SYSCALL,execve,DC0032,Process Creation
AN0289,macOS,macos:osquery,process_open,DC0035,Process Access
AN0289,macOS,macos:unifiedlog,SecurityAgentPlugins modification,DC0061,File Modification
AN0290,Identity Provider,azure:policy,UpdatePolicy,DC0069,Cloud Service Modification
AN0290,Identity Provider,m365:unified,Set-ADUser OR Set-ADAccountControl,DC0010,User Account Modification
AN0291,IaaS,AWS:CloudTrail,UpdateLoginProfile,DC0010,User Account Modification
AN0291,IaaS,AWS:CloudTrail,UpdateAccountPasswordPolicy,DC0069,Cloud Service Modification
AN0292,Windows,WinEventLog:Security,"EventCode=4663, 4670, 4656",DC0055,File Access
AN0292,Windows,WinEventLog:Sysmon,EventCode=1,DC0032,Process Creation
AN0292,Windows,WinEventLog:Sysmon,EventCode=11,DC0039,File Creation
AN0292,Windows,WinEventLog:Sysmon,EventCode=10,DC0035,Process Access
AN0293,Linux,auditd:SYSCALL,execve,DC0032,Process Creation
AN0293,Linux,linux:syslog,auth.log or custom tool logs,DC0055,File Access
AN0294,macOS,macos:unifiedlog,process and file events via log stream,DC0032,Process Creation
AN0295,Identity Provider,azure:signinlogs,Success logs from high-risk accounts,DC0002,User Account Authentication
AN0296,Network Devices,networkdevice:syslog,"config access, authentication logs",DC0002,User Account Authentication
AN0297,Windows,WinEventLog:Sysmon,EventCode=10,DC0035,Process Access
AN0297,Windows,WinEventLog:Sysmon,EventCode=8,DC0020,Process Modification
AN0297,Windows,WinEventLog:Sysmon,EventCode=1,DC0032,Process Creation
AN0297,Windows,WinEventLog:Sysmon,EventCode=11,DC0039,File Creation
AN0298,Windows,WinEventLog:Security,EventCode=4688,DC0032,Process Creation
AN0298,Windows,WinEventLog:Sysmon,"EventCode=3, 22",DC0082,Network Connection Creation
AN0298,Windows,m365:unified,Send/Receive: Inbound emails containing embedded or shortened URLs,DC0038,Application Log Content
AN0299,Linux,Application:Mail,Inbound emails containing hyperlinks from suspicious sources,DC0038,Application Log Content
AN0299,Linux,NSM:Flow,Outbound requests to domains not previously resolved or associated with phishing campaigns,DC0078,Network Traffic Flow
AN0299,Linux,auditd:SYSCALL,execve: Execution of scripts or binaries spawned from browser processes,DC0032,Process Creation
AN0300,macOS,macos:unifiedlog,Received messages with embedded or shortened URLs,DC0038,Application Log Content
AN0300,macOS,macos:unifiedlog,"Browser processes launching unexpected interpreters (osascript, bash)",DC0032,Process Creation
AN0300,macOS,macos:unifiedlog,Connections to suspicious domains with mismatched certificate or unusual patterns,DC0085,Network Traffic Content
AN0301,Identity Provider,azure:signinlogs,ConsentGrant: Suspicious consent grants to non-approved or unknown applications,DC0038,Application Log Content
AN0302,Windows,NSM:Flow,"Unusual Base64-encoded content in URI, headers, or POST body",DC0085,Network Traffic Content
AN0302,Windows,WinEventLog:Sysmon,"EventCode=3, 22",DC0082,Network Connection Creation
AN0302,Windows,WinEventLog:Sysmon,EventCode=1,DC0032,Process Creation
AN0303,Linux,NSM:Flow,"Base64 strings or gzip in URI, headers, or POST body",DC0085,Network Traffic Content
AN0303,Linux,auditd:SYSCALL,execve,DC0032,Process Creation
AN0303,Linux,linux:syslog,"Unusual outbound transfers from CLI tools like base64, gzip, or netcat",DC0064,Command Execution
AN0304,macOS,macos:unifiedlog,base64 or curl processes chained within short execution window,DC0064,Command Execution
AN0304,macOS,macos:unifiedlog,HTTP POST with encoded content in user-agent or cookie field,DC0085,Network Traffic Content
AN0305,ESXi,ESXiLogs:authlog,Unexpected login followed by encoding commands,DC0002,User Account Authentication
AN0305,ESXi,esxi:shell,base64 or gzip use within shell session,DC0064,Command Execution
AN0305,ESXi,esxi:vmkernel,Outbound traffic using encoded payloads post-login,DC0085,Network Traffic Content
AN0306,macOS,macos:unifiedlog,"write: File modifications to *.plist within LaunchAgents, LaunchDaemons, Application Support, or Preferences directories",DC0061,File Modification
AN0306,macOS,macos:unifiedlog,"exec: Execution of defaults, plutil, or common editors (vim/nano) targeting plist files",DC0032,Process Creation
AN0306,macOS,macos:unifiedlog,exec: Invocation of /usr/bin/defaults write or /usr/bin/plutil modifying plist keys,DC0064,Command Execution
AN0307,Linux,auditd:SYSCALL,"chmod, execve",DC0064,Command Execution
AN0307,Linux,auditd:SYSCALL,execve,DC0032,Process Creation
AN0308,macOS,macos:unifiedlog,"chmod command with arguments including '+s', 'u+s', or numeric values 4000–6777",DC0064,Command Execution
AN0308,macOS,macos:unifiedlog,exec of binary with setuid/setgid and EUID != UID,DC0034,Process Metadata
AN0309,Office Suite,m365:unified,"MessageSend, MessageRead, or FileAttached events containing credential-like patterns",DC0038,Application Log Content
AN0310,SaaS,saas:okta,Unusual OAuth app requesting message-read scopes for Slack/Teams/Jira,DC0002,User Account Authentication
AN0310,SaaS,saas:slack,"chat.postMessage, files.upload, or discovery API calls involving token/credential regex",DC0038,Application Log Content
AN0311,Windows,WinEventLog:Security,EventCode=4688,DC0032,Process Creation
AN0311,Windows,WinEventLog:Security,EventCode=4657,DC0063,Windows Registry Key Modification
AN0311,Windows,WinEventLog:TaskScheduler,EventCode=106,DC0001,Scheduled Job Creation
AN0312,Linux,auditd:PATH,PATH,DC0059,File Metadata
AN0312,Linux,auditd:SYSCALL,EXECVE,DC0032,Process Creation
AN0312,Linux,linux:osquery,file_events,DC0061,File Modification
AN0313,macOS,fs:fsusage,file,DC0055,File Access
AN0313,macOS,macos:osquery,launchd,DC0041,Service Metadata
AN0313,macOS,macos:unifiedlog,log,DC0029,Script Execution
AN0314,ESXi,esxi:hostd,boot,DC0061,File Modification
AN0314,ESXi,esxi:vmkernel,boot,DC0029,Script Execution
AN0315,Network Devices,networkdevice:syslog,config,DC0061,File Modification
AN0316,Windows,WinEventLog:Security,EventCode=4768,DC0084,Active Directory Credential Request
AN0316,Windows,WinEventLog:Sysmon,EventCode=1,DC0032,Process Creation
AN0317,Windows,WinEventLog:Security,EventCode=4688,DC0032,Process Creation
AN0318,Linux,auditd:SYSCALL,execve,DC0032,Process Creation
AN0319,macOS,macos:unifiedlog,process:exec,DC0032,Process Creation
AN0320,Windows,WinEventLog:Security,EventCode=4688,DC0032,Process Creation
AN0320,Windows,WinEventLog:Sysmon,EventCode=11,DC0039,File Creation
AN0320,Windows,WinEventLog:Sysmon,"EventCode=3, 22",DC0082,Network Connection Creation
AN0321,Linux,NSM:Flow,"Outbound traffic to domains/IPs not previously resolved, occurring shortly after attachment download or link click",DC0078,Network Traffic Flow
AN0321,Linux,auditd:SYSCALL,"execve: Execution of bash, python, or perl processes spawned by browser/email client",DC0032,Process Creation
AN0321,Linux,linux:syslog,Inbound messages from webmail services containing attachments or URLs,DC0038,Application Log Content
AN0322,macOS,macos:unifiedlog,Received messages containing embedded links or attachments from non-enterprise services,DC0038,Application Log Content
AN0322,macOS,macos:unifiedlog,"Execution of osascript, bash, or Terminal initiated from Mail.app or Safari",DC0032,Process Creation
AN0322,macOS,macos:unifiedlog,Suspicious outbound HTTPS requests to domains flagged as newly registered or untrusted after spearphishing message interaction,DC0085,Network Traffic Content
AN0323,Windows,WinEventLog:Security,EventCode=4688,DC0032,Process Creation
AN0323,Windows,WinEventLog:Sysmon,"EventCode=13, 14",DC0063,Windows Registry Key Modification
AN0323,Windows,WinEventLog:Sysmon,EventCode=12,DC0056,Windows Registry Key Creation
AN0324,Windows,WinEventLog:Security,EventCode=4698,DC0001,Scheduled Job Creation
AN0324,Windows,WinEventLog:Sysmon,EventCode=1,DC0032,Process Creation
AN0324,Windows,WinEventLog:System,EventCode=7045,DC0060,Service Creation
AN0325,Linux,auditd:CONFIG_CHANGE,/var/log/audit/audit.log,DC0012,Scheduled Job Modification
AN0325,Linux,linux:cron,cron activity,DC0005,Scheduled Job Metadata
AN0325,Linux,linux:osquery,scheduled/real-time,DC0041,Service Metadata
AN0326,macOS,fs:fileevents,"/Library/LaunchDaemons/*.plist, ~/Library/LaunchAgents/*.plist",DC0005,Scheduled Job Metadata
AN0326,macOS,macos:endpointsecurity,ES_EVENT_TYPE_NOTIFY_EXEC,DC0032,Process Creation
AN0326,macOS,macos:unifiedlog,subsystem=com.apple.launchservices,DC0041,Service Metadata
AN0327,Windows,NSM:Flow,"Inbound connections to 445, 3389, 5985-5986 with high error/connection-reset rate, followed by new outbound sessions from the same host to internal assets within short interval.",DC0085,Network Traffic Content
AN0327,Windows,WinEventLog:Sysmon,EventCode=1,DC0032,Process Creation
AN0327,Windows,WinEventLog:Sysmon,"EventCode=3, 22",DC0082,Network Connection Creation
AN0327,Windows,WinEventLog:Sysmon,EventCode=7,DC0016,Module Load
AN0327,Windows,WinEventLog:Sysmon,EventCode=10,DC0035,Process Access
AN0327,Windows,WinEventLog:Sysmon,EventCode=11,DC0039,File Creation
AN0327,Windows,WinEventLog:System,EventCode=1000,DC0038,Application Log Content
AN0328,Linux,NSM:Flow,Inbound connections to monitored service ports from external or unusual internal sources; rapid follow-on lateral connections from the same host.,DC0085,Network Traffic Content
AN0328,Linux,auditd:SYSCALL,"execve of /bin/sh,/bin/bash,/usr/bin/curl,/usr/bin/python by service accounts (e.g., apache, mysql, nobody) immediately after inbound network activity.",DC0032,Process Creation
AN0328,Linux,linux:syslog,"kernel|systemd messages indicating 'segmentation fault'|'core dumped'|'service terminated unexpectedly' for sshd, smbd, vsftpd, mysqld, httpd, etc.",DC0038,Application Log Content
AN0329,ESXi,NSM:Flow,"Inbound to tcp/427 (OpenSLP), tcp/443 (vSphere APIs), tcp/902, tcp/5989 followed by new unexpected outbound sessions from the ESXi/vCenter host.",DC0085,Network Traffic Content
AN0329,ESXi,esxi:hostd,"Keywords: 'Backtrace','Signal 11','PANIC','hostd restarted','assert' or 'Service terminated unexpectedly' in /var/log/hostd.log, /var/log/vmkernel.log, /var/log/syslog.log.",DC0038,Application Log Content
AN0330,macOS,NSM:Flow,Inbound to 22/5900/8080 and follow-on internal connections.,DC0085,Network Traffic Content
AN0330,macOS,macos:osquery,"parent_name in ('sshd','httpd','screensharingd') spawning shells or scripting runtimes.",DC0032,Process Creation
AN0330,macOS,macos:unifiedlog,"process 'crashed'|'EXC_BAD_ACCESS' for sshd, screensharingd, httpd; launchd restarts of these daemons.",DC0038,Application Log Content
AN0331,Windows,WinEventLog:Security,"EventCode=4663, 4670, 4656",DC0055,File Access
AN0331,Windows,WinEventLog:Sysmon,EventCode=1,DC0032,Process Creation
AN0331,Windows,WinEventLog:Sysmon,"EventCode=3, 22",DC0082,Network Connection Creation
AN0332,Linux,auditd:SYSCALL,open,DC0055,File Access
AN0332,Linux,auditd:SYSCALL,execve,DC0032,Process Creation
AN0332,Linux,auditd:SYSCALL,connect,DC0082,Network Connection Creation
AN0333,macOS,macos:osquery,file_events,DC0055,File Access
AN0333,macOS,macos:osquery,process_events,DC0032,Process Creation
AN0333,macOS,macos:unifiedlog,network connection events,DC0082,Network Connection Creation
AN0334,Windows,WinEventLog:Security,"EventCode=4723, 4724, 4740",DC0010,User Account Modification
AN0334,Windows,WinEventLog:Sysmon,EventCode=1,DC0032,Process Creation
AN0335,Linux,NSM:Connections,Accepted password or publickey for user from remote IP,DC0002,User Account Authentication
AN0335,Linux,auditd:SYSCALL,SYSCALL record where exe contains passwd/userdel/chage and auid != root,DC0032,Process Creation
AN0336,macOS,macos:unifiedlog,command includes dscl . delete or sysadminctl --deleteUser,DC0064,Command Execution
AN0336,macOS,macos:unifiedlog,successful sudo or authentication for account not normally associated with admin actions,DC0002,User Account Authentication
AN0337,ESXi,esxi:hostd,method=RemoveUser or esxcli system account remove invocation,DC0009,User Account Deletion
AN0337,ESXi,esxi:vpxa,user login from unexpected IP or non-admin user role,DC0002,User Account Authentication
AN0338,Office Suite,m365:signinlogs,Sign-in from anomalous location or impossible travel condition,DC0002,User Account Authentication
AN0338,Office Suite,m365:unified,"Remove-Mailbox, Set-Mailbox",DC0009,User Account Deletion
AN0339,SaaS,saas:okta,"user.lifecycle.delete, user.account.lock",DC0010,User Account Modification
AN0340,macOS,macos:unifiedlog,Post-login execution of unrecognized child process from launchd or loginwindow,DC0032,Process Creation
AN0340,macOS,macos:unifiedlog,Modification of backgrounditems.btm or creation of LoginItems subdirectory in .app bundle,DC0061,File Modification
AN0340,macOS,macos:unifiedlog,Invocation of SMLoginItemSetEnabled by non-system or recently installed application,DC0021,OS API Execution
AN0340,macOS,macos:unifiedlog,AppleScript creating login item via 'System Events' dictionary,DC0029,Script Execution
AN0341,Windows,WinEventLog:Sysmon,"EventCode=13, 14",DC0063,Windows Registry Key Modification
AN0341,Windows,WinEventLog:Sysmon,EventCode=11,DC0039,File Creation
AN0341,Windows,WinEventLog:Sysmon,EventCode=7,DC0016,Module Load
AN0341,Windows,WinEventLog:Sysmon,EventCode=1,DC0032,Process Creation
AN0342,Windows,WinEventLog:Security,"EventCode=4663, 4670, 4656",DC0055,File Access
AN0342,Windows,WinEventLog:Sysmon,EventCode=1,DC0032,Process Creation
AN0342,Windows,WinEventLog:Sysmon,EventCode=11,DC0039,File Creation
AN0342,Windows,WinEventLog:System,"EventCode=1006, 10001",DC0042,Drive Creation
AN0343,Linux,auditd:SYSCALL,open,DC0055,File Access
AN0343,Linux,auditd:SYSCALL,device event logs,DC0042,Drive Creation
AN0344,macOS,fs:fsusage,file system activity monitor,DC0064,Command Execution
AN0344,macOS,macos:osquery,file_events,DC0055,File Access
AN0344,macOS,macos:unifiedlog,Volume Mount + File Read,DC0042,Drive Creation
AN0345,Windows,M365Defender:DeviceNetworkEvents,NetworkConnection: bytes_sent >> bytes_received anomaly,DC0078,Network Traffic Flow
AN0345,Windows,WinEventLog:PowerShell,"EventCode=4103, 4104, 4105, 4106",DC0029,Script Execution
AN0345,Windows,WinEventLog:Security,EventCode=4688,DC0032,Process Creation
AN0345,Windows,WinEventLog:Sysmon,"EventCode=3, 22",DC0082,Network Connection Creation
AN0346,Linux,NSM:Flow,http: HTTP body or headers contain long Base64 sections; gzip/deflate + Base64,DC0085,Network Traffic Content
AN0346,Linux,WinEventLog:Sysmon,"EventCode=3, 22",DC0082,Network Connection Creation
AN0346,Linux,auditd:SYSCALL,execve of base64|openssl|xxd|python|perl with arguments matching Base64 flags,DC0032,Process Creation
AN0347,macOS,NSM:Flow,http: HTTP body contains long Base64 sections,DC0085,Network Traffic Content
AN0347,macOS,PF:Logs,outbound flows with bytes_out >> bytes_in,DC0078,Network Traffic Flow
AN0347,macOS,macos:unifiedlog,"process command line contains base64, -enc, openssl enc -base64",DC0032,Process Creation
AN0348,ESXi,NSM:Flow,http: Base64/MIME looking payloads from ESXi host IP,DC0085,Network Traffic Content
AN0348,ESXi,NSX:FlowLogs,network_flow: bytes_out >> bytes_in to external,DC0078,Network Traffic Flow
AN0348,ESXi,esxi:hostd,unexpected script/command invocations via hostd,DC0038,Application Log Content
AN0348,ESXi,esxi:shell,"commands containing base64, openssl enc -base64, xxd -p",DC0032,Process Creation
AN0349,macOS,fs:filesystem,Modification or creation of files matching 'com.apple.loginwindow.*.plist' in ~/Library/Preferences/ByHost,DC0061,File Modification
AN0349,macOS,macos:endpointsecurity,es_event_file_rename_t or es_event_file_write_t,DC0059,File Metadata
AN0349,macOS,macos:unifiedlog,Execution of process launched via loginwindow session restore,DC0032,Process Creation
AN0349,macOS,macos:unifiedlog,LoginWindow context with associated PID linked to reopened plist paths,DC0088,Logon Session Metadata
AN0350,Linux,auditd:SYSCALL,write | PATH=/home/*/.ssh/authorized_keys,DC0061,File Modification
AN0350,Linux,auditd:SYSCALL,execve,DC0032,Process Creation
AN0351,macOS,macos:auth,~/.ssh/authorized_keys,DC0061,File Modification
AN0351,macOS,macos:unifiedlog,process: exec + filewrite: ~/.ssh/authorized_keys,DC0032,Process Creation
AN0352,IaaS,gcp:audit,compute.instances.setMetadata,DC0061,File Modification
AN0353,ESXi,esxi:shell,file write or edit,DC0061,File Modification
AN0354,Network Devices,networkdevice:cli,ip ssh pubkey-chain,DC0064,Command Execution
AN0355,Windows,WinEventLog:Sysmon,EventCode=1,DC0032,Process Creation
AN0355,Windows,WinEventLog:System,EventCode=7045,DC0060,Service Creation
AN0356,Linux,auditd:SYSCALL,execve,DC0032,Process Creation
AN0356,Linux,linux:osquery,file_events,DC0059,File Metadata
AN0356,Linux,linux:syslog,rename,DC0061,File Modification
AN0357,macOS,fs:fileevents,/var/log/install.log,DC0059,File Metadata
AN0357,macOS,macos:endpointsecurity,ES_EVENT_TYPE_NOTIFY_EXEC,DC0032,Process Creation
AN0357,macOS,macos:unifiedlog,process,DC0034,Process Metadata
AN0358,Containers,containerd:runtime,/var/log/containers/*.log,DC0032,Process Creation
AN0358,Containers,docker:events,docker.events.json,DC0028,Image Metadata
AN0358,Containers,ebpf:syscalls,file_write,DC0061,File Modification
AN0359,ESXi,esxi:hostd,registers services with legitimate-sounding names,DC0041,Service Metadata
AN0359,ESXi,esxi:shell,scripts or binaries with misleading names,DC0064,Command Execution
AN0360,Windows,WinEventLog:Sysmon,EventCode=1,DC0032,Process Creation
AN0360,Windows,WinEventLog:Sysmon,"EventCode=13, 14",DC0063,Windows Registry Key Modification
AN0361,Linux,auditd:EXECVE,Execution of GUI-related binaries with suppressed window/display flags,DC0064,Command Execution
AN0361,Linux,auditd:SYSCALL,Use of fork/exec with DISPLAY unset or redirected,DC0034,Process Metadata
AN0362,macOS,macos:unifiedlog,Modification of plist with apple.awt.UIElement set to TRUE,DC0061,File Modification
AN0362,macOS,macos:unifiedlog,Execution of Java apps or other processes with hidden window attributes,DC0032,Process Creation
AN0363,Windows,NSM:Flow,LDAP Bind/Search,DC0085,Network Traffic Content
AN0363,Windows,WinEventLog:PowerShell,"EventCode=4103, 4104, 4105, 4106",DC0064,Command Execution
AN0363,Windows,WinEventLog:Sysmon,EventCode=1,DC0032,Process Creation
AN0364,Linux,NSM:Flow,LDAP Query,DC0085,Network Traffic Content
AN0364,Linux,auditd:SYSCALL,execve,DC0032,Process Creation
AN0364,Linux,linuxsyslog,nslcd or winbind logs,DC0064,Command Execution
AN0365,macOS,macos:unifiedlog,Process Execution,DC0032,Process Creation
AN0365,macOS,macos:unifiedlog,DS daemon log entries,DC0064,Command Execution
AN0366,IaaS,AWS:CloudTrail,GetSecretValue,DC0083,Cloud Service Enumeration
AN0367,Windows,WinEventLog:Security,EventCode=4688,DC0032,Process Creation
AN0367,Windows,WinEventLog:Sysmon,"EventCode=3, 22",DC0082,Network Connection Creation
AN0367,Windows,WinEventLog:Sysmon,EventCode=11,DC0039,File Creation
AN0368,Linux,NSM:Flow,NetFlow/Zeek conn.log,DC0078,Network Traffic Flow
AN0368,Linux,auditd:SYSCALL,execve,DC0032,Process Creation
AN0368,Linux,auditd:SYSCALL,connect,DC0082,Network Connection Creation
AN0368,Linux,auditd:SYSCALL,open,DC0055,File Access
AN0368,Linux,auditd:SYSCALL,write,DC0061,File Modification
AN0369,macOS,macos:osquery,process_events,DC0032,Process Creation
AN0369,macOS,macos:osquery,file_events,DC0039,File Creation
AN0369,macOS,macos:unifiedlog,log stream (subsystem: com.apple.system.networking),DC0085,Network Traffic Content
AN0370,IaaS,AWS:CloudTrail,"GetObject, CopyObject",DC0025,Cloud Storage Access
AN0370,IaaS,AWS:VPCFlowLogs,Outbound data flows,DC0078,Network Traffic Flow
AN0371,ESXi,esxi:hostd,logline inspection,DC0064,Command Execution
AN0371,ESXi,esxi:vmkernel,protocol egress,DC0082,Network Connection Creation
AN0372,Windows,WinEventLog:Sysmon,EventCode=1,DC0032,Process Creation
AN0372,Windows,WinEventLog:Sysmon,EventCode=11,DC0039,File Creation
AN0373,Linux,auditd:SYSCALL,"open, flock, fcntl, unlink",DC0055,File Access
AN0373,Linux,auditd:SYSCALL,exit_group,DC0033,Process Termination
AN0374,macOS,macos:unifiedlog,flock|NSDistributedLock|FileHandle.*lockForWriting,DC0021,OS API Execution
AN0374,macOS,macos:unifiedlog,process.*exit.*code,DC0033,Process Termination
AN0375,Windows,NSM:Flow,Outbound connection to *.tunnels.api.visualstudio.com or *.devtunnels.ms,DC0082,Network Connection Creation
AN0375,Windows,WinEventLog:Sysmon,EventCode=1,DC0032,Process Creation
AN0375,Windows,WinEventLog:Sysmon,EventCode=11,DC0039,File Creation
AN0376,Linux,NSM:Flow,Connections to *.devtunnels.ms or tunnels.api.visualstudio.com,DC0082,Network Connection Creation
AN0376,Linux,auditd:SYSCALL,execve on code or jetbrains-gateway with remote flags,DC0032,Process Creation
AN0376,Linux,auditd:SYSCALL,open: Write to ~/.vscode-cli/code_tunnel.json,DC0039,File Creation
AN0377,macOS,NSM:Flow,HTTPs connection to tunnels.api.visualstudio.com,DC0082,Network Connection Creation
AN0377,macOS,macos:unifiedlog,process: code or jetbrains-gateway launching with --tunnel or --remote,DC0032,Process Creation
AN0377,macOS,macos:unifiedlog,creation of ~/.vscode-cli/code_tunnel.json,DC0039,File Creation
AN0378,Windows,WinEventLog:Security,EventCode=4688,DC0032,Process Creation
AN0378,Windows,WinEventLog:Sysmon,EventCode=10,DC0035,Process Access
AN0378,Windows,WinEventLog:Sysmon,EventCode=15,DC0059,File Metadata
AN0379,Windows,NSM:Flow,smtp.log,DC0085,Network Traffic Content
AN0379,Windows,WinEventLog:Sysmon,"EventCode=3, 22",DC0082,Network Connection Creation
AN0379,Windows,WinEventLog:Sysmon,EventCode=1,DC0032,Process Creation
AN0380,Linux,NSM:Flow,"smtp.log, conn.log",DC0085,Network Traffic Content
AN0380,Linux,auditd:SYSCALL,execve,DC0032,Process Creation
AN0381,macOS,macos:osquery,socket_events,DC0078,Network Traffic Flow
AN0381,macOS,macos:unifiedlog,"log stream --predicate 'processImagePath CONTAINS ""curl"" OR ""osascript""'",DC0032,Process Creation
AN0382,Network Devices,NSM:Flow,"smtp.log, conn.log",DC0085,Network Traffic Content
AN0383,Windows,WinEventLog:Security,EventCode=5136,DC0066,Active Directory Object Modification
AN0383,Windows,WinEventLog:Security,"EventCode=4720, 4738",DC0013,User Account Metadata
AN0383,Windows,etw:Microsoft-Windows-Directory-Services-SAM,api_call: Calls to DsAddSidHistory or related RPC operations,DC0021,OS API Execution
AN0384,Windows,WinEventLog:Security,EventCode=4673,DC0013,User Account Metadata
AN0384,Windows,WinEventLog:Sysmon,Raw disk write access via \\.\PhysicalDrive* or \\.\C:,DC0046,Drive Modification
AN0384,Windows,WinEventLog:Sysmon,EventCode=6,DC0079,Driver Load
AN0385,Linux,auditd:EXECVE,"Execution of dd, shred, wipe targeting block devices",DC0032,Process Creation
AN0385,Linux,auditd:SYSCALL,open/write syscalls on /dev/sd* or /dev/nvme*,DC0054,Drive Access
AN0386,macOS,macos:unifiedlog,diskutil eraseDisk / asr restore with destructive flags,DC0064,Command Execution
AN0386,macOS,macos:unifiedlog,IOKit disk write calls targeting raw devices,DC0046,Drive Modification
AN0387,Network Devices,networkdevice:cli,"erase flash:, erase startup-config, format disk",DC0064,Command Execution
AN0387,Network Devices,networkdevice:syslog,User privilege escalation to level 15/root prior to destructive commands,DC0002,User Account Authentication
AN0388,Windows,WinEventLog:PowerShell,"EventCode=4103, 4104, 4105, 4106",DC0064,Command Execution
AN0388,Windows,WinEventLog:Sysmon,EventCode=1,DC0032,Process Creation
AN0388,Windows,WinEventLog:Sysmon,EventCode=11,DC0039,File Creation
AN0388,Windows,WinEventLog:Sysmon,EventCode=7,DC0016,Module Load
AN0389,Windows,WinEventLog:Sysmon,EventCode=10,DC0035,Process Access
AN0389,Windows,WinEventLog:Sysmon,EventCode=7,DC0016,Module Load
AN0389,Windows,WinEventLog:Sysmon,EventCode=8,DC0020,Process Modification
AN0390,Linux,auditd:SYSCALL,execve,DC0032,Process Creation
AN0390,Linux,auditd:SYSCALL,LD_PRELOAD Logging,DC0016,Module Load
AN0391,macOS,fs:fsusage,File Access Monitor,DC0055,File Access
AN0391,macOS,macos:osquery,Memory Mappings,DC0020,Process Modification
AN0391,macOS,macos:unifiedlog,DYLD event subsystem,DC0016,Module Load
AN0392,Windows,WinEventLog:PowerShell,"EventCode=4103, 4104, 4105, 4106",DC0064,Command Execution
AN0392,Windows,WinEventLog:Security,"EventCode=4663, 4670, 4656",DC0055,File Access
AN0392,Windows,WinEventLog:Sysmon,EventCode=23,DC0040,File Deletion
AN0393,Linux,auditd:SYSCALL,PATH,DC0040,File Deletion
AN0393,Linux,auditd:SYSCALL,execve,DC0032,Process Creation
AN0394,macOS,fs:fsusage,"unlink, write",DC0061,File Modification
AN0394,macOS,macos:unifiedlog,process,DC0032,Process Creation
AN0395,ESXi,esxi:shell,/var/log/shell.log,DC0040,File Deletion
AN0396,Windows,WinEventLog:Sysmon,EventCode=1,DC0032,Process Creation
AN0396,Windows,WinEventLog:Sysmon,EventCode=7,DC0016,Module Load
AN0397,Linux,auditd:SYSCALL,execve of sleep or ping command within script interpreted by bash/python,DC0032,Process Creation
AN0397,Linux,auditd:SYSCALL,file write after sleep delay,DC0059,File Metadata
AN0398,macOS,WinEventLog:Sysmon,EventCode=1,DC0032,Process Creation
AN0398,macOS,macos:unifiedlog,"application logs referencing NSTimer, sleep, or launchd delays",DC0021,OS API Execution
AN0399,Network Devices,NSM:Flow,remote CLI session detection,DC0085,Network Traffic Content
AN0399,Network Devices,networkdevice:syslog,command_exec,DC0064,Command Execution
AN0399,Network Devices,networkdevice:syslog,authorization/accounting logs,DC0002,User Account Authentication
AN0400,Windows,WinEventLog:Sysmon,EventCode=7,DC0016,Module Load
AN0400,Windows,WinEventLog:Sysmon,"EventCode=3, 22",DC0082,Network Connection Creation
AN0401,Linux,auditd:SYSCALL,execve or socket/connect system calls from processes using crypto libraries,DC0032,Process Creation
AN0401,Linux,linux:osquery,Process linked with libcrypto.so making external connections,DC0016,Module Load
AN0401,Linux,linux:syslog,System daemons initiating encrypted sessions with unexpected destinations,DC0038,Application Log Content
AN0402,macOS,macos:unifiedlog,Process using AES/RC4 routines unexpectedly,DC0032,Process Creation
AN0402,macOS,macos:unifiedlog,Encrypted connection with anomalous payload entropy,DC0085,Network Traffic Content
AN0403,ESXi,esxcli:network,Socket sessions with randomized payloads inconsistent with TLS,DC0085,Network Traffic Content
AN0403,ESXi,esxi:vpxd,Symmetric crypto routines triggered for external session,DC0038,Application Log Content
AN0404,Network Devices,NSM:Connections,Symmetric encryption detected without TLS handshake sequence,DC0085,Network Traffic Content
AN0404,Network Devices,NSM:Flow,Flow records with entropy signatures resembling symmetric encryption,DC0078,Network Traffic Flow
AN0405,Windows,WinEventLog:Security,"EventCode=4672, 4634",DC0088,Logon Session Metadata
AN0405,Windows,WinEventLog:Security,EventCode=4769,DC0084,Active Directory Credential Request
AN0405,Windows,WinEventLog:Sysmon,EventCode=10,DC0035,Process Access
AN0406,Windows,WinEventLog:Security,EventCode=4688,DC0032,Process Creation
AN0406,Windows,WinEventLog:Sysmon,"EventCode=13, 14",DC0063,Windows Registry Key Modification
AN0407,Linux,auditd:SYSCALL,"execve: iptables, nft, firewall-cmd modifications",DC0064,Command Execution
AN0407,Linux,linux:osquery,execution of known firewall binaries,DC0032,Process Creation
AN0408,macOS,macos:unifiedlog,"pfctl -d, socketfilterfw --setglobalstate off, or modifications to com.apple.alf",DC0064,Command Execution
AN0409,ESXi,esxi:hostd,esxcli network firewall set commands,DC0064,Command Execution
AN0409,ESXi,esxi:hostd,vSphere API calls modifying firewall settings,DC0051,Firewall Rule Modification
AN0410,Network Devices,networkdevice:cli,firewall disable commands or suspicious ACL modifications,DC0051,Firewall Rule Modification
AN0411,Windows,WinEventLog:Sysmon,EventCode=1,DC0032,Process Creation
AN0411,Windows,WinEventLog:Sysmon,EventCode=11,DC0039,File Creation
AN0411,Windows,WinEventLog:Sysmon,EventCode=23,DC0040,File Deletion
AN0412,Linux,auditd:SYSCALL,"unlink, unlinkat, openat, write",DC0040,File Deletion
AN0412,Linux,auditd:SYSCALL,execve,DC0032,Process Creation
AN0413,macOS,macos:unifiedlog,exec rm -rf|dd if=/dev|srm|file unlink,DC0040,File Deletion
AN0413,macOS,macos:unifiedlog,process.*exit.*code,DC0033,Process Termination
AN0414,IaaS,AWS:CloudTrail,"DeleteBucket, DeleteDBCluster, DeleteSnapshot, TerminateInstances",DC0022,Cloud Storage Deletion
AN0415,ESXi,esxi:vmkernel,file delete|datastore purge,DC0098,Volume Deletion
AN0416,Containers,auditd:SYSCALL,"unlink, unlinkat, rmdir",DC0040,File Deletion
AN0416,Containers,docker:events,container exec rm|container stop --force,DC0064,Command Execution
AN0417,SaaS,AWS:CloudTrail,PutIdentityPolicy,DC0069,Cloud Service Modification
AN0417,SaaS,AWS:CloudTrail,SendEmail,DC0038,Application Log Content
AN0417,SaaS,AWS:CloudTrail,AssumeRole,DC0013,User Account Metadata
AN0418,Identity Provider,WinEventLog:Security,"EventCode=4769, 1200, 1202",DC0002,User Account Authentication
AN0418,Identity Provider,azure:signinlogs,SAML-based login with anomalous issuer or NotOnOrAfter lifetime,DC0088,Logon Session Metadata
AN0419,IaaS,AWS:CloudTrail,AssumeRoleWithSAML,DC0007,Web Credential Usage
AN0419,IaaS,CloudTrail:Signin,SAML login without corresponding IdP authentication log,DC0067,Logon Session Creation
AN0420,Windows,WinEventLog:ADFS,Token issuance events showing anomalous claims or issuers,DC0006,Web Credential Creation
AN0420,Windows,WinEventLog:Security,"EventCode=4624, 4648",DC0067,Logon Session Creation
AN0421,SaaS,m365:unified,Abnormal user claims or unexpected elevated role assignment in SAML assertion,DC0088,Logon Session Metadata
AN0421,SaaS,saas:access,SAML token accepted without preceding login challenge,DC0007,Web Credential Usage
AN0422,Office Suite,m365:exchange,Mailbox access using SAML token without corresponding MFA event,DC0007,Web Credential Usage
AN0422,Office Suite,m365:sharepoint,File access with forged or anomalous SAML claims,DC0067,Logon Session Creation
AN0423,Windows,NSM:Flow,"http.log, ftp.log",DC0085,Network Traffic Content
AN0423,Windows,WinEventLog:Security,"EventCode=4663, 4670, 4656",DC0055,File Access
AN0423,Windows,WinEventLog:Sysmon,"EventCode=3, 22",DC0082,Network Connection Creation
AN0423,Windows,WinEventLog:Sysmon,EventCode=1,DC0032,Process Creation
AN0424,Linux,NSM:Flow,"http.log, ftp.log",DC0085,Network Traffic Content
AN0424,Linux,NSM:Flow,flow records,DC0078,Network Traffic Flow
AN0424,Linux,auditd:SYSCALL,execve,DC0032,Process Creation
AN0424,Linux,auditd:SYSCALL,connect,DC0082,Network Connection Creation
AN0425,macOS,NSM:Flow,"http.log, ftp.log",DC0085,Network Traffic Content
AN0425,macOS,macos:osquery,socket_events,DC0078,Network Traffic Flow
AN0425,macOS,macos:osquery,process_events,DC0032,Process Creation
AN0425,macOS,macos:unifiedlog,log stream - file subsystem,DC0055,File Access
AN0426,ESXi,NSM:Flow,flow records,DC0078,Network Traffic Flow
AN0426,ESXi,NSM:Flow,http.log,DC0085,Network Traffic Content
AN0426,ESXi,esxi:hostd,event stream,DC0064,Command Execution
AN0427,Network Devices,NSM:Flow,PCAP inspection,DC0085,Network Traffic Content
AN0427,Network Devices,networkdevice:cli,CLI command logs,DC0064,Command Execution
AN0427,Network Devices,networkdevice:syslog,flow records,DC0078,Network Traffic Flow
AN0428,Windows,WinEventLog:Sysmon,EventCode=9,DC0054,Drive Access
AN0428,Windows,WinEventLog:Sysmon,EventCode=11,DC0039,File Creation
AN0429,Linux,auditd:SYSCALL,"open, write: Write operations targeting /dev/sda, /dev/nvme0n1, or EFI partition mounts",DC0061,File Modification
AN0429,Linux,linux:syslog,Block device write errors or unusual bootloader activity,DC0046,Drive Modification
AN0430,Windows,EDR:Telemetry,"Process lineage and API usage enrichment (GetSystemTime, GetTimeZoneInformation, NtQuerySystemTime)",DC0034,Process Metadata
AN0430,Windows,WinEventLog:PowerShell,"EventCode=4103, 4104, 4105, 4106",DC0064,Command Execution
AN0430,Windows,WinEventLog:Security,EventCode=4688,DC0032,Process Creation
AN0430,Windows,WinEventLog:Sysmon,EventCode=7,DC0016,Module Load
AN0430,Windows,WinEventLog:Sysmon,EventCode=10,DC0035,Process Access
AN0430,Windows,WinEventLog:Sysmon,EventCode=11,DC0039,File Creation
AN0430,Windows,WinEventLog:TaskScheduler,EventCode=106,DC0001,Scheduled Job Creation
AN0430,Windows,WinEventLog:TaskScheduler,Task registration/execution shortly after a time discovery event,DC0005,Scheduled Job Metadata
AN0430,Windows,etw:Microsoft-Windows-Kernel-Process,High-frequency or suspicious sequence of QueryPerformanceCounter/GetTickCount API calls from a non-standard process lineage,DC0021,OS API Execution
AN0431,Linux,auditd:SYSCALL,"type=EXECVE or SYSCALL for /bin/date, /usr/bin/timedatectl, /sbin/hwclock, /bin/cat /etc/timezone, /bin/cat /proc/uptime",DC0032,Process Creation
AN0431,Linux,auditd:SYSCALL,"Rules capturing clock_gettime, time, gettimeofday syscalls when enabled",DC0021,OS API Execution
AN0431,Linux,linux:cron,cron activity,DC0005,Scheduled Job Metadata
AN0431,Linux,linux:syslog,sudo/date/timedatectl execution by non-standard users,DC0002,User Account Authentication
AN0432,macOS,macos:unifiedlog,"process exec events of systemsetup, date, ioreg with command_line parameters indicating time discovery",DC0032,Process Creation
AN0432,macOS,macos:unifiedlog,New/modified launchd plist (persistence/scheduling) within TimeWindow after time query,DC0005,Scheduled Job Metadata
AN0433,ESXi,esxi:hostd,/var/log/hostd.log API calls reading/altering time/ntp settings,DC0034,Process Metadata
AN0433,ESXi,esxi:shell,"/var/log/shell.log entries containing ""esxcli system clock get""",DC0064,Command Execution
AN0433,ESXi,esxi:syslog,/var/log/vpxa.log task invocations tied to time configuration,DC0005,Scheduled Job Metadata
AN0434,Network Devices,networkdevice:config,config-change: timezone or ntp server configuration change after a time query command,DC0061,File Modification
AN0434,Network Devices,networkdevice:syslog,"command-exec: CLI commands containing ""show clock"", ""show clock detail"", ""show timezone"" executed by suspicious user/source",DC0064,Command Execution
AN0435,macOS,macos:unifiedlog,process execution events with dylib load activity,DC0016,Module Load
AN0435,macOS,macos:unifiedlog,create/modify dylib files in monitored directories,DC0039,File Creation
AN0435,macOS,macos:unifiedlog,replace existing dylibs,DC0061,File Modification
AN0436,Windows,WinEventLog:Security,"EventCode=4663, 4670, 4656",DC0055,File Access
AN0436,Windows,WinEventLog:Sysmon,EventCode=1,DC0032,Process Creation
AN0436,Windows,WinEventLog:Sysmon,"EventCode=3, 22",DC0082,Network Connection Creation
AN0437,Linux,NSM:Flow,large HTTPS POST requests to webhook endpoints,DC0085,Network Traffic Content
AN0437,Linux,auditd:EXECVE,"curl -X POST, wget --post-data",DC0064,Command Execution
AN0437,Linux,auditd:SYSCALL,read/open of sensitive files,DC0055,File Access
AN0438,macOS,macos:unifiedlog,"execution of osascript, curl, or unexpected automation",DC0032,Process Creation
AN0438,macOS,macos:unifiedlog,file read of sensitive directories,DC0055,File Access
AN0438,macOS,macos:unifiedlog,HTTPS POST to known webhook URLs,DC0078,Network Traffic Flow
AN0439,ESXi,esxi:hostd,datastore file access,DC0055,File Access
AN0439,ESXi,esxi:vmkernel,HTTPS POST connections to webhook endpoints,DC0085,Network Traffic Content
AN0440,SaaS,m365:unified,"Set-Mailbox, Add-InboxRule, RegisterWebhook",DC0038,Application Log Content
AN0440,SaaS,saas:api,Webhook registrations or repeated POST activity,DC0078,Network Traffic Flow
AN0441,Windows,WinEventLog:Security,EventCode=4688,DC0032,Process Creation
AN0441,Windows,WinEventLog:Sysmon,"EventCode=13, 14",DC0063,Windows Registry Key Modification
AN0442,IaaS,AWS:CloudTrail,LeaveOrganization: API calls severing accounts from AWS Organizations,DC0069,Cloud Service Modification
AN0443,SaaS,saas:application,"High-frequency invocation of SMS-related API endpoints from publicly accessible OTP or verification forms (e.g., Twilio: SendMessage, Cognito: AdminCreateUser) with irregular destination patterns.",DC0038,Application Log Content
AN0443,SaaS,saas:audit,"Repeated requests to SMS-generating endpoints using anomalous or new user agents, IP ranges, or geographies.",DC0002,User Account Authentication
AN0444,Windows,WinEventLog:Security,EventCode=4769,DC0084,Active Directory Credential Request
AN0444,Windows,WinEventLog:Security,"EventCode=4624, 4648",DC0067,Logon Session Creation
AN0444,Windows,WinEventLog:Security,EventCode=4672,DC0088,Logon Session Metadata
AN0444,Windows,WinEventLog:Sysmon,EventCode=10,DC0035,Process Access
AN0445,Windows,WinEventLog:Security,EventCode=4688,DC0032,Process Creation
AN0445,Windows,WinEventLog:Sysmon,EventCode=7,DC0016,Module Load
AN0445,Windows,WinEventLog:Sysmon,"EventCode=3, 22",DC0082,Network Connection Creation
AN0446,Windows,WinEventLog:System,EventCode=2003,DC0042,Drive Creation
AN0447,Linux,auditd:SYSCALL,udev events or drive enumeration involving TinyPilot paths or device classes,DC0042,Drive Creation
AN0448,macOS,macos:unifiedlog,Hardware enumeration events via IOKit or USBMuxd showing TinyPilot or unknown keyboard/mouse,DC0042,Drive Creation
AN0449,Identity Provider,NSM:Connections,PushNotificationSent,DC0038,Application Log Content
AN0449,Identity Provider,azure:signinlogs,Multiple MFA challenge requests without successful primary login,DC0002,User Account Authentication
AN0450,IaaS,AWS:CloudTrail,AssumeRole or ConsoleLogin with repeated MFA failures followed by repeated MFA requests,DC0002,User Account Authentication
AN0451,Windows,WinEventLog:Security,EventCode=4625,DC0002,User Account Authentication
AN0452,Linux,auditd:AUTH,pam_unix or pam_google_authenticator invoked repeatedly within short interval,DC0002,User Account Authentication
AN0453,SaaS,saas:okta,MFAChallengeIssued,DC0038,Application Log Content
AN0454,macOS,macos:unifiedlog,authd generating multiple MFA token requests,DC0088,Logon Session Metadata
AN0455,Windows,WinEventLog:PowerShell,"EventCode=4103, 4104, 4105, 4106",DC0064,Command Execution
AN0455,Windows,WinEventLog:Security,EventCode=4662,DC0071,Active Directory Object Access
AN0455,Windows,WinEventLog:Sysmon,EventCode=1,DC0032,Process Creation
AN0456,Linux,auditd:SYSCALL,execve,DC0032,Process Creation
AN0456,Linux,auditd:SYSCALL,"open,openat,read",DC0013,User Account Metadata
AN0456,Linux,linux:syslog,sudo chage|grep pam_pwquality|cat /etc/login.defs,DC0064,Command Execution
AN0457,macOS,macos:MDM,profiles -P|getaccountpolicies,DC0013,User Account Metadata
AN0457,macOS,macos:unifiedlog,pwpolicy|PasswordPolicy,DC0064,Command Execution
AN0457,macOS,macos:unifiedlog,exec /usr/bin/pwpolicy,DC0032,Process Creation
AN0458,IaaS,AWS:CloudTrail,GetAccountPasswordPolicy,DC0013,User Account Metadata
AN0459,Identity Provider,azure:audit,operation contains 'Get*Password*Policy' OR 'List*Authentication*Policy' OR 'Get-ADDefaultDomainPasswordPolicy',DC0013,User Account Metadata
AN0460,SaaS,m365:unified,Workload=AzureActiveDirectory OR Exchange AND (Operation=Cmdlet AND Parameters contains 'Password' AND (CmdletName='Get-*' OR CmdletName='Get-OrganizationConfig')),DC0013,User Account Metadata
AN0461,Network Devices,networkdevice:syslog,cmd='show aaa*' OR 'show running-config | include password|aaa' OR 'show aaa common-criteria policy all',DC0064,Command Execution
AN0462,Windows,NSM:Flow,"Single, low-volume inbound packet (REJ/S0/OTH or uncommon dport/protocol) from src_ip followed by outbound SF connection to src_ip.",DC0085,Network Traffic Content
AN0462,Windows,WinEventLog:Sysmon,EventCode=1,DC0032,Process Creation
AN0462,Windows,WinEventLog:Sysmon,"EventCode=3, 22",DC0082,Network Connection Creation
AN0462,Windows,WinEventLog:Sysmon,EventCode=6,DC0079,Driver Load
AN0462,Windows,WinEventLog:Sysmon,EventCode=7,DC0016,Module Load
AN0462,Windows,WinEventLog:System,EventCode=7045,DC0060,Service Creation
AN0463,Linux,NSM:Flow,Rare inbound packet characteristics (ICMP/UDP/TCP to uncommon port) from src_ip followed ≤TimeWindow by outbound SF from same host to src_ip.,DC0085,Network Traffic Content
AN0463,Linux,auditd:SYSCALL,"socket(AF_PACKET|AF_INET, SOCK_RAW, *), setsockopt(… SO_ATTACH_FILTER|SO_ATTACH_BPF …), bpf(cmd=BPF_PROG_LOAD), open/openat path=""/dev/bpf*"" (BSD/macOS-like) or setcap cap_net_raw.",DC0032,Process Creation
AN0463,Linux,linux:osquery,family=AF_PACKET or protocol raw; process name not in allowlist.,DC0082,Network Connection Creation
AN0464,macOS,NSM:Flow,Inbound one-off packet to uncommon port → outbound SF to same src_ip within TimeWindow.,DC0085,Network Traffic Content
AN0464,macOS,OpenBSM:AuditTrail,open/openat of /dev/bpf*; ioctl BIOCSETF-like operations.,DC0032,Process Creation
AN0464,macOS,macos:unifiedlog,First outbound connection from the same PID/user shortly after an inbound trigger.,DC0082,Network Connection Creation
AN0465,Network Devices,NSM:Flow,Source/destination IP translation inconsistent with intended policy,DC0078,Network Traffic Flow
AN0465,Network Devices,networkdevice:config,NAT table modification (add/update/delete rule),DC0085,Network Traffic Content
AN0466,Linux,auditd:SYSCALL,"execve, prctl, or ptrace activity affecting process memory or command-line arguments",DC0034,Process Metadata
AN0466,Linux,ebpf:tracepoints,Runtime memory overwrite of argv[] memory region,DC0020,Process Modification
AN0467,Linux,auditd:SYSCALL,execve,DC0032,Process Creation
AN0467,Linux,auditd:SYSCALL,PATH,DC0040,File Deletion
AN0468,macOS,fs:fsusage,"unlink, write",DC0061,File Modification
AN0468,macOS,macos:unifiedlog,process,DC0032,Process Creation
AN0469,Windows,WinEventLog:PowerShell,"EventCode=4103, 4104, 4105, 4106",DC0064,Command Execution
AN0469,Windows,WinEventLog:Security,"EventCode=4663, 4670, 4656",DC0061,File Modification
AN0469,Windows,WinEventLog:Sysmon,EventCode=23,DC0040,File Deletion
AN0470,ESXi,esxi:shell,/var/log/shell.log,DC0040,File Deletion
AN0471,Network Devices,networkdevice:syslog,CLI command audit,DC0064,Command Execution
AN0472,Windows,WinEventLog:Application,Exchange Transport Service loads unusual .NET assembly or errors upon transport agent execution,DC0038,Application Log Content
AN0472,Windows,WinEventLog:PowerShell,"EventCode=4103, 4104, 4105, 4106",DC0064,Command Execution
AN0472,Windows,WinEventLog:Sysmon,EventCode=1,DC0032,Process Creation
AN0472,Windows,WinEventLog:Sysmon,EventCode=7,DC0016,Module Load
AN0472,Windows,WinEventLog:Sysmon,EventCode=11,DC0039,File Creation
AN0473,Linux,auditd:EXECVE,"/usr/sbin/postfix, /usr/sbin/exim, /usr/sbin/sendmail",DC0032,Process Creation
AN0473,Linux,auditd:SYSCALL,write,DC0061,File Modification
AN0473,Linux,auditd:SYSCALL,write,DC0039,File Creation
AN0473,Linux,linux:Sysmon,EventCode=7,DC0016,Module Load
AN0473,Linux,linux:syslog,"milter configuration updated, transport rule initialized, unexpected script execution",DC0038,Application Log Content
AN0474,Windows,WinEventLog:Microsoft-Windows-Kernel-Boot,Firmware integrity validation failed or boot configuration tampered,DC0004,Firmware Modification
AN0474,Windows,WinEventLog:Security,EventCode=4688,DC0032,Process Creation
AN0474,Windows,WinEventLog:Sysmon,EventCode=6,DC0079,Driver Load
AN0475,Linux,auditd:SYSCALL,write access to /dev/mem or /sys/firmware/efi/efivars,DC0004,Firmware Modification
AN0475,Linux,auditd:SYSCALL,"execution of known flash tools (e.g., flashrom, fwupd)",DC0032,Process Creation
AN0476,macOS,macos:unifiedlog,com.apple.firmwareupdater activity or update-firmware binary invoked,DC0032,Process Creation
AN0476,macOS,macos:unifiedlog,boot failure events or SMC validation errors,DC0004,Firmware Modification
AN0477,Network Devices,NSM:Flow,large upload to firmware interface port or path,DC0085,Network Traffic Content
AN0477,Network Devices,networkdevice:firmware,Firmware update initiated or bootloader tampering detected,DC0004,Firmware Modification
AN0478,Windows,WinEventLog:Sysmon,EventCode=1,DC0032,Process Creation
AN0478,Windows,WinEventLog:Sysmon,EventCode=7,DC0016,Module Load
AN0478,Windows,WinEventLog:Sysmon,EventCode=10,DC0035,Process Access
AN0479,Linux,auditd:SYSCALL,"execve of system tools like dmidecode, lspci, lscpu, dmesg, systemd-detect-virt",DC0032,Process Creation
AN0480,macOS,macos:unifiedlog,"exec or spawn of 'system_profiler', 'ioreg', 'kextstat', 'sysctl', or calls to sysctl API",DC0032,Process Creation
AN0481,IaaS,AWS:CloudTrail,DescribeInstances,DC0086,Instance Metadata
AN0481,IaaS,AWS:CloudTrail,ListBuckets,DC0017,Cloud Storage Enumeration
AN0481,IaaS,AWS:CloudTrail,DescribeDBInstances,DC0075,Instance Enumeration
AN0482,Network Devices,networkdevice:cli,"Execution of commands to load, copy, or replace system images (e.g., 'copy tftp flash', 'boot system')",DC0064,Command Execution
AN0482,Network Devices,networkdevice:config,"Configuration changes to boot variables, startup image paths, or checksum verification failures",DC0061,File Modification
AN0483,IaaS,AWS:CloudTrail,Web console logins using session cookies without corresponding MFA event,DC0067,Logon Session Creation
AN0483,IaaS,AWS:CloudTrail,"GetSessionToken, AssumeRoleWithWebIdentity",DC0007,Web Credential Usage
AN0484,Windows,WinEventLog:Security,"EventCode=4624, 4648",DC0067,Logon Session Creation
AN0484,Windows,WinEventLog:Sysmon,EventCode=11,DC0039,File Creation
AN0485,Linux,WinEventLog:Sysmon,"EventCode=3, 22",DC0082,Network Connection Creation
AN0485,Linux,auditd:SYSCALL,Unusual processes accessing or modifying cookie databases,DC0055,File Access
AN0486,macOS,macos:unifiedlog,Abnormal process access to Safari or Chrome cookie storage,DC0055,File Access
AN0486,macOS,macos:unifiedlog,New session initiated using cookies without normal MFA or password validation,DC0007,Web Credential Usage
AN0487,SaaS,m365:unified,Session activity without correlated login event,DC0007,Web Credential Usage
AN0487,SaaS,saas:access,Multiple concurrent logins using same cookie from different locations,DC0067,Logon Session Creation
AN0488,Windows,WinEventLog:AppLocker,AppLocker audit/blocks showing developer utilities executing scripts/binaries outside policy,DC0034,Process Metadata
AN0488,Windows,WinEventLog:Security,EventCode=4688,DC0032,Process Creation
AN0488,Windows,WinEventLog:Sysmon,EventCode=7,DC0016,Module Load
AN0488,Windows,WinEventLog:Sysmon,EventCode=11,DC0039,File Creation
AN0488,Windows,WinEventLog:Sysmon,"EventCode=3, 22",DC0082,Network Connection Creation
AN0489,Windows,WinEventLog:Application,"Unexpected spikes in request volume, application-level errors, or thread pool exhaustion in web or API logs",DC0038,Application Log Content
AN0489,Windows,WinEventLog:Sysmon,"EventCode=3, 22",DC0082,Network Connection Creation
AN0489,Windows,Windows:perfmon,"Sustained CPU/memory exhaustion by service process (e.g., w3wp.exe)",DC0018,Host Status
AN0490,Linux,NSM:Flow,Sudden spike in incoming flows to web service ports from single/multiple IPs,DC0078,Network Traffic Flow
AN0490,Linux,auditd:SYSCALL,"High frequency of accept(), read(), or SSL_read() syscalls tied to nginx/apache processes",DC0035,Process Access
AN0490,Linux,linux:syslog,"Repetitive HTTP 408, 500, or 503 errors logged within short timeframe",DC0038,Application Log Content
AN0491,macOS,macos:unifiedlog,"Web service process (e.g., httpd) entering crash loop or consuming excessive CPU",DC0018,Host Status
AN0491,macOS,macos:unifiedlog,Rapid incoming TLS handshakes or HTTP requests in quick succession,DC0085,Network Traffic Content
AN0492,IaaS,AWS:CloudTrail,AuthorizeSecurityGroupIngress,DC0051,Firewall Rule Modification
AN0492,IaaS,AWS:CloudWatch,Sustained spike in CPU usage on EC2 instance with web service role,DC0018,Host Status
AN0492,IaaS,AWS:VPCFlowLogs,Unusual volume of inbound packets from single source across short time interval,DC0078,Network Traffic Flow
AN0493,Windows,WinEventLog:Security,"EventCode=4768, 4769, 4770",DC0002,User Account Authentication
AN0493,Windows,WinEventLog:Sysmon,EventCode=10,DC0035,Process Access
AN0494,Linux,NSM:Connections,Repeated failed authentication attempts or replay patterns,DC0002,User Account Authentication
AN0494,Linux,auditd:SYSCALL,"execve: Suspicious binaries or scripts interacting with authentication binaries (sshd, gdm, login)",DC0032,Process Creation
AN0495,macOS,macos:osquery,execve: Processes unexpectedly invoking Keychain or authentication APIs,DC0032,Process Creation
AN0495,macOS,macos:unifiedlog,opendirectoryd crashes or abnormal authentication errors,DC0038,Application Log Content
AN0496,Identity Provider,azure:signinlogs,"TokenIssued, TokenRenewed: Unexpected or anomalous token issuance events",DC0002,User Account Authentication
AN0496,Identity Provider,m365:unified,ConsentGranted: Abuse of application integrations to mint tokens bypassing MFA,DC0038,Application Log Content
AN0497,Network Devices,NSM:Flow,Outbound or inbound TFTP file transfers of ROMMON or firmware binaries,DC0082,Network Connection Creation
AN0497,Network Devices,networkdevice:config,"Log entries indicating ROMMON image upgrade commands (boot system, upgrade rom-monitor)",DC0004,Firmware Modification
AN0497,Network Devices,networkdevice:syslog,"Unexpected reload, crashinfo, or boot message not tied to scheduled maintenance",DC0021,OS API Execution
AN0498,Windows,NSM:Flow,"http.request: HTTP requests and responses for specific script resources, unexpected content-types (application/octet-stream for script URLs), suspicious referrers, or obfuscated javascript resources",DC0085,Network Traffic Content
AN0498,Windows,WinEventLog:Application,"Browser or plugin/application logs showing script errors, plugin enumerations, or unusual extension load events",DC0038,Application Log Content
AN0498,Windows,WinEventLog:Security,"EventCode=4624, 4648",DC0067,Logon Session Creation
AN0498,Windows,WinEventLog:Security,EventCode=4688,DC0032,Process Creation
AN0498,Windows,WinEventLog:Sysmon,"EventCode=3, 22",DC0082,Network Connection Creation
AN0498,Windows,WinEventLog:Sysmon,EventCode=11,DC0039,File Creation
AN0498,Windows,etw:Microsoft-Windows-Kernel-Process,Memory Modification / Unmapped module load or suspicious RWX allocations in the process space of a browser process,DC0020,Process Modification
AN0499,Linux,NSM:Connections,Outbound connections from newly spawned child processes or from the browser to uncommon endpoints or on anomalous ports,DC0082,Network Connection Creation
AN0499,Linux,NSM:Flow,"http::response: HTTP responses with suspicious content-type for scripts, long obfuscated javascript bodies, or redirects to exploit kit domains",DC0085,Network Traffic Content
AN0499,Linux,auditd:SYSCALL,"execve: execve calls where a browser/webview process is parent and child is interpreter (python, sh, ruby) or downloader (curl, wget)",DC0032,Process Creation
AN0499,Linux,linux:Sysmon,"New files in /tmp, /var/tmp, $HOME/.cache, executed within TimeWindow after browser HTTP fetch",DC0039,File Creation
AN0499,Linux,linux:syslog,"Application or browser logs (webview errors, plugin enumerations) indicating suspicious script evaluation or plugin loads",DC0038,Application Log Content
AN0500,macOS,NSM:Flow,"HTTP/HTTPS requests for script resources flagged by content inspection (excessive obfuscation, eval usage, unusual redirects)",DC0085,Network Traffic Content
AN0500,macOS,macos:unifiedlog,"Logs from unifiedlogging that show browser crashes, plugin enumerations, extension installs or errors around the same time as suspicious network fetches",DC0038,Application Log Content
AN0500,macOS,macos:unifiedlog,process_create: Process creation where parent is Safari/Google Chrome and child is script interpreter or signed-but-unusual helper binary,DC0032,Process Creation
AN0500,macOS,macos:unifiedlog,"New files written to /var/folders, /tmp, ~/Library/Caches, or ~/Downloads by browser context or its children",DC0039,File Creation
AN0500,macOS,macos:unifiedlog,Anomalous dyld dynamic library loads or RWX memory mappings in browser process,DC0020,Process Modification
AN0501,Identity Provider,AWS:CloudTrail,"ConsoleLogin: If IdP backed by cloud provider, Console login from new IP/agent after correlated endpoint compromise",DC0067,Logon Session Creation
AN0501,Identity Provider,azure:signinlogs,"SignIn: Sign-ins flagged as atypical (new geographic region, unfamiliar device id) shortly after correlated endpoint/browser compromise times",DC0002,User Account Authentication
AN0501,Identity Provider,m365:unified,"Application Consent grants, new OAuth client registrations, or unusual admin-level activities executed by a user account shortly after suspected drive-by compromise",DC0038,Application Log Content
AN0501,Identity Provider,saas:auth,Refresh token issuance or refresh token usage from new IPs or user agents,DC0013,User Account Metadata
AN0502,Windows,WinEventLog:Application,Outlook logs indicating failure to load or render HTML page in Home Page view,DC0038,Application Log Content
AN0502,Windows,WinEventLog:PowerShell,Execution of PowerShell script to enumerate or remove malicious Home Page folder config,DC0064,Command Execution
AN0502,Windows,WinEventLog:Sysmon,EventCode=1,DC0032,Process Creation
AN0502,Windows,WinEventLog:Sysmon,EventCode=7,DC0016,Module Load
AN0503,Office Suite,m365:messagetrace,Inbound email triggering Outlook to auto-access folder tied to malicious Home Page,DC0064,Command Execution
AN0503,Office Suite,m365:unified,Folder configuration updated with external or HTML-formatted Home Page via Set-MailboxFolder,DC0038,Application Log Content
AN0504,Windows,NSM:Flow,port 5900 inbound,DC0078,Network Traffic Flow
AN0504,Windows,WinEventLog:Security,"EventCode=4624, 4648",DC0067,Logon Session Creation
AN0504,Windows,WinEventLog:Sysmon,EventCode=1,DC0032,Process Creation
AN0505,Linux,NSM:Flow,TCP port 5900 open,DC0078,Network Traffic Flow
AN0505,Linux,auditd:EXECVE,None,DC0032,Process Creation
AN0505,Linux,linux:syslog,None,DC0088,Logon Session Metadata
AN0506,macOS,NSM:firewall,inbound connection to port 5900,DC0078,Network Traffic Flow
AN0506,macOS,macos:osquery,process_events,DC0032,Process Creation
AN0506,macOS,macos:unifiedlog,authentication,DC0067,Logon Session Creation
AN0507,Windows,WinEventLog:PowerShell,"EventCode=4103, 4104, 4105, 4106",DC0064,Command Execution
AN0507,Windows,WinEventLog:Security,EventCode=4688,DC0032,Process Creation
AN0508,Linux,auditd:SYSCALL,execve,DC0032,Process Creation
AN0509,macOS,macos:unifiedlog,process:launch,DC0032,Process Creation
AN0510,Windows,WinEventLog:Sysmon,EventCode=11,DC0039,File Creation
AN0510,Windows,WinEventLog:Sysmon,EventCode=2,DC0061,File Modification
AN0510,Windows,WinEventLog:Sysmon,EventCode=1,DC0032,Process Creation
AN0510,Windows,WinEventLog:Sysmon,EventCode=15,DC0059,File Metadata
AN0511,Windows,WinEventLog:Application,"Stored procedure creation, modification, or xp_cmdshell invocation via SQL logs or SQL Server auditing",DC0029,Script Execution
AN0511,Windows,WinEventLog:Application,"CLR Assembly creation, loading, or modification logs via MSSQL CLR integration",DC0016,Module Load
AN0511,Windows,WinEventLog:Sysmon,EventCode=1,DC0032,Process Creation
AN0512,Linux,ApplicationLogs:SQL,"Stored procedure creation or modification with shell invocation (e.g., system(), exec())",DC0029,Script Execution
AN0512,Linux,auditd:SYSCALL,execve,DC0032,Process Creation
AN0513,Windows,WinEventLog:PowerShell,"EventCode=4103, 4104, 4105, 4106",DC0064,Command Execution
AN0513,Windows,WinEventLog:Security,EventCode=4688,DC0032,Process Creation
AN0513,Windows,WinEventLog:Sysmon,"EventCode=3, 22",DC0082,Network Connection Creation
AN0513,Windows,WinEventLog:Sysmon,EventCode=17,DC0048,Named Pipe Metadata
AN0513,Windows,etw:Microsoft-Windows-RPC,rpc_call: srvsvc.NetShareEnum / NetShareEnumAll from non-admin or unusual processes,DC0021,OS API Execution
AN0514,Linux,NSM:Flow,connection: TCP connections to ports 139/445 to multiple hosts,DC0082,Network Connection Creation
AN0514,Linux,NSM:Flow,smb_command: TreeConnectAndX to \\*\IPC$ / srvsvc or Trans2/NT_CREATE for listing shares,DC0021,OS API Execution
AN0514,Linux,auditd:SYSCALL,"execve of smbclient, smbmap, rpcclient, nmblookup, crackmapexec smb",DC0032,Process Creation
AN0515,macOS,NSM:Firewall,Outbound connections to 139/445 to multiple destinations,DC0078,Network Traffic Flow
AN0515,macOS,NSM:Flow,connection: SMB connections to multiple internal hosts,DC0082,Network Connection Creation
AN0515,macOS,macos:endpointsecurity,"ES_EVENT_TYPE_NOTIFY_EXEC: Process execution of ""sharing -l"", ""smbutil view"", ""mount_smbfs""",DC0032,Process Creation
AN0515,macOS,macos:unifiedlog,"Command line contains smbutil view //, mount_smbfs //",DC0064,Command Execution
AN0516,Windows,WinEventLog:Security,EventCode=5140,DC0102,Network Share Access
AN0516,Windows,WinEventLog:Sysmon,EventCode=11,DC0039,File Creation
AN0516,Windows,WinEventLog:Sysmon,EventCode=1,DC0032,Process Creation
AN0517,Linux,auditd:FILE,create: New file created in system binaries or temp directories,DC0039,File Creation
AN0517,Linux,auditd:SYSCALL,"execve: Invocation of scp, rsync, curl, or sftp",DC0064,Command Execution
AN0518,macOS,macos:unifiedlog,"Execution of scp, rsync, curl with remote destination",DC0032,Process Creation
AN0518,macOS,macos:unifiedlog,File created in ~/Library/LaunchAgents or executable directories,DC0039,File Creation
AN0519,ESXi,esxi:hostd,scp/ssh used to move file across hosts,DC0064,Command Execution
AN0519,ESXi,esxi:vmkernel,Upload of file to datastore,DC0059,File Metadata
AN0520,Windows,WinEventLog:Security,EventCode=1102,DC0038,Application Log Content
AN0520,Windows,WinEventLog:Sysmon,EventCode=23,DC0040,File Deletion
AN0520,Windows,WinEventLog:Sysmon,"EventCode=13, 14",DC0063,Windows Registry Key Modification
AN0521,Linux,auditd:SYSCALL,"unlink, rename, open",DC0040,File Deletion
AN0521,Linux,linux:cli,cleared or truncated .bash_history,DC0038,Application Log Content
AN0522,macOS,fs:fsusage,"unlink, fs_delete",DC0040,File Deletion
AN0522,macOS,macos:osquery,File modifications in ~/Library/Preferences/,DC0061,File Modification
AN0522,macOS,macos:unifiedlog,log stream cleared or truncated,DC0038,Application Log Content
AN0523,Containers,docker:daemon,container file operations,DC0040,File Deletion
AN0523,Containers,ebpf:syscalls,Unexpected container volume unmount + file deletion,DC0059,File Metadata
AN0524,ESXi,esxi:hostd,"rm, clearlogs, logrotate",DC0040,File Deletion
AN0525,Office Suite,m365:exchange,"Remove-InboxRule, Clear-Mailbox",DC0012,Scheduled Job Modification
AN0525,Office Suite,m365:unified,"PurgeAuditLogs, Remove-MailboxAuditLog",DC0038,Application Log Content
AN0526,IaaS,AWS:CloudTrail,"AssumeRole, GetFederationToken, GetSessionToken",DC0007,Web Credential Usage
AN0526,IaaS,AWS:CloudTrail,sts:GetFederationToken,DC0002,User Account Authentication
AN0527,Identity Provider,azure:signinlogs,"TokenIssued, RefreshTokenUsed",DC0007,Web Credential Usage
AN0527,Identity Provider,m365:unified,Delegated permission grants without user login event,DC0002,User Account Authentication
AN0528,SaaS,saas:googleworkspace,"OAuthTokenGranted, APIRequest",DC0007,Web Credential Usage
AN0528,SaaS,saas:salesforce,API login using access_token without login history,DC0002,User Account Authentication
AN0529,Office Suite,m365:unified,"OAuthTokenIssued, FileAccessed, MailItemsAccessed",DC0007,Web Credential Usage
AN0530,Containers,AWS:CloudTrail,AssumeRoleWithWebIdentity,DC0002,User Account Authentication
AN0530,Containers,kubernetes:apiserver,serviceAccount token used in API requests not tied to workload identity,DC0007,Web Credential Usage
AN0531,Windows,WinEventLog:Sysmon,EventCode=1,DC0032,Process Creation
AN0531,Windows,WinEventLog:Sysmon,EventCode=11,DC0039,File Creation
AN0532,Linux,auditd:SYSCALL,execve,DC0032,Process Creation
AN0532,Linux,auditd:SYSCALL,open,DC0055,File Access
AN0533,macOS,macos:unifiedlog,logMessage contains pbpaste or osascript,DC0032,Process Creation
AN0533,macOS,macos:unifiedlog,subsystem=launchservices,DC0029,Script Execution
AN0534,SaaS,azure:signinlogs,Operation=UserLogin,DC0002,User Account Authentication
AN0535,Windows,WinEventLog:Security,EventCode=1102,DC0038,Application Log Content
AN0535,Windows,WinEventLog:Sysmon,"EventCode=13, 14",DC0063,Windows Registry Key Modification
AN0535,Windows,WinEventLog:Sysmon,EventCode=1,DC0032,Process Creation
AN0535,Windows,WinEventLog:System,EventCode=7035,DC0041,Service Metadata
AN0536,Windows,WinEventLog:Sysmon,EventCode=1,DC0032,Process Creation
AN0537,Linux,auditd:EXECVE,"command line arguments containing lsblk, fdisk, parted",DC0064,Command Execution
AN0537,Linux,auditd:SYSCALL,"execve call with argv matching known disk enumeration commands (lsblk, parted, fdisk)",DC0032,Process Creation
AN0538,macOS,macos:unifiedlog,process launch of diskutil or system_profiler with SPStorageDataType,DC0032,Process Creation
AN0538,macOS,macos:unifiedlog,log messages related to disk enumeration context or Terminal session,DC0064,Command Execution
AN0539,ESXi,esxi:auth,interactive shell or SSH access preceding storage enumeration,DC0002,User Account Authentication
AN0539,ESXi,esxi:hostd,"execution of esxcli with args matching 'storage', 'filesystem', 'core device list'",DC0032,Process Creation
AN0540,Windows,WinEventLog:Application,EventCode=1000,DC0038,Application Log Content
AN0540,Windows,WinEventLog:Sysmon,EventCode=1,DC0032,Process Creation
AN0540,Windows,WinEventLog:Sysmon,EventCode=11,DC0039,File Creation
AN0541,Linux,EDR:detection,"ThreatDetected, QuarantineLog",DC0038,Application Log Content
AN0541,Linux,auditd:SYSCALL,execve,DC0032,Process Creation
AN0541,Linux,auditd:SYSCALL,"open, rename",DC0020,Process Modification
AN0541,Linux,linux:osquery,file_events,DC0059,File Metadata
AN0542,macOS,macos:osquery,file_events,DC0059,File Metadata
AN0542,macOS,macos:unifiedlog,quarantine or AV-related subsystem,DC0038,Application Log Content
AN0543,Windows,WinEventLog:PowerShell,Set-ADUser or Set-ADAuthenticationPolicy with MFA attributes disabled,DC0029,Script Execution
AN0543,Windows,WinEventLog:Security,EventCode=4739,DC0066,Active Directory Object Modification
AN0544,Identity Provider,azure:signinlogs,Modify Conditional Access Policy,DC0038,Application Log Content
AN0544,Identity Provider,m365:unified,User excluded from MFA or MFA method registered,DC0010,User Account Modification
AN0545,IaaS,AWS:CloudTrail,UpdateIdentityPolicy or DisableMFA,DC0069,Cloud Service Modification
AN0546,Linux,NSM:Connections,Successful login without expected MFA challenge,DC0002,User Account Authentication
AN0546,Linux,auditd:SYSCALL,open/write to /etc/pam.d/*,DC0061,File Modification
AN0547,macOS,macos:unifiedlog,Modification of /Library/Security/SecurityAgentPlugins,DC0061,File Modification
AN0547,macOS,macos:unifiedlog,Login success without MFA step,DC0002,User Account Authentication
AN0548,SaaS,saas:zoom,DisableMFA or RegisterNewFactor,DC0010,User Account Modification
AN0549,Office Suite,m365:unified,Set-CsOnlineUser or UpdateAuthPolicy,DC0038,Application Log Content
AN0550,Windows,WinEventLog:Microsoft-Windows-Security-Mitigations/KernelMode,ETW telemetry indicating ClickOnce deployment (dfsvc.exe) launching payloads,DC0034,Process Metadata
AN0550,Windows,WinEventLog:Security,EventCode=4688,DC0032,Process Creation
AN0550,Windows,WinEventLog:Sysmon,EventCode=7,DC0016,Module Load
AN0551,Windows,WinEventLog:Security,"EventCode=4103, 4104, 4105, 4106",DC0064,Command Execution
AN0551,Windows,m365:unified,New-InboxRule or Set-InboxRule events recorded in Exchange Online,DC0038,Application Log Content
AN0552,macOS,macos:unifiedlog,Modifications to Mail.app plist files controlling message rules,DC0061,File Modification
AN0552,macOS,macos:unifiedlog,Mail.app executing with parameters updating rules state,DC0032,Process Creation
AN0553,Linux,ApplicationLog:MailServer,Unexpected additions of sieve rules or filtering directives,DC0038,Application Log Content
AN0553,Linux,auditd:SYSCALL,execve calls modifying local mail filter configuration files,DC0064,Command Execution
AN0554,Office Suite,m365:unified,Transport rule or inbox rule creation events,DC0038,Application Log Content
AN0555,Windows,WinEventLog:Security,"EventCode=4663, 4670, 4656",DC0061,File Modification
AN0555,Windows,WinEventLog:Sysmon,EventCode=11,DC0039,File Creation
AN0555,Windows,WinEventLog:Sysmon,EventCode=23,DC0040,File Deletion
AN0555,Windows,WinEventLog:Sysmon,EventCode=15,DC0059,File Metadata
AN0556,Linux,auditd:SYSCALL,"open, unlink, rename: File creation or deletion involving critical stored data",DC0039,File Creation
AN0556,Linux,auditd:SYSCALL,write: Modification of structured stored data by suspicious processes,DC0061,File Modification
AN0557,macOS,macos:osquery,"CREATE, DELETE, WRITE: Stored data manipulation attempts by unauthorized processes",DC0040,File Deletion
AN0557,macOS,macos:unifiedlog,Unexpected creation or modification of stored data files in protected directories,DC0061,File Modification
AN0558,Windows,WinEventLog:Sysmon,EventCode=1,DC0032,Process Creation
AN0558,Windows,WinEventLog:Sysmon,EventCode=11,DC0039,File Creation
AN0558,Windows,WinEventLog:Sysmon,EventCode=7,DC0016,Module Load
AN0558,Windows,WinEventLog:Sysmon,EventCode=12,DC0056,Windows Registry Key Creation
AN0559,Windows,WinEventLog:PowerShell,"EventCode=4103, 4104, 4105, 4106",DC0064,Command Execution
AN0559,Windows,WinEventLog:Sysmon,EventCode=1,DC0032,Process Creation
AN0560,Linux,auditd:EXECVE,execve,DC0032,Process Creation
AN0561,macOS,macos:unifiedlog,process,DC0032,Process Creation
AN0562,ESXi,esxi:hostd,None,DC0064,Command Execution
AN0563,Network Devices,networkdevice:cli,None,DC0064,Command Execution
AN0564,Windows,NSM:Connections,TLS handshake + HTTP headers,DC0085,Network Traffic Content
AN0564,Windows,WinEventLog:Sysmon,"EventCode=3, 22",DC0082,Network Connection Creation
AN0565,Linux,NSM:Flow,ssl.log + http.log,DC0085,Network Traffic Content
AN0565,Linux,auditd:SYSCALL,execve,DC0032,Process Creation
AN0566,macOS,macos:osquery,process_events,DC0032,Process Creation
AN0566,macOS,macos:unifiedlog,"network, socket, and http logs",DC0085,Network Traffic Content
AN0567,ESXi,NSM:Firewall,TLS/HTTP inspection,DC0085,Network Traffic Content
AN0567,ESXi,esxi:shell,"/var/log/vmkernel.log, /var/log/vmkwarning.log",DC0032,Process Creation
AN0568,Windows,WinEventLog:Microsoft-Windows-Windows Camera Frame Server/Operational,Process session start/stop events for camera pipeline by unexpected executables,DC0034,Process Metadata
AN0568,Windows,WinEventLog:Security,"EventCode=4663, 4670, 4656",DC0021,OS API Execution
AN0568,Windows,WinEventLog:Sysmon,EventCode=1,DC0032,Process Creation
AN0568,Windows,WinEventLog:Sysmon,"EventCode=3, 22",DC0082,Network Connection Creation
AN0568,Windows,WinEventLog:Sysmon,EventCode=7,DC0016,Module Load
AN0568,Windows,WinEventLog:Sysmon,EventCode=11,DC0039,File Creation
AN0569,Linux,NSM:Flow,http/file-xfer: Outbound transfer of large video-like MIME types soon after capture,DC0085,Network Traffic Content
AN0569,Linux,auditd:SYSCALL,openat/read/ioctl: openat/read/ioctl on /dev/video* by uncommon user/process,DC0021,OS API Execution
AN0569,Linux,auditd:SYSCALL,PATH records referencing /dev/video*,DC0055,File Access
AN0569,Linux,linux:osquery,select: path LIKE '/dev/video%',DC0034,Process Metadata
AN0569,Linux,linux:syslog,sudo execution of ffmpeg/gst-launch/v4l2-ctl by non-standard user,DC0064,Command Execution
AN0570,macOS,macos:endpointsecurity,open: Process opens AppleCamera/IOUSB device nodes or AVFoundation frameworks,DC0055,File Access
AN0570,macOS,macos:endpointsecurity,"exec: Exec of ffmpeg, avfoundation-based binaries, or custom signed apps accessing camera",DC0032,Process Creation
AN0570,macOS,macos:unifiedlog,Access decisions to kTCCServiceCamera for unexpected binaries,DC0021,OS API Execution
AN0570,macOS,macos:unifiedlog,Process wrote large .mov/.mp4 in user temp/hidden dirs,DC0039,File Creation
AN0571,Containers,docker:api,docker logs access or container inspect commands from non-administrative users,DC0064,Command Execution
AN0571,Containers,kubernetes:apiserver,get/list requests to /api/v1/secrets or /api/v1/namespaces/*/serviceaccounts,DC0002,User Account Authentication
AN0571,Containers,kubernetes:apiserver,exec into pod followed by secret retrieval via API,DC0032,Process Creation
AN0571,Containers,kubernetes:orchestrator,Access to orchestrator logs containing credentials (Docker/Kubernetes logs),DC0038,Application Log Content
AN0572,ESXi,esxi:shell,"command IN (""esxcli vm process list"", ""vim-cmd vmsvc/getallvms"")",DC0064,Command Execution
AN0573,Linux,auditd:SYSCALL,"execve: process_name IN (""virsh"", ""VBoxManage"", ""qemu-img"") AND command IN (""list"", ""info"")",DC0064,Command Execution
AN0574,Windows,WinEventLog:Security,EventCode=4688,DC0032,Process Creation
AN0575,macOS,macos:unifiedlog,"process_name IN (""VBoxManage"", ""prlctl"") AND command CONTAINS (""list"", ""show"")",DC0032,Process Creation
AN0576,Windows,WinEventLog:Sysmon,EventCode=1,DC0032,Process Creation
AN0576,Windows,WinEventLog:Sysmon,"EventCode=3, 22",DC0082,Network Connection Creation
AN0576,Windows,WinEventLog:Sysmon,EventCode=11,DC0039,File Creation
AN0577,Windows,WinEventLog:Security,EventCode=4657,DC0063,Windows Registry Key Modification
AN0577,Windows,WinEventLog:Sysmon,EventCode=11,DC0039,File Creation
AN0577,Windows,WinEventLog:Sysmon,EventCode=15,DC0059,File Metadata
AN0577,Windows,WinEventLog:Sysmon,EventCode=7,DC0016,Module Load
AN0577,Windows,WinEventLog:Sysmon,EventCode=1,DC0032,Process Creation
AN0578,Windows,EDR:scriptblock,Process Tree + Script Block Logging,DC0029,Script Execution
AN0578,Windows,WinEventLog:Security,EventCode=4688,DC0032,Process Creation
AN0578,Windows,WinEventLog:Sysmon,EventCode=7,DC0016,Module Load
AN0579,Linux,auditd:SYSCALL,"mmap, ptrace, process_vm_writev or direct memory ops",DC0021,OS API Execution
AN0579,Linux,auditd:SYSCALL,execve,DC0032,Process Creation
AN0579,Linux,linux:osquery,state=attached/debugged,DC0034,Process Metadata
AN0580,Windows,WinEventLog:Application,API call to AddMonitor invoked by non-installer process,DC0021,OS API Execution
AN0580,Windows,WinEventLog:Sysmon,EventCode=1,DC0032,Process Creation
AN0580,Windows,WinEventLog:Sysmon,EventCode=7,DC0016,Module Load
AN0580,Windows,WinEventLog:Sysmon,EventCode=13,DC0063,Windows Registry Key Modification
AN0580,Windows,WinEventLog:Sysmon,EventCode=11,DC0039,File Creation
AN0581,Windows,WinEventLog:Sysmon,EventCode=1,DC0032,Process Creation
AN0581,Windows,WinEventLog:Sysmon,EventCode=7,DC0016,Module Load
AN0582,Containers,container:proxy,outbound/inbound network activity from spawned pods,DC0085,Network Traffic Content
AN0582,Containers,kubernetes:apiserver,"verb=create, resource=cronjobs, group=batch",DC0001,Scheduled Job Creation
AN0582,Containers,kubernetes:events,"container start/stop activity via Docker, containerd, or CRI-O",DC0072,Container Creation
AN0583,Windows,WinEventLog:Security,EventCode=4657,DC0063,Windows Registry Key Modification
AN0583,Windows,WinEventLog:Sysmon,EventCode=7,DC0016,Module Load
AN0584,Windows,WinEventLog:Application,"Service crash, unhandled exception, or application hang warnings for critical services (e.g., IIS, DNS, SQL Server)",DC0038,Application Log Content
AN0584,Windows,WinEventLog:Sysmon,EventCode=1,DC0032,Process Creation
AN0584,Windows,WinEventLog:System,System shutdowns due to bugcheck (Event ID 1001) or watchdog timer expirations,DC0018,Host Status
AN0585,Linux,auditd:SYSCALL,execve,DC0032,Process Creation
AN0585,Linux,journald:systemd,Repeated service restart attempts or unit failures,DC0038,Application Log Content
AN0585,Linux,linux:syslog,Out of memory killer invoked or kernel panic entries,DC0018,Host Status
AN0586,macOS,macos:unifiedlog,Repeated process crashes logged by CrashReporter or system instability logs in com.apple.console,DC0038,Application Log Content
AN0586,macOS,macos:unifiedlog,Spike in CPU or memory use from non-user-initiated processes,DC0018,Host Status
AN0587,IaaS,AWS:CloudTrail,StartInstances,DC0080,Instance Start
AN0587,IaaS,AWS:CloudWatch,StatusCheckFailed or StatusCheckFailed_System for burstable instances (t2/t3),DC0018,Host Status
AN0587,IaaS,VPCFlowLogs:All,High volume internal traffic with low entropy indicating looped or malicious DoS script,DC0078,Network Traffic Flow
AN0588,Containers,docker:events,Container exited with non-zero code repeatedly in short period,DC0038,Application Log Content
AN0588,Containers,kubernetes:events,"CrashLoopBackOff, OOMKilled, container restart count exceeds threshold",DC0018,Host Status
AN0589,Windows,WinEventLog:PowerShell,"EventCode=4103, 4104, 4105, 4106",DC0064,Command Execution
AN0589,Windows,WinEventLog:Sysmon,EventCode=1,DC0032,Process Creation
AN0589,Windows,WinEventLog:Sysmon,"EventCode=13, 14",DC0063,Windows Registry Key Modification
AN0590,Windows,WinEventLog:Security,"EventCode=4624, 4625, 4768, 4769",DC0088,Logon Session Metadata
AN0590,Windows,WinEventLog:Sysmon,EventCode=1,DC0032,Process Creation
AN0590,Windows,WinEventLog:Sysmon,"EventCode=3, 22",DC0082,Network Connection Creation
AN0591,Linux,auditd:SYSCALL,"pam_authenticate, sshd",DC0002,User Account Authentication
AN0591,Linux,linux:syslog,sssd / sudo logs,DC0088,Logon Session Metadata
AN0592,macOS,macos:unifiedlog,"log show --predicate 'eventMessage contains ""Authentication""'",DC0002,User Account Authentication
AN0593,ESXi,esxi:hostd,/var/log/hostd.log,DC0088,Logon Session Metadata
AN0593,ESXi,esxi:vpxd,/var/log/vmware/vpxd.log,DC0002,User Account Authentication
AN0594,IaaS,AWS:CloudTrail,"SendSSHPublicKey, StartSession (SSM), EC2InstanceConnect",DC0067,Logon Session Creation
AN0594,IaaS,WinEventLog:Sysmon,EventCode=1,DC0032,Process Creation
AN0595,Windows,WinEventLog:Security,EventCode=4657,DC0063,Windows Registry Key Modification
AN0595,Windows,WinEventLog:Sysmon,EventCode=11,DC0039,File Creation
AN0595,Windows,WinEventLog:Sysmon,EventCode=7,DC0016,Module Load
AN0595,Windows,WinEventLog:Sysmon,EventCode=1,DC0032,Process Creation
AN0596,Windows,NSM:Flow,NetFlow/sFlow/PCAP,DC0078,Network Traffic Flow
AN0596,Windows,WinEventLog:Sysmon,"EventCode=3, 22",DC0082,Network Connection Creation
AN0597,Linux,NSM:Flow,Outbound Network Flow,DC0078,Network Traffic Flow
AN0597,Linux,auditd:SYSCALL,connect/sendto,DC0082,Network Connection Creation
AN0598,macOS,macos:endpointsecurity,ES_EVENT_TYPE_NOTIFY_CONNECT,DC0082,Network Connection Creation
AN0598,macOS,macos:unifiedlog,com.apple.network,DC0078,Network Traffic Flow
AN0599,Windows,EDR:file,"File Metadata Analysis (PE overlays, entropy)",DC0059,File Metadata
AN0599,Windows,WinEventLog:Sysmon,EventCode=11,DC0039,File Creation
AN0599,Windows,WinEventLog:Sysmon,EventCode=1,DC0032,Process Creation
AN0600,Linux,auditd:SYSCALL,"open, write",DC0061,File Modification
AN0600,Linux,ebpf:syscalls,container_file_activity,DC0055,File Access
AN0600,Linux,linux:osquery,"elf_info, hash, yara_matches",DC0059,File Metadata
AN0601,macOS,macos:endpointsecurity,ES_EVENT_TYPE_NOTIFY_EXEC,DC0032,Process Creation
AN0601,macOS,macos:osquery,"mach_o_info, file_metadata",DC0059,File Metadata
AN0601,macOS,macos:unifiedlog,logd:file write,DC0039,File Creation
AN0602,Windows,WinEventLog:Sysmon,EventCode=1,DC0032,Process Creation
AN0602,Windows,WinEventLog:Sysmon,EventCode=11,DC0039,File Creation
AN0602,Windows,WinEventLog:Sysmon,EventCode=2,DC0061,File Modification
AN0603,Linux,auditd:SYSCALL,"openat, write, rename, unlink",DC0061,File Modification
AN0603,Linux,auditd:SYSCALL,execve,DC0032,Process Creation
AN0604,macOS,macos:unifiedlog,file encrypted|new file with .encrypted extension|disk write burst,DC0061,File Modification
AN0604,macOS,macos:unifiedlog,exec srm|exec openssl|exec gpg,DC0032,Process Creation
AN0605,ESXi,esxi:shell,openssl|tar|dd,DC0064,Command Execution
AN0605,ESXi,esxi:vmkernel,rename .vmdk to .*.locked|datastore write spike,DC0061,File Modification
AN0606,IaaS,AWS:CloudTrail,"PutObject (with SSE-C), UploadPart (SSE-C)",DC0023,Cloud Storage Modification
AN0607,macOS,macos:unifiedlog,Process memory maps new dylib (dylib_load event),DC0016,Module Load
AN0607,macOS,macos:unifiedlog,Mach-O binary modified or LC_LOAD_DYLIB segment inserted,DC0061,File Modification
AN0607,macOS,macos:unifiedlog,Code signature validation fails or is absent post-binary modification,DC0059,File Metadata
AN0608,Windows,WinEventLog:Security,EventCode=4688,DC0032,Process Creation
AN0608,Windows,WinEventLog:Sysmon,EventCode=10,DC0035,Process Access
AN0608,Windows,etw:Microsoft-Windows-Win32k,"SetWindowLong, SetClassLong, NtUserMessageCall, SendNotifyMessage, PostMessage",DC0021,OS API Execution
AN0609,Windows,WinEventLog:Security,EventCode=4657,DC0063,Windows Registry Key Modification
AN0609,Windows,WinEventLog:Sysmon,EventCode=1,DC0032,Process Creation
AN0609,Windows,WinEventLog:Sysmon,EventCode=7,DC0016,Module Load
AN0609,Windows,WinEventLog:Sysmon,EventCode=11,DC0039,File Creation
AN0610,Linux,auditd:SYSCALL,open/write syscalls targeting /etc/ld.so.preload or binaries in /usr/bin,DC0061,File Modification
AN0610,Linux,linux:osquery,Process execution with LD_PRELOAD or modified library path,DC0032,Process Creation
AN0610,Linux,linux:syslog,Service restart with modified executable path,DC0041,Service Metadata
AN0611,macOS,macos:unifiedlog,Execution of process with DYLD_INSERT_LIBRARIES set,DC0032,Process Creation
AN0611,macOS,macos:unifiedlog,Modified application plist or binary replacement in /Applications,DC0061,File Modification
AN0611,macOS,macos:unifiedlog,Dylib loaded from abnormal location,DC0016,Module Load
AN0612,Containers,docker:daemon,container create/start with privileged flag or host volume mount,DC0072,Container Creation
AN0612,Containers,kubernetes:apiserver,Pod spec with hostPath or privileged securityContext,DC0092,Volume Modification
AN0613,Linux,auditd:SYSCALL,"unshare, mount, keyctl, setns syscalls executed by containerized processes",DC0021,OS API Execution
AN0613,Linux,linux:Sysmon,process creation events linked to container namespaces executing host-level binaries,DC0032,Process Creation
AN0614,Windows,WinEventLog:Security,EventCode=4688,DC0032,Process Creation
AN0614,Windows,WinEventLog:Sysmon,EventCode=11,DC0039,File Creation
AN0615,ESXi,esxi:vmkernel,"VM exit/entry anomalies, unexpected hypercalls, or kernel module loading",DC0031,Kernel Module Load
AN0616,Windows,WinEventLog:Security,"EventCode=4663, 4670, 4656",DC0055,File Access
AN0616,Windows,WinEventLog:Sysmon,EventCode=1,DC0032,Process Creation
AN0616,Windows,WinEventLog:Sysmon,EventCode=11,DC0039,File Creation
AN0616,Windows,WinEventLog:System,EventCode=2003,DC0042,Drive Creation
AN0617,Linux,auditd:SYSCALL,"open, read",DC0055,File Access
AN0617,Linux,auditd:SYSCALL,Kernel Device Events - USB Block Devices,DC0042,Drive Creation
AN0618,macOS,fs:fsusage,Disk Activity Tracing,DC0055,File Access
AN0618,macOS,macos:osquery,process_events,DC0032,Process Creation
AN0618,macOS,macos:unifiedlog,Volume Mount + Process Trace + File Read,DC0042,Drive Creation
AN0619,Windows,WinEventLog:Security,EventCode=4688,DC0032,Process Creation
AN0619,Windows,WinEventLog:Sysmon,EventCode=10,DC0035,Process Access
AN0619,Windows,WinEventLog:Sysmon,EventCode=11,DC0039,File Creation
AN0620,Linux,auditd:SYSCALL,open,DC0055,File Access
AN0620,Linux,auditd:SYSCALL,write,DC0039,File Creation
AN0620,Linux,linux:Sysmon,EventCode=1,DC0032,Process Creation
AN0621,macOS,Apple TCC Logs,Microphone Access Events,DC0035,Process Access
AN0621,macOS,fs:fsusage,File IO,DC0039,File Creation
AN0621,macOS,macos:unifiedlog,audio APIs,DC0021,OS API Execution
AN0622,Windows,WinEventLog:Microsoft-Windows-COM/Operational,CLSID activation events where ProcessName=mmc.exe and CLSID not in allowed baseline,DC0021,OS API Execution
AN0622,Windows,WinEventLog:PowerShell,"EventCode=4103, 4104, 4105, 4106",DC0064,Command Execution
AN0622,Windows,WinEventLog:Sysmon,EventCode=1,DC0032,Process Creation
AN0622,Windows,WinEventLog:Sysmon,EventCode=7,DC0016,Module Load
AN0622,Windows,WinEventLog:Sysmon,EventCode=11,DC0039,File Creation
AN0622,Windows,WinEventLog:Sysmon,EventCode=12,DC0056,Windows Registry Key Creation
AN0622,Windows,WinEventLog:Sysmon,"EventCode=13, 14",DC0063,Windows Registry Key Modification
AN0622,Windows,WinEventLog:Sysmon,"EventCode=3, 22",DC0082,Network Connection Creation
AN0623,Windows,WinEventLog:Application,"SCCM, Intune logs",DC0038,Application Log Content
AN0623,Windows,WinEventLog:Security,EventCode=4688,DC0032,Process Creation
AN0624,Linux,auditd:SYSCALL,execve,DC0032,Process Creation
AN0625,macOS,macos:jamf,RemoteCommandExecution,DC0038,Application Log Content
AN0625,macOS,macos:unifiedlog,process and signing chain events,DC0032,Process Creation
AN0626,SaaS,AWS:CloudTrail,SSM RunCommand,DC0064,Command Execution
AN0627,Network Devices,NSM:Flow,Device-to-Device Deployment Flows,DC0078,Network Traffic Flow
AN0627,Network Devices,networkdevice:syslog,config push events,DC0038,Application Log Content
AN0628,Windows,WinEventLog:Security,"EventCode=4663, 4670, 4656",DC0050,Windows Registry Key Access
AN0628,Windows,WinEventLog:Sysmon,EventCode=1,DC0032,Process Creation
AN0628,Windows,WinEventLog:Sysmon,EventCode=7,DC0016,Module Load
AN0629,Windows,WinEventLog:Security,EventCode=3033,DC0016,Module Load
AN0629,Windows,WinEventLog:Sysmon,EventCode=6,DC0079,Driver Load
AN0629,Windows,WinEventLog:Sysmon,EventCode=11,DC0039,File Creation
AN0629,Windows,WinEventLog:Sysmon,EventCode=2,DC0061,File Modification
AN0629,Windows,WinEventLog:Sysmon,EventCode=12,DC0056,Windows Registry Key Creation
AN0629,Windows,WinEventLog:Sysmon,"EventCode=13, 14",DC0063,Windows Registry Key Modification
AN0630,Windows,WinEventLog:Sysmon,EventCode=11,DC0039,File Creation
AN0630,Windows,WinEventLog:Sysmon,EventCode=1,DC0032,Process Creation
AN0631,Linux,auditd:SYSCALL,execve,DC0032,Process Creation
AN0631,Linux,linux:osquery,Read headers and detect MIME type mismatch,DC0059,File Metadata
AN0632,macOS,macos:unifiedlog,launchservices events for misleading extensions,DC0032,Process Creation
AN0633,Windows,WinEventLog:Security,"EventCode=5156, 5157",DC0082,Network Connection Creation
AN0633,Windows,WinEventLog:Sysmon,EventCode=1,DC0032,Process Creation
AN0634,Linux,auditd:SYSCALL,socket/connect syscalls,DC0078,Network Traffic Flow
AN0634,Linux,linux:osquery,process listening or connecting on non-standard ports,DC0032,Process Creation
AN0634,Linux,linux:syslog,processes binding to non-standard ports or sshd configured on unexpected port,DC0038,Application Log Content
AN0635,macOS,macos:unifiedlog,outbound TCP/UDP traffic over unexpected port,DC0078,Network Traffic Flow
AN0635,macOS,macos:unifiedlog,launchd services binding to non-standard ports,DC0032,Process Creation
AN0636,ESXi,esxcli:network,listening sockets bound to non-standard ports,DC0085,Network Traffic Content
AN0636,ESXi,esxi:vpxd,ESXi service connections on unexpected ports,DC0078,Network Traffic Flow
AN0637,Windows,WinEventLog:Sysmon,"EventCode=3, 22",DC0082,Network Connection Creation
AN0637,Windows,WinEventLog:Sysmon,EventCode=1,DC0032,Process Creation
AN0638,Linux,auditd:SYSCALL,"execve, connect",DC0032,Process Creation
AN0638,Linux,iptables:LOG,OUTBOUND,DC0078,Network Traffic Flow
AN0639,macOS,macos:endpointsecurity,ES_EVENT_TYPE_NOTIFY_EXEC,DC0032,Process Creation
AN0639,macOS,macos:unifiedlog,tcp/udp,DC0078,Network Traffic Flow
AN0640,ESXi,esxi:cron,process or cron activity,DC0032,Process Creation
AN0640,ESXi,esxi:hostd,CLI network calls,DC0078,Network Traffic Flow
AN0641,Windows,WinEventLog:PowerShell,"EventCode=4103, 4104, 4105, 4106",DC0064,Command Execution
AN0641,Windows,WinEventLog:Sysmon,EventCode=1,DC0032,Process Creation
AN0642,Office Suite,azure:signinlogs,Unusual Token Usage or Application Consent,DC0002,User Account Authentication
AN0642,Office Suite,gcp:audit,Directory API Access: users.list or groups.list,DC0013,User Account Metadata
AN0642,Office Suite,m365:unified,GAL Lookup or Address Book download,DC0038,Application Log Content
AN0643,Windows,WinEventLog:Security,EventCode=4688,DC0032,Process Creation
AN0643,Windows,WinEventLog:Sysmon,EventCode=7,DC0016,Module Load
AN0644,macOS,macos:unifiedlog,Code signing verification failures or bypassed trust decisions,DC0059,File Metadata
AN0644,macOS,macos:unifiedlog,Execution of binaries with unsigned or anomalously signed certificates,DC0032,Process Creation
AN0645,Linux,auditd:SYSCALL,"creat, open, write on /etc/systemd/system and /usr/lib/systemd/system",DC0039,File Creation
AN0645,Linux,auditd:SYSCALL,execve logging for /usr/bin/systemctl and systemd-run,DC0032,Process Creation
AN0645,Linux,linux:osquery,file_events,DC0001,Scheduled Job Creation
AN0646,ESXi,esxi:hostd,"Guest Operations API invocation: StartProgramInGuest, ListProcessesInGuest, ListFileInGuest, InitiateFileTransferFromGuest",DC0038,Application Log Content
AN0647,Network Devices,NSM:Flow,"Outbound SCP, TFTP, or FTP sessions carrying configuration file content",DC0085,Network Traffic Content
AN0647,Network Devices,networkdevice:cli,"Execution of commands like 'show running-config', 'copy running-config', or 'export config'",DC0064,Command Execution
AN0647,Network Devices,networkdevice:syslog,Failed and successful logins to network devices outside approved admin IP ranges,DC0002,User Account Authentication
AN0647,Network Devices,snmp:access,GETBULK/GETNEXT requests for OIDs associated with configuration parameters,DC0082,Network Connection Creation
AN0648,Windows,WinEventLog:Security,"EventCode=4663, 4670, 4656",DC0055,File Access
AN0648,Windows,WinEventLog:Security,EventCode=4662,DC0071,Active Directory Object Access
AN0648,Windows,WinEventLog:Sysmon,EventCode=10,DC0035,Process Access
AN0648,Windows,WinEventLog:Sysmon,EventCode=1,DC0032,Process Creation
AN0649,Linux,auditd:SYSCALL,open,DC0055,File Access
AN0649,Linux,auditd:SYSCALL,ptrace,DC0035,Process Access
AN0649,Linux,auditd:SYSCALL,execve,DC0032,Process Creation
AN0650,macOS,macos:keychain,Access to Keychain DB or system.keychain,DC0055,File Access
AN0650,macOS,macos:osquery,Invocation of osascript or dylib injection,DC0032,Process Creation
AN0650,macOS,macos:unifiedlog,Code Execution & Entitlement Access,DC0034,Process Metadata
AN0651,Windows,NSM:Flow,Session Transfer Content,DC0085,Network Traffic Content
AN0651,Windows,WinEventLog:Sysmon,EventCode=1,DC0032,Process Creation
AN0651,Windows,WinEventLog:Sysmon,EventCode=11,DC0039,File Creation
AN0651,Windows,WinEventLog:Sysmon,"EventCode=3, 22",DC0082,Network Connection Creation
AN0652,Linux,NSM:Flow,Captured File Content,DC0085,Network Traffic Content
AN0652,Linux,NSM:Flow,Observed File Transfers,DC0059,File Metadata
AN0652,Linux,auditd:SYSCALL,execve,DC0032,Process Creation
AN0653,macOS,NSM:Flow,C2 exfiltration,DC0085,Network Traffic Content
AN0653,macOS,macos:osquery,process_events,DC0032,Process Creation
AN0653,macOS,macos:unifiedlog,File creation,DC0039,File Creation
AN0654,ESXi,NSM:Flow,Transferred file observations,DC0085,Network Traffic Content
AN0654,ESXi,esxi:hostd,Service initiated connections,DC0082,Network Connection Creation
AN0654,ESXi,esxi:vmkernel,Storage access and file ops,DC0059,File Metadata
AN0655,Windows,WinEventLog:Sysmon,EventCode=11,DC0039,File Creation
AN0655,Windows,WinEventLog:Sysmon,EventCode=1,DC0032,Process Creation
AN0655,Windows,WinEventLog:Sysmon,"EventCode=3, 22",DC0082,Network Connection Creation
AN0655,Windows,m365:unified,Send/Receive: Inbound emails with attachments from suspicious or spoofed senders,DC0038,Application Log Content
AN0656,Linux,Application:Mail,Inbound email attachments logged from MTAs with suspicious metadata,DC0038,Application Log Content
AN0656,Linux,NSM:Flow,Outbound traffic from suspicious new processes post-attachment execution,DC0078,Network Traffic Flow
AN0656,Linux,auditd:SYSCALL,execve: Execution of files saved in mail or download directories,DC0032,Process Creation
AN0657,macOS,macos:unifiedlog,Inbound messages with attachments from suspicious domains,DC0038,Application Log Content
AN0657,macOS,macos:unifiedlog,"Execution of Terminal, osascript, or other interpreters originating from Mail or Preview",DC0032,Process Creation
AN0657,macOS,macos:unifiedlog,Attachment files written to ~/Downloads or temporary folders,DC0039,File Creation
AN0658,Linux,auditd:SYSCALL,execve,DC0032,Process Creation
AN0658,Linux,linux:syslog,boot logs,DC0029,Script Execution
AN0659,macOS,fs:fsusage,file activity,DC0039,File Creation
AN0659,macOS,macos:unifiedlog,process events,DC0032,Process Creation
AN0660,ESXi,esxi:shell,admin command usage,DC0061,File Modification
AN0660,ESXi,esxi:syslog,boot logs,DC0064,Command Execution
AN0661,Network Devices,networkdevice:syslog,startup-config,DC0061,File Modification
AN0661,Network Devices,networkdevice:syslog,system boot logs,DC0064,Command Execution
AN0662,Windows,WinEventLog:Application,"Unexpected web application errors or CMS logs showing modification to index.html, default.aspx, or other public-facing files",DC0038,Application Log Content
AN0662,Windows,WinEventLog:Security,"EventCode=4663, 4670, 4656",DC0061,File Modification
AN0662,Windows,WinEventLog:Sysmon,EventCode=1,DC0032,Process Creation
AN0663,Linux,apache:access_log,"Unusual HTTP POST or PUT requests to paths such as '/uploads/', '/admin/', or CMS plugin folders",DC0085,Network Traffic Content
AN0663,Linux,auditd:SYSCALL,write,DC0061,File Modification
AN0663,Linux,linux:syslog,"Unauthorized sudo or shell access, especially leading to file changes in /var/www or /srv/http",DC0032,Process Creation
AN0664,macOS,macos:unifiedlog,Execution of unexpected terminal or web scripts modifying /Library/WebServer/Documents,DC0032,Process Creation
AN0664,macOS,macos:unifiedlog,File creation or overwrite in common web-hosting folders,DC0061,File Modification
AN0665,ESXi,esxi:vmkernel,Unauthorized file modifications within datastore volumes via shell access or vCLI,DC0061,File Modification
AN0666,IaaS,AWS:CloudTrail,"GetObject, CopyObject",DC0025,Cloud Storage Access
AN0666,IaaS,CloudTrail:PutObject,PutObject,DC0039,File Creation
AN0667,Windows,WinEventLog:Security,EventCode=4657,DC0063,Windows Registry Key Modification
AN0667,Windows,WinEventLog:Sysmon,EventCode=16,DC0018,Host Status
AN0668,Linux,auditd:SYSCALL,"execve: service stop syslog, systemctl stop rsyslog, kill -9 syslog",DC0064,Command Execution
AN0668,Linux,linux:osquery,unexpected termination of syslog or rsyslog processes,DC0033,Process Termination
AN0669,macOS,macos:unifiedlog,defaults write com.apple.system.logging or logd manipulation,DC0064,Command Execution
AN0670,ESXi,esxi:hostd,esxcli system syslog config set or reload,DC0064,Command Execution
AN0671,Windows,WinEventLog:Security,EventCode=4768,DC0084,Active Directory Credential Request
AN0671,Windows,WinEventLog:Security,EventCode=4657,DC0050,Windows Registry Key Access
AN0672,Linux,auditd:SYSCALL,"open, read: /etc/ssl/, /etc/pki/, ~/.pki/nssdb/",DC0055,File Access
AN0672,Linux,auditd:SYSCALL,"execve: openssl pkcs12, certutil, keytool",DC0064,Command Execution
AN0673,macOS,macos:keychain,"~/Library/Keychains, /Library/Keychains",DC0055,File Access
AN0673,macOS,macos:unifiedlog,"process calling security find-certificate, export, or import",DC0064,Command Execution
AN0674,Identity Provider,azure:signinlogs,"Add certificate credential, Update certificate credential",DC0066,Active Directory Object Modification
AN0674,Identity Provider,m365:unified,certificate added or modified in application credentials,DC0038,Application Log Content
AN0675,Windows,WinEventLog:Kerberos,Kerberos TGS-REQ anomalies without KDC validation (Silver Ticket behavior),DC0084,Active Directory Credential Request
AN0675,Windows,WinEventLog:Security,"EventCode=4672, 4634",DC0088,Logon Session Metadata
AN0675,Windows,WinEventLog:Sysmon,EventCode=10,DC0035,Process Access
AN0676,Linux,NSM:Flow,http::post: Outbound HTTP POST from host shortly after DB export activity,DC0085,Network Traffic Content
AN0676,Linux,auditd:PATH,"Creation of files with extensions .sql, .csv, .sqlite, especially in user directories",DC0039,File Creation
AN0676,Linux,auditd:SYSCALL,"execve: Execution of CLI tools like psql, mysql, mongo, sqlite3",DC0032,Process Creation
AN0677,Windows,WinEventLog:Security,EventCode=4688,DC0032,Process Creation
AN0677,Windows,WinEventLog:Sysmon,EventCode=11,DC0039,File Creation
AN0677,Windows,WinEventLog:Sysmon,"EventCode=3, 22",DC0082,Network Connection Creation
AN0678,macOS,NSM:Flow,"HTTPS API requests to Dropbox, iCloud, Google Drive, OneDrive shortly after DB tool usage",DC0085,Network Traffic Content
AN0678,macOS,macos:unifiedlog,Process start of Java or native DB client tools,DC0032,Process Creation
AN0678,macOS,macos:unifiedlog,Writes of .sql/.csv/.xlsx files to user documents/downloads,DC0039,File Creation
AN0679,IaaS,AWS:CloudTrail,rds:ExecuteStatement: Large data access via RDS or Aurora with unknown session context,DC0070,Cloud Service Metadata
AN0679,IaaS,AWS:CloudTrail,PutObject: S3 writes with .sql/.csv extension by same identity or within 5 min of DB access,DC0025,Cloud Storage Access
AN0679,IaaS,AWS:VPCFlowLogs,Large transfer volume (>20MB) from RDS IP range to external public IPs,DC0082,Network Connection Creation
AN0680,SaaS,m365:unified,"Bulk downloads or API extractions from Microsoft-hosted data repositories (e.g., Dynamics 365)",DC0055,File Access
AN0680,SaaS,saas:Snowflake,QUERY: Large or repeated SELECT * queries to sensitive tables,DC0038,Application Log Content
AN0681,Network Devices,NSM:Flow,Observed downgrade in negotiated cipher suites or TLS/SSH versions across sessions,DC0085,Network Traffic Content
AN0681,Network Devices,networkdevice:cli,"Execution of CLI commands altering crypto parameters (e.g., 'crypto key generate rsa modulus 512')",DC0064,Command Execution
AN0681,Network Devices,networkdevice:config,"Configuration changes referencing 'crypto', 'key length', 'cipher', or downgrade of encryption settings",DC0061,File Modification
AN0682,macOS,fs:plist,/var/root/Library/Preferences/com.apple.loginwindow.plist,DC0061,File Modification
AN0682,macOS,macos:unifiedlog,loginwindow or tccd-related entries,DC0032,Process Creation
AN0683,Windows,ApplicationLog:CallRecords,Outbound or inbound calls to high-risk or blocklisted numbers,DC0038,Application Log Content
AN0684,Linux,networkdevice:syslog,"SIP REGISTER, INVITE, or unusual call destination metadata",DC0038,Application Log Content
AN0685,macOS,macos:unifiedlog,Outgoing or incoming calls with non-standard caller IDs or unusual metadata,DC0038,Application Log Content
AN0686,Identity Provider,m365:unified,Unusual MFA requests or OAuth consent events temporally aligned with user-reported vishing call,DC0038,Application Log Content
AN0687,Windows,WinEventLog:Security,"EventCode=4624, 4648",DC0067,Logon Session Creation
AN0687,Windows,WinEventLog:Sysmon,EventCode=10,DC0035,Process Access
AN0687,Windows,WinEventLog:Sysmon,"EventCode=13, 14",DC0063,Windows Registry Key Modification
AN0688,Linux,linux:syslog,"syscalls (open, read, ioctl) on /dev/input or /proc/*/fd/*",DC0035,Process Access
AN0688,Linux,linux:syslog,dmesg or syslog for module loads,DC0079,Driver Load
AN0689,macOS,macos:osquery,"query: process_events, launchd, and tcc.db access",DC0032,Process Creation
AN0689,macOS,macos:unifiedlog,"com.apple.securityd, com.apple.tccd",DC0021,OS API Execution
AN0690,IaaS,AWS:CloudTrail,RunInstances,DC0080,Instance Start
AN0690,IaaS,AWS:CloudTrail,CreateBucket,DC0024,Cloud Storage Creation
AN0690,IaaS,AWS:VPCFlowLogs,High outbound traffic from new region resource,DC0082,Network Connection Creation
AN0690,IaaS,CloudTrail:GetCallerIdentity,GetCallerIdentity,DC0013,User Account Metadata
AN0691,Linux,NSM:Flow,New egress from container IP/namespace to Internet or non-approved CIDRs/ASNs,DC0085,Network Traffic Content
AN0691,Linux,auditd:SYSCALL,execve: Process in container namespace executes curl|wget|bash|sh|python|nc with outbound args,DC0064,Command Execution
AN0691,Linux,containerd:events,Image pull from untrusted registry (name NOT IN allowlist) or new digest never seen before,DC0015,Image Creation
AN0691,Linux,kubernetes:audit,create: Pod/Container created with image tag 'latest' or mutable tag; imagePullPolicy=Always; noDigest=true,DC0072,Container Creation
AN0691,Linux,kubernetes:events,start: ContainerStarted or Pulling image → Started container,DC0077,Container Start
AN0692,Windows,AWS:CloudTrail,RunInstances,DC0080,Instance Start
AN0692,Windows,NSM:Flow,New VM egress to crypto-mining pools or non-approved Internet ranges within minutes of boot,DC0085,Network Traffic Content
AN0692,Windows,WinEventLog:Sysmon,EventCode=1,DC0032,Process Creation
AN0692,Windows,azure:activity,Microsoft.Compute/virtualMachines/write: imageReference publisher NOT IN allowlist OR plan is new/unknown,DC0076,Instance Creation
AN0693,Containers,containerd:runtime,CRI CreateContainer/StartContainer with privileged=true OR added capabilities OR host* namespaces,DC0077,Container Start
AN0693,Containers,docker:daemon,"container_create,container_start",DC0038,Application Log Content
AN0693,Containers,docker:events,remote API calls to /containers/create or /containers/{id}/start,DC0085,Network Traffic Content
AN0693,Containers,ebpf:syscalls,process execution or network connect from just-created container PID namespace,DC0032,Process Creation
AN0694,Windows,EDR:hunting,Behavioral rule for registry enumeration under credential-related paths,DC0050,Windows Registry Key Access
AN0694,Windows,WinEventLog:Sysmon,EventCode=1,DC0032,Process Creation
AN0694,Windows,WinEventLog:Sysmon,"EventCode=13, 14",DC0063,Windows Registry Key Modification
AN0695,IaaS,AWS:CloudTrail,"ListGroups, ListAttachedRolePolicies",DC0099,Group Enumeration
AN0696,Office Suite,m365:exchange,"Get-RoleGroup, Get-DistributionGroup",DC0064,Command Execution
AN0696,Office Suite,m365:sharepoint,Enumerate ACLs/role bindings,DC0105,Group Metadata
AN0697,SaaS,saas:salesforce,GET /services/data/vXX.X/groups,DC0099,Group Enumeration
AN0698,Linux,NSM:Flow,http::request: Network connection to package registry or C2 from interpreter shortly after install,DC0085,Network Traffic Content
AN0698,Linux,auditd:PATH,"New .py/.js/.sh files written to ~/.local/, ~/.cache/, or /tmp/ within 5 min of package install",DC0039,File Creation
AN0698,Linux,auditd:SYSCALL,"execve: Execution of pip, npm, gem, or similar package managers",DC0032,Process Creation
AN0699,Windows,WinEventLog:Sysmon,EventCode=1,DC0032,Process Creation
AN0699,Windows,WinEventLog:Sysmon,EventCode=11,DC0039,File Creation
AN0700,macOS,NSM:Flow,Outbound HTTP/S initiated by newly installed interpreter process,DC0082,Network Connection Creation
AN0700,macOS,macos:unifiedlog,"Command line invocation of pip3, brew install, npm install from interactive Terminal",DC0032,Process Creation
AN0700,macOS,macos:unifiedlog,Creation of new LaunchAgent or LoginItem plist files in ~/Library/LaunchAgents/,DC0059,File Metadata
AN0701,Linux,auditd:SYSCALL,"write, open, or rename to /etc/systemd/system/*.service",DC0039,File Creation
AN0701,Linux,auditd:SYSCALL,modification of existing .service file,DC0061,File Modification
AN0701,Linux,auditd:SYSCALL,execution of systemctl or service with enable/start parameters,DC0064,Command Execution
AN0701,Linux,auditd:SYSCALL,fork/exec of service via PID 1 (systemd),DC0032,Process Creation
AN0701,Linux,linux:osquery,newly registered unit file with ExecStart pointing to unknown binary,DC0060,Service Creation
AN0702,Windows,WinEventLog:Sysmon,"EventCode=3, 22",DC0082,Network Connection Creation
AN0702,Windows,WinEventLog:Sysmon,EventCode=15,DC0059,File Metadata
AN0703,Linux,auditd:SYSCALL,"send, recv, write: Abnormal interception or alteration of transmitted data",DC0021,OS API Execution
AN0703,Linux,linux:syslog,Integrity mismatch warnings or malformed packets detected,DC0085,Network Traffic Content
AN0704,macOS,macos:osquery,CALCULATE: Integrity validation of transmitted data via hash checks,DC0021,OS API Execution
AN0704,macOS,macos:unifiedlog,Suspicious anomalies in transmitted data integrity during application network operations,DC0078,Network Traffic Flow
AN0705,Windows,WinEventLog:Security,EventCode=4688,DC0032,Process Creation
AN0705,Windows,WinEventLog:Security,"EventCode=4663, 4670, 4656",DC0055,File Access
AN0706,Linux,auditd:PATH,"open: Access to sensitive log files (/var/log/auth.log, /var/log/secure, /var/log/syslog)",DC0055,File Access
AN0706,Linux,auditd:SYSCALL,"execve: Execution of cat, less, grep, journalctl targeting log directories (/var/log/)",DC0064,Command Execution
AN0707,macOS,macos:unifiedlog,"Execution of log show, fs_usage, or cat targeting system.log",DC0064,Command Execution
AN0707,macOS,macos:unifiedlog,open: Access to /var/log/system.log or related security event logs,DC0055,File Access
AN0708,IaaS,AWS:CloudTrail,GetLogEvents: High frequency log exports from CloudWatch or equivalent services,DC0064,Command Execution
AN0708,IaaS,azure:activity,CollectGuestLogs: Unexpected collection of guest logs by Azure VM Agent outside normal maintenance windows,DC0055,File Access
AN0709,ESXi,esxi:hostd,read: Access to sensitive log files by non-admin users,DC0055,File Access
AN0709,ESXi,esxi:shell,"Execution of cat, tail, grep targeting /var/log/vmkernel.log or /var/log/hostd.log",DC0064,Command Execution
AN0710,Linux,NSM:Connections,Missing new login event but session activity continues,DC0067,Logon Session Creation
AN0710,Linux,auditd:EXECVE,Execution of ssh/scp/sftp without corresponding authentication log,DC0032,Process Creation
AN0710,Linux,auditd:SYSCALL,open or connect syscalls on /tmp/ssh-* or $SSH_AUTH_SOCK,DC0082,Network Connection Creation
AN0711,macOS,macos:unifiedlog,Process opening SSH_AUTH_SOCK or /tmp/ssh-* socket not owned by same UID,DC0034,Process Metadata
AN0711,macOS,macos:unifiedlog,Execution of ssh or sftp without corresponding login event,DC0032,Process Creation
AN0711,macOS,macos:unifiedlog,Session reuse without new auth event,DC0067,Logon Session Creation
AN0712,Windows,WinEventLog:Security,"EventCode=4663, 4670, 4656",DC0055,File Access
AN0712,Windows,WinEventLog:Sysmon,EventCode=11,DC0039,File Creation
AN0712,Windows,WinEventLog:Sysmon,EventCode=15,DC0059,File Metadata
AN0713,Linux,NSM:Flow,http::request: Outbound HTTP initiated by Python interpreter,DC0085,Network Traffic Content
AN0713,Linux,auditd:CONFIG_CHANGE,chmod or chown of hook files indicating privilege escalation or execution permission change,DC0059,File Metadata
AN0713,Linux,auditd:PATH,"write or create events on *.pth, sitecustomize.py, usercustomize.py in site-packages or dist-packages",DC0061,File Modification
AN0713,Linux,auditd:SYSCALL,execve: execve where exe=/usr/bin/python3 or similar interpreter,DC0032,Process Creation
AN0714,Windows,WinEventLog:Microsoft-Windows-Windows Firewall With Advanced Security/Firewall,new rule allowing inbound or outbound connections for remote desktop software,DC0051,Firewall Rule Modification
AN0714,Windows,WinEventLog:Sysmon,EventCode=11,DC0039,File Creation
AN0714,Windows,WinEventLog:Sysmon,"EventCode=3, 22",DC0082,Network Connection Creation
AN0715,Linux,NSM:Flow,outbound connections to RMM services or to unusual destination ports,DC0082,Network Connection Creation
AN0715,Linux,auditd:SYSCALL,execve,DC0032,Process Creation
AN0716,macOS,macos:unifiedlog,launch of remote desktop app or helper binary,DC0032,Process Creation
AN0716,macOS,macos:unifiedlog,network sessions initiated by remote desktop apps,DC0082,Network Connection Creation
AN0717,IaaS,AWS:CloudTrail,"AssumeRole, GetFederationToken API calls by unusual or new entities",DC0006,Web Credential Creation
AN0717,IaaS,AWS:CloudTrail,Temporary security credentials used to authenticate into management console or APIs,DC0067,Logon Session Creation
AN0718,Identity Provider,NSM:Connections,Pre-authentication keys generated or token signing anomalies,DC0007,Web Credential Usage
AN0718,Identity Provider,azure:signinlogs,SAML/OIDC tokens issued without corresponding MFA or password validation,DC0006,Web Credential Creation
AN0719,Windows,WinEventLog:Security,"EventCode=4624, 4648",DC0067,Logon Session Creation
AN0719,Windows,WinEventLog:Sysmon,EventCode=10,DC0035,Process Access
AN0720,Linux,WinEventLog:Sysmon,Outbound requests with forged tokens/cookies in headers,DC0085,Network Traffic Content
AN0720,Linux,auditd:SYSCALL,Processes reading credential or token cache files,DC0055,File Access
AN0721,macOS,macos:unifiedlog,Access to Keychain items or browser credential stores,DC0067,Logon Session Creation
AN0721,macOS,macos:unifiedlog,Web sessions initiated with newly forged tokens,DC0007,Web Credential Usage
AN0722,SaaS,m365:unified,Session creation without MFA or login event,DC0006,Web Credential Creation
AN0722,SaaS,saas:auth,API requests made with tokens not associated with expected user logins,DC0007,Web Credential Usage
AN0723,Office Suite,m365:oauth,OAuth grants or tokens issued without expected user consent,DC0006,Web Credential Creation
AN0723,Office Suite,m365:signinlogs,Token usage events with device/user mismatch,DC0067,Logon Session Creation
AN0724,Windows,WinEventLog:Security,"EventCode=4663, 4670, 4656",DC0055,File Access
AN0724,Windows,WinEventLog:Sysmon,EventCode=11,DC0039,File Creation
AN0724,Windows,WinEventLog:Sysmon,EventCode=1,DC0032,Process Creation
AN0725,Linux,auditd:SYSCALL,open,DC0055,File Access
AN0725,Linux,auditd:SYSCALL,execve,DC0032,Process Creation
AN0726,macOS,macos:unifiedlog,file events,DC0055,File Access
AN0726,macOS,macos:unifiedlog,exec logs,DC0032,Process Creation
AN0727,ESXi,esxi:shell,CLI usage logs,DC0064,Command Execution
AN0727,ESXi,esxi:vmkernel,snapshot create/write events,DC0057,Snapshot Creation
AN0728,Windows,WinEventLog:Sysmon,"EventCode=3, 22",DC0082,Network Connection Creation
AN0728,Windows,WinEventLog:Sysmon,EventCode=1,DC0032,Process Creation
AN0729,Linux,auditd:SYSCALL,connect,DC0082,Network Connection Creation
AN0729,Linux,linux:syslog,DNS response IPs followed by connections to non-standard calculated ports,DC0085,Network Traffic Content
AN0730,macOS,macos:unifiedlog,DNS responses followed by connections to ports outside standard ranges,DC0085,Network Traffic Content
AN0730,macOS,macos:unifiedlog,Unexpected processes making network calls based on DNS-derived ports,DC0032,Process Creation
AN0731,ESXi,esxi:syslog,DNS resolution events leading to outbound traffic on unexpected ports,DC0078,Network Traffic Flow
AN0732,SaaS,saas:github,"repo.download, repo.clone, oauth.authorize, repo.getContent",DC0070,Cloud Service Metadata
AN0732,SaaS,saas:github,"Login from unusual IP, device fingerprint, or location; access token creation from new client",DC0067,Logon Session Creation
AN0732,SaaS,saas:github,Bulk access to multiple files or large volume of repo requests within short time window,DC0038,Application Log Content
AN0733,Windows,WinEventLog:Sysmon,EventCode=1,DC0032,Process Creation
AN0733,Windows,WinEventLog:Sysmon,EventCode=7,DC0016,Module Load
AN0733,Windows,m365:defender,ScriptBlockLogging + AMSI,DC0029,Script Execution
AN0734,macOS,macos:osquery,process_events,DC0032,Process Creation
AN0734,macOS,macos:syslog,/var/log/system.log,DC0064,Command Execution
AN0734,macOS,macos:unifiedlog,"log stream with predicate 'eventMessage CONTAINS ""osascript""'",DC0029,Script Execution
AN0735,Linux,auditd:SYSCALL,execve,DC0032,Process Creation
AN0735,Linux,linux:syslog,/var/log/syslog,DC0029,Script Execution
AN0736,macOS,macos:unifiedlog,execution of launchctl load/unload/start commands,DC0064,Command Execution
AN0736,macOS,macos:unifiedlog,write of plist files in /Library/LaunchAgents or /Library/LaunchDaemons,DC0061,File Modification
AN0736,macOS,macos:unifiedlog,launchctl spawning new processes,DC0032,Process Creation
AN0736,macOS,macos:unifiedlog,creation or loading of new launchd services,DC0060,Service Creation
AN0737,Windows,WinEventLog:PowerShell,"EventCode=4103, 4104, 4105, 4106",DC0064,Command Execution
AN0737,Windows,WinEventLog:Security,"EventCode=4663, 4670, 4656",DC0061,File Modification
AN0737,Windows,WinEventLog:Sysmon,EventCode=23,DC0040,File Deletion
AN0737,Windows,m365:exchange,Transport Rule Modification,DC0038,Application Log Content
AN0738,Linux,auditd:SYSCALL,execve,DC0032,Process Creation
AN0738,Linux,auditd:SYSCALL,unlink/unlinkat,DC0040,File Deletion
AN0739,macOS,macos:osquery,file_events,DC0040,File Deletion
AN0739,macOS,macos:unifiedlog,log stream,DC0064,Command Execution
AN0740,Office Suite,WinEventLog:PowerShell,Exchange Cmdlets,DC0064,Command Execution
AN0740,Office Suite,m365:exchange,"Admin Audit Logs, Transport Rules",DC0038,Application Log Content
AN0741,Windows,WinEventLog:Sysmon,EventCode=1,DC0032,Process Creation
AN0741,Windows,WinEventLog:Sysmon,"EventCode=3, 22",DC0082,Network Connection Creation
AN0741,Windows,Windows:perfmon,High sustained CPU usage by a single process,DC0018,Host Status
AN0742,Linux,NSM:Flow,Outbound traffic to mining pools or proxies,DC0078,Network Traffic Flow
AN0742,Linux,auditd:SYSCALL,execve,DC0032,Process Creation
AN0742,Linux,linux:procfs,Sustained high /proc/[pid]/stat usage,DC0018,Host Status
AN0743,macOS,macos:unifiedlog,launchctl activity and process creation,DC0032,Process Creation
AN0743,macOS,macos:unifiedlog,Persistent outbound traffic to mining domains,DC0085,Network Traffic Content
AN0744,IaaS,AWS:CloudTrail,RunInstances,DC0080,Instance Start
AN0744,IaaS,AWS:CloudWatch,Sustained EC2 CPU usage above normal baseline,DC0018,Host Status
AN0744,IaaS,AWS:VPCFlowLogs,Outbound flow logs to known mining pools,DC0078,Network Traffic Flow
AN0745,Containers,container:cni,Outbound network traffic to mining proxies,DC0078,Network Traffic Flow
AN0745,Containers,containerd:events,New container with suspicious image name or high resource usage,DC0032,Process Creation
AN0745,Containers,prometheus:metrics,Container CPU/Memory usage exceeding threshold,DC0018,Host Status
AN0746,SaaS,m365:unified,SendMessage,DC0069,Cloud Service Modification
AN0746,SaaS,saas:application,High-volume API calls or traffic via messaging or webhook service,DC0038,Application Log Content
AN0747,Windows,WinEventLog:Security,EventCode=4688,DC0032,Process Creation
AN0747,Windows,WinEventLog:Sysmon,EventCode=7,DC0016,Module Load
AN0747,Windows,WinEventLog:Sysmon,EventCode=11,DC0039,File Creation
AN0748,Linux,auditd:FILE,"create: Creation of .zip, .gz, .bz2 files in /tmp, /var/tmp, or /home directories",DC0039,File Creation
AN0748,Linux,auditd:MMAP,"load: Loading of libzip.so, libz.so, or libbz2.so by processes not normally associated with archiving",DC0016,Module Load
AN0748,Linux,auditd:SYSCALL,"execve: Execution of python, perl, or custom binaries invoking compression libraries",DC0064,Command Execution
AN0749,macOS,macos:unifiedlog,"Execution of Python, Swift, or other binaries invoking archiving libraries",DC0032,Process Creation
AN0749,macOS,macos:unifiedlog,"Loading of libz.dylib, libarchive.dylib by non-standard applications",DC0016,Module Load
AN0749,macOS,macos:unifiedlog,"Creation of .zip, .gz, .dmg archives in /Users, /tmp, or application directories",DC0039,File Creation
AN0750,Windows,WinEventLog:Security,"EventCode=4624, 4648",DC0067,Logon Session Creation
AN0750,Windows,WinEventLog:Sysmon,EventCode=1,DC0032,Process Creation
AN0750,Windows,WinEventLog:Sysmon,"EventCode=3, 22",DC0082,Network Connection Creation
AN0751,Linux,auditd:SYSCALL,"execve, USER_CMD",DC0064,Command Execution
AN0751,Linux,linux:syslog,sshd: Accepted password/publickey,DC0067,Logon Session Creation
AN0752,macOS,macos:osquery,process_events,DC0032,Process Creation
AN0752,macOS,macos:unifiedlog,eventMessage CONTAINS 'screensharingd' or 'AuthorizationRefCreate',DC0067,Logon Session Creation
AN0753,IaaS,AWS:CloudTrail,"AWS ConsoleLogin, StartSession",DC0067,Logon Session Creation
AN0753,IaaS,AWS:VPCFlowLogs,"Outbound connections to port 22, 3389",DC0082,Network Connection Creation
AN0754,ESXi,esxi:shell,Command execution trace,DC0064,Command Execution
AN0754,ESXi,esxi:vmkernel,"vim.fault.*, DCUI login, SSH shell",DC0067,Logon Session Creation
AN0755,Windows,WinEventLog:Security,EventCode=5136,DC0066,Active Directory Object Modification
AN0755,Windows,WinEventLog:Security,"EventCode=4663, 4670, 4656",DC0061,File Modification
AN0755,Windows,WinEventLog:Sysmon,EventCode=1,DC0032,Process Creation
AN0756,Identity Provider,azure:signinlogs,OperationName=SetDomainAuthentication OR Set-FederatedDomain,DC0002,User Account Authentication
AN0756,Identity Provider,m365:unified,Set federation settings on domain|Set domain authentication|Add federated identity provider,DC0038,Application Log Content
AN0757,Windows,WinEventLog:Security,"EventCode=4624, 4648",DC0067,Logon Session Creation
AN0757,Windows,WinEventLog:Sysmon,EventCode=10,DC0035,Process Access
AN0757,Windows,WinEventLog:Sysmon,EventCode=7,DC0016,Module Load
AN0757,Windows,WinEventLog:System,Unexpected modification to lsass.exe or cryptdll.dll,DC0061,File Modification
AN0758,Network Devices,network:auth,repeated successful authentications with previously unknown accounts or anomalous password acceptance,DC0002,User Account Authentication
AN0758,Network Devices,networkconfig,unexpected OS image file upload or modification events,DC0061,File Modification
AN0759,Windows,WinEventLog:Sysmon,"EventCode=3, 22",DC0082,Network Connection Creation
AN0759,Windows,WinEventLog:Sysmon,EventCode=7,DC0016,Module Load
AN0760,Linux,auditd:SYSCALL,socket/connect with TLS context by unexpected process,DC0082,Network Connection Creation
AN0760,Linux,linux:osquery,Processes linked with libssl or crypto libraries making outbound connections,DC0032,Process Creation
AN0760,Linux,linux:syslog,system daemons initiating TLS sessions outside expected services,DC0038,Application Log Content
AN0761,macOS,macos:unifiedlog,Encrypted session initiation by unexpected binary,DC0085,Network Traffic Content
AN0761,macOS,macos:unifiedlog,Process invoking SSL routines from Security framework,DC0032,Process Creation
AN0762,ESXi,esxi:vmkernel,Inspection of sockets showing encrypted sessions from non-baseline processes,DC0085,Network Traffic Content
AN0762,ESXi,esxi:vpxd,TLS session established by ESXi service to unapproved endpoint,DC0078,Network Traffic Flow
AN0763,Network Devices,NSM:Connections,Abnormal certificate chains or non-standard ports carrying TLS,DC0085,Network Traffic Content
AN0763,Network Devices,NSM:Flow,Session records with TLS-like byte patterns,DC0078,Network Traffic Flow
AN0764,Windows,WinEventLog:Security,EventCode=4688,DC0032,Process Creation
AN0764,Windows,WinEventLog:Sysmon,"EventCode=13, 14",DC0063,Windows Registry Key Modification
AN0765,Linux,auditd:SYSCALL,creat,DC0039,File Creation
AN0765,Linux,auditd:SYSCALL,write,DC0061,File Modification
AN0765,Linux,auditd:SYSCALL,Execution of binaries located in /etc/init.d/ or systemd service paths,DC0032,Process Creation
AN0766,macOS,macos:unifiedlog,Observed loading of new LaunchAgent or LaunchDaemon plist,DC0041,Service Metadata
AN0766,macOS,macos:unifiedlog,write,DC0061,File Modification
AN0766,macOS,macos:unifiedlog,Execution of binary listed in newly modified LaunchAgent plist,DC0032,Process Creation
AN0767,Windows,WinEventLog:Sysmon,EventCode=1,DC0032,Process Creation
AN0767,Windows,WinEventLog:Sysmon,EventCode=11,DC0039,File Creation
AN0767,Windows,WinEventLog:Sysmon,EventCode=10,DC0035,Process Access
AN0768,Linux,auditd:SYSCALL,"bash/zsh of base64, tar, gzip, or openssl immediately after file write",DC0064,Command Execution
AN0769,macOS,macos:unifiedlog,base64 -d or osascript invoked on staged file,DC0064,Command Execution
AN0770,Windows,NSM:Flow,"DrsAddEntry, DrsReplicaAdd, GetNCChanges calls between non-DC and DCs.",DC0085,Network Traffic Content
AN0770,Windows,WinEventLog:Security,EventCode=4928,DC0087,Active Directory Object Creation
AN0770,Windows,WinEventLog:Security,EventCode=4929,DC0084,Active Directory Credential Request
AN0770,Windows,WinEventLog:Security,EventCode=4662,DC0071,Active Directory Object Access
AN0770,Windows,m365:dirsync,Replication cookie changes involving Configuration partition with new server/nTDSDSA objects.,DC0066,Active Directory Object Modification
AN0771,IaaS,AWS:CloudTrail,"AttachUserPolicy, CreatePolicyVersion, PutRolePolicy",DC0010,User Account Modification
AN0772,Identity Provider,m365:audit,"Add member to role, Add app role assignment",DC0010,User Account Modification
AN0773,Office Suite,m365:unified,"Add member to role, Set-Mailbox",DC0010,User Account Modification
AN0774,Windows,WinEventLog:Security,EventCode=4688,DC0032,Process Creation
AN0774,Windows,WinEventLog:Sysmon,EventCode=11,DC0039,File Creation
AN0774,Windows,WinEventLog:Sysmon,EventCode=9,DC0054,Drive Access
AN0775,Linux,auditd:EXECVE,"exec: Execution of dd, efibootmgr, or flashrom modifying firmware/boot partitions",DC0064,Command Execution
AN0775,Linux,auditd:SYSCALL,"open, write: Modification of /boot/grub/* or /boot/efi/*",DC0061,File Modification
AN0776,macOS,macos:unifiedlog,Execution of bless or nvram modifying boot parameters,DC0032,Process Creation
AN0776,macOS,macos:unifiedlog,Modification of /System/Library/CoreServices/boot.efi,DC0061,File Modification
AN0777,Network Devices,networkdevice:config,Boot variable modified to point to non-standard or unsigned image,DC0004,Firmware Modification
AN0777,Network Devices,networkdevice:firmware,Unexpected firmware image upload events via TFTP/FTP/SCP,DC0046,Drive Modification
AN0778,Windows,WinEventLog:Security,EventCode=4697,DC0060,Service Creation
AN0778,Windows,WinEventLog:Sysmon,EventCode=1,DC0032,Process Creation
AN0778,Windows,WinEventLog:Sysmon,"EventCode=13, 14",DC0063,Windows Registry Key Modification
AN0779,Linux,auditd:SYSCALL,execve,DC0032,Process Creation
AN0779,Linux,auditd:SYSCALL,write,DC0061,File Modification
AN0779,Linux,linux:syslog,systemctl start/enable with uncommon binary paths,DC0060,Service Creation
AN0780,macOS,macos:unifiedlog,Unexpected processes registered with launchd,DC0032,Process Creation
AN0780,macOS,macos:unifiedlog,Modification of LaunchAgents or LaunchDaemons plist files,DC0061,File Modification
AN0781,Windows,WinEventLog:Sysmon,"EventCode=13, 14",DC0063,Windows Registry Key Modification
AN0781,Windows,WinEventLog:Sysmon,EventCode=1,DC0032,Process Creation
AN0782,Windows,WinEventLog:Sysmon,EventCode=1,DC0032,Process Creation
AN0782,Windows,WinEventLog:Sysmon,EventCode=11,DC0039,File Creation
AN0783,Linux,auditd:SYSCALL,execve,DC0032,Process Creation
AN0783,Linux,auditd:SYSCALL,write,DC0039,File Creation
AN0783,Linux,auditd:SYSCALL,openat,DC0055,File Access
AN0783,Linux,auditd:SYSCALL,chmod,DC0061,File Modification
AN0784,macOS,fs:fsusage,file open/write,DC0039,File Creation
AN0784,macOS,macos:unifiedlog,Process launch,DC0032,Process Creation
AN0784,macOS,macos:unifiedlog,filesystem events,DC0059,File Metadata
AN0785,Windows,WinEventLog:Security,EventCode=4688,DC0032,Process Creation
AN0785,Windows,WinEventLog:Sysmon,EventCode=7,DC0016,Module Load
AN0785,Windows,WinEventLog:Sysmon,"EventCode=3, 22",DC0082,Network Connection Creation
AN0786,Windows,ETW:Token,token_analysis: API calls such as DuplicateTokenEx or ImpersonateLoggedOnUser,DC0021,OS API Execution
AN0786,Windows,WinEventLog:Security,"EventCode=4672, 4634",DC0088,Logon Session Metadata
AN0786,Windows,WinEventLog:Security,EventCode=5136,DC0066,Active Directory Object Modification
AN0786,Windows,WinEventLog:Sysmon,EventCode=1,DC0032,Process Creation
AN0786,Windows,WinEventLog:Sysmon,EventCode=10,DC0035,Process Access
AN0787,Windows,WinEventLog:Security,"EventCode=4663, 4670, 4656",DC0055,File Access
AN0787,Windows,WinEventLog:Sysmon,"EventCode=3, 22",DC0082,Network Connection Creation
AN0787,Windows,WinEventLog:Sysmon,EventCode=1,DC0032,Process Creation
AN0788,Linux,NSM:Flow,large HTTPS POST requests to text storage domains,DC0085,Network Traffic Content
AN0788,Linux,auditd:EXECVE,"curl -d, wget --post-data",DC0064,Command Execution
AN0788,Linux,auditd:SYSCALL,read/open of sensitive file directories,DC0055,File Access
AN0789,macOS,macos:unifiedlog,"execution of curl, osascript, or unexpected Office processes",DC0032,Process Creation
AN0789,macOS,macos:unifiedlog,file read of sensitive directories,DC0055,File Access
AN0789,macOS,macos:unifiedlog,HTTPS POST requests to pastebin.com or similar,DC0078,Network Traffic Flow
AN0790,ESXi,esxi:hostd,datastore/log file access,DC0055,File Access
AN0790,ESXi,esxi:vmkernel,HTTPS POST connections to pastebin-like domains,DC0085,Network Traffic Content
AN0791,Windows,WinEventLog:Security,"EventCode=4624, 4648",DC0067,Logon Session Creation
AN0791,Windows,WinEventLog:Sysmon,"EventCode=3, 22",DC0082,Network Connection Creation
AN0791,Windows,WinEventLog:Sysmon,EventCode=1,DC0032,Process Creation
AN0791,Windows,WinEventLog:Sysmon,EventCode=7,DC0016,Module Load
AN0792,Windows,WinEventLog:Security,"EventCode=4624, 4648",DC0067,Logon Session Creation
AN0792,Windows,m365:unified,SendOnBehalf/SendAs: Emails sent where the sending identity mismatches account ownership,DC0038,Application Log Content
AN0793,Linux,Application:Mail,Mismatch between authenticated username and From header in email,DC0038,Application Log Content
AN0793,Linux,auditd:SYSCALL,execve: Processes executing sendmail/postfix with forged headers,DC0064,Command Execution
AN0794,macOS,macos:unifiedlog,Mail.app or third-party clients sending messages with mismatched From headers,DC0038,Application Log Content
AN0795,SaaS,gcp:workspaceaudit,SendAs: Outbound messages with alias identities that differ from primary account,DC0038,Application Log Content
AN0796,Office Suite,m365:unified,SendOnBehalf/SendAs: Office Suite initiated messages using impersonated identities,DC0038,Application Log Content
AN0797,Windows,WinEventLog:Application,EventCode=1000,DC0038,Application Log Content
AN0797,Windows,WinEventLog:Sysmon,EventCode=11,DC0039,File Creation
AN0797,Windows,WinEventLog:Sysmon,EventCode=1,DC0032,Process Creation
AN0797,Windows,WinEventLog:Sysmon,"EventCode=3, 22",DC0082,Network Connection Creation
AN0798,Linux,NetFlow:Flow,new outbound connections from exploited process tree,DC0078,Network Traffic Flow
AN0798,Linux,auditd:SYSCALL,open,DC0055,File Access
AN0798,Linux,auditd:SYSCALL,creat,DC0039,File Creation
AN0798,Linux,auditd:SYSCALL,"rename,chmod",DC0061,File Modification
AN0798,Linux,auditd:SYSCALL,execve,DC0032,Process Creation
AN0798,Linux,linux:syslog,"browser/office crash, segfault, abnormal termination",DC0038,Application Log Content
AN0799,macOS,NSM:Connections,new connections from exploited lineage,DC0078,Network Traffic Flow
AN0799,macOS,fs:fsevents,create/write/rename under user-writable paths,DC0061,File Modification
AN0799,macOS,macos:osquery,exec,DC0032,Process Creation
AN0799,macOS,macos:unifiedlog,"process crash, abort, code signing violations",DC0038,Application Log Content
AN0800,macOS,macos:osquery,Changes to LSFileQuarantineEnabled field in Info.plist,DC0061,File Modification
AN0800,macOS,macos:unifiedlog,xattr -d com.apple.quarantine or similar attribute removal commands,DC0059,File Metadata
AN0800,macOS,macos:unifiedlog,Trust validation failures or bypass attempts during notarization and code signing checks,DC0032,Process Creation
AN0801,IaaS,AWS:CloudTrail,Stop logging for an existing CloudTrail,DC0090,Cloud Service Disable
AN0801,IaaS,gcp:config,UpdateSink request modifying log export destinations,DC0069,Cloud Service Modification
AN0802,Identity Provider,azure:policy,DisableAuditLogs or ConditionalAccess logging changes,DC0069,Cloud Service Modification
AN0803,Office Suite,m365:unified,Set-MailboxAuditBypassAssociation or disabling Advanced Auditing,DC0010,User Account Modification
AN0804,SaaS,saas:audit,Log export integration removed or disabled,DC0090,Cloud Service Disable
AN0805,Linux,auditd:SYSCALL,write,DC0061,File Modification
AN0805,Linux,auditd:SYSCALL,execve,DC0032,Process Creation
AN0806,macOS,fs:fsusage,file access to /usr/lib/cron/tabs/ and cron output files,DC0061,File Modification
AN0806,macOS,macos:unifiedlog,"process: crontab edits, launch of cron job",DC0001,Scheduled Job Creation
AN0807,ESXi,esxi:cron,execution of scheduled job,DC0001,Scheduled Job Creation
AN0807,ESXi,esxi:hostd,modification of crontab or local.sh entries,DC0061,File Modification
AN0807,ESXi,esxi:vmkernel,spawned shell or execution environment activity,DC0032,Process Creation
AN0808,IaaS,AWS:CloudTrail,ConsoleLogin,DC0067,Logon Session Creation
AN0808,IaaS,AWS:CloudTrail,Post-authentication metadata enumeration from GUI session,DC0027,Cloud Storage Metadata
AN0809,Identity Provider,azure:signinlogs,Sign-in with unfamiliar location/device + portal navigation,DC0002,User Account Authentication
AN0809,Identity Provider,saas:okta,user.session.start,DC0067,Logon Session Creation
AN0809,Identity Provider,saas:okta,WebUI access to administrator dashboard,DC0038,Application Log Content
AN0810,Office Suite,m365:signinlogs,UserLoginSuccess,DC0002,User Account Authentication
AN0810,Office Suite,m365:unified,ViewAdminReport,DC0067,Logon Session Creation
AN0810,Office Suite,m365:unified,Read-only configuration review from GUI,DC0038,Application Log Content
AN0811,SaaS,saas:box,User navigated to admin interface,DC0038,Application Log Content
AN0811,SaaS,saas:salesforce,Login,DC0002,User Account Authentication
AN0811,SaaS,saas:zoom,Zoom Admin Dashboard accessed from unfamiliar IP/device,DC0067,Logon Session Creation
AN0812,Linux,auditd:SYSCALL,execve,DC0032,Process Creation
AN0812,Linux,linux:syslog,application or system execution logs,DC0059,File Metadata
AN0813,macOS,fs:fsusage,filesystem activity,DC0055,File Access
AN0813,macOS,macos:unifiedlog,process events,DC0032,Process Creation
AN0814,Windows,WinEventLog:Security,EventCode=5136,DC0066,Active Directory Object Modification
AN0814,Windows,WinEventLog:Security,Anomalous logon without MFA enforcement,DC0067,Logon Session Creation
AN0814,Windows,WinEventLog:Sysmon,EventCode=7,DC0016,Module Load
AN0815,Identity Provider,azure:signinlogs,Register PTA Agent or Modify AD FS trust,DC0038,Application Log Content
AN0815,Identity Provider,m365:unified,New agent registration by non-admin user,DC0010,User Account Modification
AN0816,IaaS,AWS:CloudTrail,UpdateFederationSettings or RegisterHybridConnector,DC0069,Cloud Service Modification
AN0817,Office Suite,m365:unified,Modify Federation Settings or Update Authentication Policy,DC0038,Application Log Content
AN0818,SaaS,saas:okta,Federation configuration update or signing certificate change,DC0038,Application Log Content
AN0819,Windows,WinEventLog:Sysmon,EventCode=11,DC0039,File Creation
AN0819,Windows,WinEventLog:Sysmon,EventCode=1,DC0032,Process Creation
AN0819,Windows,WinEventLog:Sysmon,EventCode=15,DC0059,File Metadata
AN0820,macOS,macos:endpointsecurity,ES_EVENT_TYPE_NOTIFY_CREATE: path under /Users/*/(Downloads|Desktop|Library/*/Containers|Library/Group Containers) AND extension in SuspiciousExtensions,DC0039,File Creation
AN0820,macOS,macos:unifiedlog,"process_exec: image in {/bin/bash,/bin/zsh,/usr/bin/osascript,/usr/bin/python*,/usr/bin/curl,/usr/bin/ssh,/usr/bin/open} AND parent in {Preview, TextEdit, Microsoft Word, Microsoft Excel, AdobeReader, Archive Utility, Finder}",DC0032,Process Creation
AN0821,Linux,auditd:SYSCALL,open/create/rename: name in (/home/*/Downloads/*|/tmp/*|/run/user/*|/media/*) AND ext in SuspiciousExtensions,DC0039,File Creation
AN0821,Linux,auditd:SYSCALL,"execve: exe in {/bin/bash,/bin/sh,/usr/bin/python*,/usr/bin/perl,/usr/bin/php,/usr/bin/node,/usr/bin/curl,/usr/bin/wget,/usr/bin/xdg-open,/usr/bin/ssh,/usr/bin/rundll32 (wine)} AND ppid process is a document viewer/browser",DC0032,Process Creation
AN0822,Windows,WinEventLog:Sysmon,EventCode=10,DC0035,Process Access
AN0822,Windows,WinEventLog:Sysmon,EventCode=8,DC0020,Process Modification
AN0822,Windows,WinEventLog:Sysmon,EventCode=1,DC0032,Process Creation
AN0822,Windows,etw:Microsoft-Windows-Kernel-Process,API Calls,DC0021,OS API Execution
AN0823,Windows,WinEventLog:Security,"EventCode=4663, 4670, 4656",DC0063,Windows Registry Key Modification
AN0823,Windows,WinEventLog:Sysmon,"EventCode=3, 22",DC0082,Network Connection Creation
AN0824,Linux,NSM:Flow,Unexpected ARP replies or DNS responses inconsistent with authoritative servers,DC0085,Network Traffic Content
AN0824,Linux,auditd:SYSCALL,"open, write",DC0061,File Modification
AN0825,macOS,NSM:Flow,TLS downgrade or inconsistent DNS answers,DC0085,Network Traffic Content
AN0825,macOS,macos:unifiedlog,Configuration profile modified or new profile installed,DC0038,Application Log Content
AN0826,Network Devices,NSM:Flow,Unexpected route changes or duplicate gateway advertisements,DC0078,Network Traffic Flow
AN0826,Network Devices,networkdevice:config,Configuration file modified or replaced on network device,DC0061,File Modification
AN0827,Windows,WinEventLog:Security,EventCode=4673,DC0013,User Account Metadata
AN0827,Windows,WinEventLog:Sysmon,Raw write attempts targeting \\.\PhysicalDrive0 or sector 0 (MBR/partition table),DC0046,Drive Modification
AN0827,Windows,WinEventLog:Sysmon,EventCode=6,DC0079,Driver Load
AN0828,Linux,auditd:EXECVE,Execution of dd/sgdisk with arguments writing to sector 0 or partition table,DC0032,Process Creation
AN0828,Linux,auditd:SYSCALL,write syscalls to /dev/sd* targeting offset 0,DC0054,Drive Access
AN0829,macOS,macos:unifiedlog,diskutil partitionDisk or eraseVolume with partition scheme modifications,DC0064,Command Execution
AN0829,macOS,macos:unifiedlog,IOKit raw disk write to EFI/boot partition sectors,DC0046,Drive Modification
AN0830,Network Devices,networkdevice:cli,"format flash:, format disk, reformat commands",DC0064,Command Execution
AN0830,Network Devices,networkdevice:syslog,Privileged login followed by destructive format command,DC0002,User Account Authentication
AN0831,Windows,WinEventLog:Security,EventCode=4688,DC0032,Process Creation
AN0831,Windows,WinEventLog:Sysmon,EventCode=11,DC0039,File Creation
AN0831,Windows,WinEventLog:Sysmon,EventCode=7,DC0016,Module Load
AN0832,Linux,auditd:FILE,"create: Creation of archive files in /tmp, /var/tmp, or user home directories",DC0039,File Creation
AN0832,Linux,auditd:SYSCALL,"execve: Execution of tar, gzip, bzip2, xz, zip, or openssl with compression/encryption arguments",DC0064,Command Execution
AN0833,macOS,macos:unifiedlog,"Execution of zip, ditto, hdiutil, or openssl by processes not normally associated with archiving",DC0032,Process Creation
AN0833,macOS,macos:unifiedlog,"Creation of .zip, .dmg, .tar.gz files in /Users, /tmp, or application directories",DC0039,File Creation
AN0834,Windows,WinEventLog:PowerShell,"EventCode=4103, 4104, 4105, 4106",DC0064,Command Execution
AN0834,Windows,WinEventLog:Security,EventCode=4688,DC0032,Process Creation
AN0834,Windows,WinEventLog:Security,"EventCode=4663, 4670, 4656",DC0059,File Metadata
AN0834,Windows,WinEventLog:Security,"EventCode=4663, 4670, 4656",DC0066,Active Directory Object Modification
AN0834,Windows,WinEventLog:Sysmon,EventCode=11,DC0039,File Creation
AN0835,Linux,auditd:PROCTITLE,"proctitle contains chmod, chown, setfacl, or attr commands with suspicious parameters",DC0064,Command Execution
AN0835,Linux,auditd:SYSCALL,"syscall in (chmod, fchmod, fchmodat, chown, fchown, fchownat, setxattr, lsetxattr, fsetxattr)",DC0059,File Metadata
AN0836,macOS,fs:fsevents,file system events indicating permission or attribute changes,DC0059,File Metadata
AN0836,macOS,macos:unifiedlog,"process execution events for chmod, chown, chflags with unusual parameters or targets",DC0032,Process Creation
AN0837,ESXi,esxi:hostd,host daemon events related to file or VM permission changes,DC0059,File Metadata
AN0837,ESXi,esxi:shell,"shell command execution for chmod, chown, or file permission modification on VMFS or system files",DC0064,Command Execution
AN0837,ESXi,esxi:vpxd,permission change operations on datastores or VMs,DC0066,Active Directory Object Modification
AN0838,Windows,WinEventLog:Sysmon,EventCode=1,DC0032,Process Creation
AN0838,Windows,WinEventLog:Sysmon,EventCode=7,DC0016,Module Load
AN0838,Windows,WinEventLog:Sysmon,EventCode=10,DC0035,Process Access
AN0838,Windows,etw:Microsoft-Antimalware-Scan-Interface,Amsi/Script content + API verdicts during in-memory staging,DC0029,Script Execution
AN0838,Windows,etw:Microsoft-Windows-DotNETRuntime,AssemblyLoad/ModuleLoad (Loader keyword) from Microsoft-Windows-DotNETRuntime,DC0021,OS API Execution
AN0839,Linux,auditd:MMAP,memory region with RWX permissions allocated,DC0021,OS API Execution
AN0839,Linux,auditd:SYSCALL,execve,DC0032,Process Creation
AN0840,macOS,macos:unifiedlog,execve or dylib load from memory without backing file,DC0032,Process Creation
AN0840,macOS,macos:unifiedlog,suspicious dlopen/dlsym usage in non-development processes,DC0016,Module Load
AN0841,Windows,WinEventLog:Microsoft-Windows-Windows Defender/Operational,Suspicious file execution on removable media path,DC0055,File Access
AN0841,Windows,WinEventLog:Sysmon,EventCode=11,DC0039,File Creation
AN0841,Windows,WinEventLog:Sysmon,EventCode=1,DC0032,Process Creation
AN0841,Windows,WinEventLog:System,EventCode=1006,DC0042,Drive Creation
AN0842,Windows,WinEventLog:Microsoft-Windows-Windows Firewall With Advanced Security/Firewall,"EventCode=2004, 2005, 2006",DC0078,Network Traffic Flow
AN0842,Windows,WinEventLog:Sysmon,EventCode=1,DC0032,Process Creation
AN0842,Windows,WinEventLog:Sysmon,"EventCode=3, 22",DC0082,Network Connection Creation
AN0843,Linux,NSM:Flow,Knock pattern: repeated REJ/S0 across ≥MinSequenceLen ports from same src_ip then SF success.,DC0078,Network Traffic Flow
AN0843,Linux,auditd:SYSCALL,"execve: Commands that alter firewall or start listeners: iptables|nft|ufw|firewall-cmd|pfctl|systemctl start sshd/telnet/dropbear; raw-socket/libpcap tools (tcpdump, tshark, nmap --raw).",DC0032,Process Creation
AN0843,Linux,auditd:SYSCALL,socket/bind: New bind() to a previously closed port shortly after the sequence.,DC0082,Network Connection Creation
AN0844,macOS,NSM:Flow,Sequence of REJ/S0 then SF success from same src_ip within TimeWindow.,DC0082,Network Connection Creation
AN0844,macOS,macos:unifiedlog,"exec: Execution of pfctl, socketfilterfw, launchctl start ssh/telnet, libpcap consumers.",DC0032,Process Creation
AN0844,macOS,macos:unifiedlog,Firewall/PF anchor load or rule change events.,DC0078,Network Traffic Flow
AN0845,Network Devices,NSM:Flow,Series of denied/closed flows to distinct ports then success to mgmt port from same src_ip within TimeWindow.,DC0082,Network Connection Creation
AN0845,Network Devices,networkdevice:syslog,"Config/ACL changes, line vty transport input changes, telnet/ssh/http(s) enable, image/feature module changes.",DC0078,Network Traffic Flow
AN0846,Windows,WinEventLog:Sysmon,EventCode=1,DC0032,Process Creation
AN0847,Linux,auditd:PATH,PATH,DC0055,File Access
AN0847,Linux,linux:Sysmon,EventCode=1,DC0032,Process Creation
AN0848,macOS,macos:unifiedlog,None,DC0032,Process Creation
AN0849,ESXi,esxi:shell,Shell Execution,DC0032,Process Creation
AN0849,ESXi,vpxd.log,vCenter Management,DC0013,User Account Metadata
AN0850,Windows,WinEventLog:Application,EventCode=1000,DC0038,Application Log Content
AN0850,Windows,WinEventLog:Sysmon,EventCode=1,DC0032,Process Creation
AN0850,Windows,WinEventLog:System,"EventCode=7031, 7034",DC0060,Service Creation
AN0851,Linux,NSM:Flow,"Unusual request pattern leading up to service crash (e.g., malformed or oversized payload)",DC0085,Network Traffic Content
AN0851,Linux,auditd:SYSCALL,Process segfault or abnormal termination after invoking vulnerable syscall sequence,DC0033,Process Termination
AN0851,Linux,journald:Application,Segfault or crash log entry associated with specific application binary,DC0038,Application Log Content
AN0852,macOS,macos:unifiedlog,Crash log entries for a process receiving malformed input or known exploit patterns,DC0038,Application Log Content
AN0852,macOS,macos:unifiedlog,Unusual child process tree indicating attempted recovery after crash,DC0032,Process Creation
AN0853,IaaS,AWS:CloudTrail,TerminateInstances,DC0089,Instance Stop
AN0853,IaaS,AWS:CloudWatch,Repeated crash pattern within container or instance logs,DC0038,Application Log Content
AN0853,IaaS,AWS:VPCFlowLogs,Large volume of malformed or synthetic payloads to application endpoints prior to failure,DC0085,Network Traffic Content
AN0854,Windows,WinEventLog:Security,EventCode=5136,DC0066,Active Directory Object Modification
AN0854,Windows,WinEventLog:Security,"EventCode=4663, 4670, 4656",DC0061,File Modification
AN0854,Windows,WinEventLog:Security,EventCode=4704,DC0010,User Account Modification
AN0854,Windows,WinEventLog:Sysmon,EventCode=1,DC0032,Process Creation
AN0854,Windows,WinEventLog:Sysmon,EventCode=11,DC0039,File Creation
AN0855,Network Devices,NSM:Flow,Outbound traffic spike through formerly blocked ports/subnets following config change,DC0082,Network Connection Creation
AN0855,Network Devices,networkdevice:Firewall,update_rule: Access control or NAT rule modified or disabled outside maintenance window,DC0051,Firewall Rule Modification
AN0855,Network Devices,networkdevice:Firewall,"Login from untrusted IP, or new admin account accessing firewall console/API",DC0067,Logon Session Creation
AN0855,Network Devices,networkdevice:Firewall,"Audit trail or CLI/API access indicating commands like no access-list, delete rule-set, clear config",DC0064,Command Execution
AN0856,Windows,WinEventLog:Security,"EventCode=4624, 4648",DC0067,Logon Session Creation
AN0856,Windows,WinEventLog:Sysmon,EventCode=11,DC0039,File Creation
AN0856,Windows,WinEventLog:Sysmon,EventCode=1,DC0032,Process Creation
AN0857,Linux,auditd:EXECVE,grep/cat/awk on files with password fields,DC0064,Command Execution
AN0857,Linux,auditd:SYSCALL,open/read of sensitive config or secret files,DC0055,File Access
AN0857,Linux,linux:syslog,authentication success after file access,DC0067,Logon Session Creation
AN0858,macOS,macos:unifiedlog,grep/cat on files matching credential patterns,DC0064,Command Execution
AN0858,macOS,macos:unifiedlog,open/read of *.plist or .env files,DC0055,File Access
AN0858,macOS,macos:unifiedlog,Keychain or user login post-access,DC0067,Logon Session Creation
AN0859,Containers,cni:netflow,outbound connection to internal or external APIs,DC0082,Network Connection Creation
AN0859,Containers,ebpf:syscalls,open/read on secret mount paths,DC0055,File Access
AN0859,Containers,kubernetes:audit,"process execution involving curl, grep, or awk on secrets",DC0064,Command Execution
AN0860,IaaS,AWS:CloudTrail,command-line execution invoking credential enumeration,DC0064,Command Execution
AN0860,IaaS,AWS:CloudTrail,sudden role assumption after credential file access,DC0067,Logon Session Creation
AN0860,IaaS,CloudTrail:GetObject,sensitive credential files in buckets or local image storage,DC0055,File Access
AN0861,IaaS,AWS:CloudTrail,RunInstances,DC0080,Instance Start
AN0861,IaaS,AWS:CloudTrail,TerminateInstances,DC0089,Instance Stop
AN0861,IaaS,AWS:CloudTrail,ModifyVolume,DC0092,Volume Modification
AN0861,IaaS,AWS:CloudTrail,"DeleteVolume, ModifyVolume",DC0098,Volume Deletion
AN0861,IaaS,AWS:CloudTrail,CreateVolume,DC0097,Volume Creation
AN0861,IaaS,AWS:CloudTrail,CreateSnapshot,DC0057,Snapshot Creation
AN0861,IaaS,AWS:CloudTrail,DeleteSnapshot,DC0049,Snapshot Deletion
AN0861,IaaS,AWS:CloudTrail,ModifySnapshotAttribute,DC0058,Snapshot Modification
AN0861,IaaS,AWS:CloudWatch,unexpected IAM user or role assuming privileges for instance/snapshot operations,DC0070,Cloud Service Metadata
AN0862,Windows,NSM:Flow,First-time egress to non-approved update hosts right after install/update,DC0078,Network Traffic Flow
AN0862,Windows,WinEventLog:Microsoft-Windows-CodeIntegrity/Operational,Unsigned or invalid image for newly installed/updated binaries,DC0059,File Metadata
AN0862,Windows,WinEventLog:Sysmon,EventCode=1,DC0032,Process Creation
AN0862,Windows,WinEventLog:Sysmon,EventCode=6,DC0079,Driver Load
AN0862,Windows,WinEventLog:Sysmon,EventCode=7,DC0016,Module Load
AN0862,Windows,WinEventLog:Sysmon,EventCode=11,DC0039,File Creation
AN0862,Windows,WinEventLog:Sysmon,"EventCode=13, 14",DC0063,Windows Registry Key Modification
AN0862,Windows,WinEventLog:Sysmon,"EventCode=3, 22",DC0082,Network Connection Creation
AN0863,Linux,NSM:Flow,New outbound flows to non-approved vendor hosts post install,DC0078,Network Traffic Flow
AN0863,Linux,auditd:SYSCALL,execve,DC0032,Process Creation
AN0863,Linux,journald:package,dpkg/apt/yum/dnf transaction logs; vendor updaters in systemd journals,DC0059,File Metadata
AN0864,macOS,NSM:Flow,New/rare egress to non-approved update hosts after install,DC0078,Network Traffic Flow
AN0864,macOS,macos:endpointsecurity,exec,DC0032,Process Creation
AN0864,macOS,macos:unifiedlog,pkginstalld/softwareupdated/Homebrew install transactions,DC0059,File Metadata
AN0865,Windows,WinEventLog:Security,"EventCode=4728, 4729, 4732, 4733, 4756, 4757",DC0010,User Account Modification
AN0866,Linux,auditd:SYSCALL,SYSCALL for usermod or /etc/group file modification,DC0010,User Account Modification
AN0867,macOS,macos:unifiedlog,Process execution or directory service changes,DC0010,User Account Modification
AN0868,Windows,WinEventLog:Sysmon,EventCode=1,DC0032,Process Creation
AN0868,Windows,WinEventLog:System,EventCode=7036,DC0060,Service Creation
AN0869,Linux,auditd:SYSCALL,execve: Execution of binaries/scripts presenting false health messages for security daemons,DC0032,Process Creation
AN0869,Linux,linux:syslog,Service stop or disable messages for security tools not reflected in SIEM alerts,DC0018,Host Status
AN0870,macOS,macos:unifiedlog,Execution of processes mimicking Apple Security & Privacy GUIs,DC0032,Process Creation
AN0870,macOS,macos:unifiedlog,"Termination or disabling of XProtect, Gatekeeper, or third-party AV daemons",DC0018,Host Status
AN0871,Windows,WinEventLog:Security,EventCode=4672,DC0088,Logon Session Metadata
AN0871,Windows,WinEventLog:Security,EventCode=4688,DC0032,Process Creation
AN0871,Windows,WinEventLog:Sysmon,"EventCode=13, 14",DC0063,Windows Registry Key Modification
AN0871,Windows,WinEventLog:Sysmon,EventCode=12,DC0056,Windows Registry Key Creation
AN0872,Windows,EDR:detection,App reputation telemetry,DC0059,File Metadata
AN0872,Windows,Network Traffic,None,DC0085,Network Traffic Content
AN0872,Windows,WinEventLog:Sysmon,EventCode=11,DC0039,File Creation
AN0872,Windows,WinEventLog:Sysmon,EventCode=1,DC0032,Process Creation
AN0872,Windows,WinEventLog:Sysmon,EventCode=15,DC0059,File Metadata
AN0873,Linux,auditd:SYSCALL,execve,DC0032,Process Creation
AN0873,Linux,linux:osquery,file_events,DC0039,File Creation
AN0874,macOS,gatekeeper/quarantine database,LaunchServices quarantine,DC0059,File Metadata
AN0874,macOS,macos:osquery,process_events,DC0032,Process Creation
AN0874,macOS,macos:unifiedlog,File Events,DC0039,File Creation
AN0875,Windows,WinEventLog:Security,EventCode=4688,DC0032,Process Creation
AN0875,Windows,WinEventLog:System,EventCode=7045,DC0060,Service Creation
AN0876,Linux,auditd:SYSCALL,"execve, setifflags",DC0032,Process Creation
AN0876,Linux,auditd:SYSCALL,promiscuous mode transitions (ioctl or ifconfig),DC0064,Command Execution
AN0876,Linux,networkconfig ,"interface flag PROMISC, netstat | ip link | ethtool",DC0085,Network Traffic Content
AN0877,macOS,fs:fsusage,access to BPF devices or interface IOCTLs,DC0064,Command Execution
AN0877,macOS,macos:osquery,process_events where path like '%tcpdump%',DC0032,Process Creation
AN0877,macOS,macos:unifiedlog,eventMessage = 'promiscuous',DC0085,Network Traffic Content
AN0878,IaaS,AWS:CloudTrail,CreateTrafficMirrorSession / ModifyTrafficMirrorTarget,DC0069,Cloud Service Modification
AN0879,Network Devices,networkdevice:syslog,admin login events,DC0002,User Account Authentication
AN0879,Network Devices,networkdevice:syslog,exec command='monitor capture',DC0064,Command Execution
AN0879,Network Devices,networkdevice:syslog,"config change (e.g., logging buffered, pcap buffers)",DC0085,Network Traffic Content
AN0880,Windows,WinEventLog:Microsoft-Office-Alerts,Unexpected DLL or component loaded at Office startup,DC0064,Command Execution
AN0880,Windows,WinEventLog:Sysmon,"EventCode=13, 14",DC0063,Windows Registry Key Modification
AN0880,Windows,WinEventLog:Sysmon,EventCode=1,DC0032,Process Creation
AN0880,Windows,WinEventLog:Sysmon,EventCode=7,DC0016,Module Load
AN0880,Windows,WinEventLog:Sysmon,EventCode=11,DC0039,File Creation
AN0881,Office Suite,m365:office,Startup execution includes non-default component,DC0064,Command Execution
AN0881,Office Suite,m365:unified,"Non-standard Office startup component detected (e.g., unexpected DLL path)",DC0016,Module Load
AN0882,Windows,WinEventLog:Security,EventCode=4673,DC0013,User Account Metadata
AN0882,Windows,WinEventLog:Sysmon,Raw disk writes targeting \\.\PhysicalDrive* or MBR locations,DC0046,Drive Modification
AN0882,Windows,WinEventLog:Sysmon,EventCode=6,DC0079,Driver Load
AN0883,Linux,auditd:EXECVE,"Execution of dd, shred, or wipe with arguments targeting block devices",DC0032,Process Creation
AN0883,Linux,auditd:SYSCALL,"open/write syscalls to block devices (/dev/sd*, /dev/nvme*)",DC0054,Drive Access
AN0884,macOS,macos:unifiedlog,diskutil eraseDisk/zeroDisk or asr restore with destructive flags,DC0064,Command Execution
AN0884,macOS,macos:unifiedlog,IOKit raw disk write activity targeting physical devices,DC0046,Drive Modification
AN0885,Network Devices,networkdevice:cli,"erase flash:, erase nvram:, format disk",DC0064,Command Execution
AN0885,Network Devices,networkdevice:syslog,Privileged login followed by destructive command sequence,DC0002,User Account Authentication
AN0886,Windows,WinEventLog:Security,EventCode=4688,DC0032,Process Creation
AN0886,Windows,WinEventLog:Sysmon,EventCode=12,DC0056,Windows Registry Key Creation
AN0886,Windows,WinEventLog:System,EventCode=7045,DC0060,Service Creation
AN0887,Linux,auditd:EXECVE,"systemctl stop auditd, kill -9 <pid>, or modifications to /etc/selinux/config",DC0032,Process Creation
AN0887,Linux,auditd:SYSCALL,kill syscalls targeting logging/security processes,DC0033,Process Termination
AN0887,Linux,linux:syslog,iptables or nftables rule changes,DC0051,Firewall Rule Modification
AN0888,macOS,macos:unifiedlog,"spctl --master-disable, csrutil disable, or defaults write to disable Gatekeeper",DC0064,Command Execution
AN0888,macOS,macos:unifiedlog,Termination of syspolicyd or XProtect processes,DC0033,Process Termination
AN0889,Containers,docker:runtime,Termination of monitoring sidecar or security container,DC0033,Process Termination
AN0889,Containers,kubernetes:audit,seccomp or AppArmor profile changes,DC0041,Service Metadata
AN0890,ESXi,esxi:shell,esxcli system syslog config set --loghost='' or stopping hostd service,DC0064,Command Execution
AN0890,ESXi,esxi:vmkernel,Disabling or modifying firewall rules,DC0043,Firewall Disable
AN0891,IaaS,AWS:CloudTrail,"StopLogging, DeleteTrail, or DisableSecurityService",DC0090,Cloud Service Disable
AN0892,Identity Provider,azure:policy,DisableMfaPolicy or change to ConditionalAccess rules,DC0010,User Account Modification
AN0893,Network Devices,networkdevice:syslog,"no logging buffered, no aaa new-model, disable firewall",DC0064,Command Execution
AN0894,Office Suite,m365:unified,MacroSecuritySettingsChanged or SafeModeDisabled,DC0063,Windows Registry Key Modification
AN0895,Windows,WinEventLog:Security,"EventCode=4663, 4670, 4656",DC0055,File Access
AN0895,Windows,WinEventLog:Sysmon,"EventCode=3, 22",DC0082,Network Connection Creation
AN0895,Windows,WinEventLog:Sysmon,EventCode=1,DC0032,Process Creation
AN0896,Linux,NSM:Flow,large outbound HTTPS uploads to repo domains,DC0078,Network Traffic Flow
AN0896,Linux,auditd:EXECVE,"git push, curl -X POST",DC0064,Command Execution
AN0896,Linux,auditd:SYSCALL,open/read of sensitive directories,DC0055,File Access
AN0897,macOS,macos:unifiedlog,"execution of curl, git, or Office processes with network connections",DC0032,Process Creation
AN0897,macOS,macos:unifiedlog,read of user document directories,DC0055,File Access
AN0897,macOS,macos:unifiedlog,outbound HTTPS connections to code repository APIs,DC0085,Network Traffic Content
AN0898,ESXi,esxi:hostd,datastore file access,DC0055,File Access
AN0898,ESXi,esxi:vmkernel,HTTPS traffic to repository domains,DC0078,Network Traffic Flow
AN0899,Identity Provider,azure:audit,Add user,DC0014,User Account Creation
AN0899,Identity Provider,azure:audit,Add member to role,DC0010,User Account Modification
AN0899,Identity Provider,azure:signinlogs,Login from newly created account,DC0002,User Account Authentication
AN0900,IaaS,AWS:CloudTrail,CreateUser,DC0014,User Account Creation
AN0900,IaaS,AWS:CloudTrail,AttachUserPolicy,DC0010,User Account Modification
AN0901,SaaS,saas:zoom,New user created,DC0014,User Account Creation
AN0902,Office Suite,m365:unified,Add user,DC0014,User Account Creation
AN0902,Office Suite,m365:unified,Add member to group,DC0094,Group Modification
AN0903,Windows,WinEventLog:PowerShell,"EventCode=4103, 4104, 4105, 4106",DC0064,Command Execution
AN0903,Windows,WinEventLog:Sysmon,EventCode=1,DC0032,Process Creation
AN0904,Linux,auditd:SYSCALL,execve,DC0032,Process Creation
AN0904,Linux,linux:cli,command logging,DC0064,Command Execution
AN0905,macOS,macos:osquery,process_events,DC0032,Process Creation
AN0906,ESXi,esxi:hostd,command log,DC0064,Command Execution
AN0907,Network Devices,networkdevice:cli,command logs,DC0064,Command Execution
AN0907,Network Devices,snmp:trap,management queries,DC0021,OS API Execution
AN0908,IaaS,AWS:CloudTrail,Describe* or List* API calls,DC0021,OS API Execution
AN0908,IaaS,azure:activity,networkInsightsLogs,DC0085,Network Traffic Content
AN0909,Windows,WinEventLog:Security,EventCode=4657,DC0063,Windows Registry Key Modification
AN0909,Windows,WinEventLog:Sysmon,EventCode=1,DC0032,Process Creation
AN0909,Windows,WinEventLog:System,EventCode=7045,DC0060,Service Creation
AN0910,Linux,auditd:SYSCALL,"execve calls for qemu-system*, kvm, or VBoxHeadless",DC0032,Process Creation
AN0910,Linux,auditd:SYSCALL,"File creations of *.qcow2, *.vdi, *.vmdk outside standard VM directories",DC0039,File Creation
AN0911,macOS,macos:unifiedlog,"Process execution for VBoxHeadless, prl_vm_app, vmware-vmx",DC0032,Process Creation
AN0911,macOS,macos:unifiedlog,Plist modifications containing virtualization run configurations,DC0061,File Modification
AN0912,ESXi,esxi:hostd,Execution of '/bin/vmx' or modifications to '/etc/rc.local.d/local.sh',DC0064,Command Execution
AN0912,ESXi,esxi:vmkernel,VMX startup messages without associated vCenter inventory records,DC0028,Image Metadata
AN0913,Windows,WinEventLog:Sysmon,EventCode=11,DC0039,File Creation
AN0913,Windows,WinEventLog:Sysmon,EventCode=10,DC0035,Process Access
AN0913,Windows,WinEventLog:Sysmon,EventCode=1,DC0032,Process Creation
AN0914,Linux,auditd:SYSCALL,write,DC0039,File Creation
AN0914,Linux,auditd:SYSCALL,execve,DC0032,Process Creation
AN0914,Linux,auditd:SYSCALL,SYSCALL ptrace/mprotect,DC0020,Process Modification
AN0915,macOS,macos:endpointsecurity,ES_EVENT_TYPE_NOTIFY_EXEC,DC0032,Process Creation
AN0915,macOS,macos:endpointsecurity,ES_EVENT_TYPE_NOTIFY_MMAP,DC0020,Process Modification
AN0915,macOS,macos:endpointsecurity,ES_EVENT_TYPE_NOTIFY_OPEN,DC0035,Process Access
AN0916,Windows,WinEventLog:Sysmon,EventCode=6,DC0079,Driver Load
AN0916,Windows,firmware:integrity ,Firmware integrity verification failures or mismatches against expected UEFI/firmware image baselines,DC0004,Firmware Modification
AN0917,Linux,auditd:SYSCALL,ioctl/write: Direct firmware update or device memory manipulation syscalls,DC0004,Firmware Modification
AN0917,Linux,linux:syslog,Driver load events or firmware load failures for hardware devices,DC0079,Driver Load
AN0918,macOS,macos:unifiedlog,Firmware update events or kernel extension (kext) loads not signed by Apple,DC0004,Firmware Modification
AN0919,Windows,WinEventLog:Sysmon,EventCode=1,DC0032,Process Creation
AN0919,Windows,WinEventLog:Sysmon,EventCode=7,DC0016,Module Load
AN0919,Windows,WinEventLog:Sysmon,EventCode=10,DC0035,Process Access
AN0920,Linux,auditd:SYSCALL,execve,DC0032,Process Creation
AN0920,Linux,auditd:SYSCALL,mmap,DC0016,Module Load
AN0920,Linux,auditd:SYSCALL,chmod,DC0061,File Modification
AN0921,macOS,fs:fsusage,file open/write,DC0039,File Creation
AN0921,macOS,macos:endpointsecurity,ES_EVENT_TYPE_NOTIFY_EXEC,DC0032,Process Creation
AN0921,macOS,macos:endpointsecurity,ES_EVENT_TYPE_NOTIFY_MMAP,DC0020,Process Modification
AN0921,macOS,macos:unifiedlog,code signature/memory protection,DC0034,Process Metadata
AN0922,Windows,WinEventLog:Microsoft-Windows-Windows Defender/Operational,Unusual external domain access,DC0085,Network Traffic Content
AN0922,Windows,WinEventLog:Sysmon,"EventCode=3, 22",DC0082,Network Connection Creation
AN0922,Windows,WinEventLog:Sysmon,EventCode=1,DC0032,Process Creation
AN0923,Linux,NSM:Flow,conn.log or http.log,DC0085,Network Traffic Content
AN0923,Linux,NSM:Flow,alert log,DC0078,Network Traffic Flow
AN0923,Linux,auditd:SYSCALL,execve,DC0032,Process Creation
AN0924,macOS,NSM:Flow,pf firewall logs,DC0078,Network Traffic Flow
AN0924,macOS,macos:osquery,launchd or network_events,DC0082,Network Connection Creation
AN0924,macOS,macos:unifiedlog,process logs,DC0032,Process Creation
AN0925,ESXi,NSM:Flow,conn.log,DC0082,Network Connection Creation
AN0925,ESXi,esxi:shell,None,DC0032,Process Creation
AN0925,ESXi,esxi:vmkernel,None,DC0078,Network Traffic Flow
AN0926,Network Devices,Firewall Audit Logs,Outbound NAT Rule Changes,DC0051,Firewall Rule Modification
AN0926,Network Devices,NSM:Flow,Outbound flow records,DC0078,Network Traffic Flow
AN0926,Network Devices,networkdevice:syslog,Dynamic route changes,DC0082,Network Connection Creation
AN0927,Windows,WinEventLog:PowerShell,"EventCode=4103, 4104, 4105, 4106",DC0029,Script Execution
AN0927,Windows,WinEventLog:Security,EventCode=4688,DC0032,Process Creation
AN0927,Windows,WinEventLog:Sysmon,"EventCode=3, 22",DC0082,Network Connection Creation
AN0927,Windows,m365:defender,"NetworkConnection: high out:in ratio, periodic beacons, protocol mismatch",DC0078,Network Traffic Flow
AN0928,Linux,NSM:Flow,http: HTTP bodies/headers contain long tokens with non-standard alphabets or constant-size periodic POSTs,DC0085,Network Traffic Content
AN0928,Linux,WinEventLog:Sysmon,"EventCode=3, 22",DC0082,Network Connection Creation
AN0928,Linux,auditd:SYSCALL,"execve of interpreters (python, perl), custom binaries, or shell utilities with long arguments containing non-standard tokens",DC0032,Process Creation
AN0929,macOS,NSM:Flow,http: suspicious long tokens with custom alphabets in body/headers,DC0085,Network Traffic Content
AN0929,macOS,PF:Logs,high out:in ratio or fixed-size periodic flows,DC0078,Network Traffic Flow
AN0929,macOS,macos:endpointsecurity,"ES_EVENT_TYPE_NOTIFY_EXEC: arguments contain long, non-standard tokens / custom alphabets",DC0032,Process Creation
AN0930,ESXi,NSM:Flow,"network_flow: bytes_out >> bytes_in, fixed packet sizes/intervals to non-approved CIDRs",DC0078,Network Traffic Flow
AN0930,ESXi,NSM:Flow,"http: HTTP bodies from ESXi host IPs containing long, non-standard tokens",DC0085,Network Traffic Content
AN0930,ESXi,esxi:hostd,unexpected script invocations producing long encoded strings,DC0038,Application Log Content
AN0930,ESXi,esxi:shell,commands containing long non-standard tokens or custom lookup tables,DC0032,Process Creation
AN0931,Windows,WinEventLog:Security,"EventCode=4624, 4648",DC0067,Logon Session Creation
AN0931,Windows,WinEventLog:Security,"EventCode=4778, EventCode=4779",DC0088,Logon Session Metadata
AN0931,Windows,WinEventLog:Sysmon,"EventCode=3, 22",DC0082,Network Connection Creation
AN0931,Windows,WinEventLog:Sysmon,EventCode=1,DC0032,Process Creation
AN0932,Windows,WinEventLog:PowerShell,"EventCode=4103, 4104, 4105, 4106",DC0064,Command Execution
AN0932,Windows,WinEventLog:Sysmon,"EventCode=3, 22",DC0082,Network Connection Creation
AN0932,Windows,WinEventLog:Sysmon,EventCode=1,DC0032,Process Creation
AN0932,Windows,WinEventLog:Sysmon,EventCode=10,DC0035,Process Access
AN0932,Windows,WinEventLog:Sysmon,EventCode=12,DC0056,Windows Registry Key Creation
AN0932,Windows,WinEventLog:Sysmon,"EventCode=13, 14",DC0063,Windows Registry Key Modification
AN0932,Windows,WinEventLog:Sysmon,EventCode=11,DC0039,File Creation
AN0933,Windows,WinEventLog:Microsoft-Windows-Backup,Windows Backup Catalog deletion or catalog corruption,DC0040,File Deletion
AN0933,Windows,WinEventLog:Sysmon,EventCode=1,DC0032,Process Creation
AN0933,Windows,WinEventLog:Sysmon,"EventCode=13, 14",DC0063,Windows Registry Key Modification
AN0933,Windows,WinEventLog:System,Service stopped or RecoveryDisabled set via REAgentC,DC0041,Service Metadata
AN0934,Linux,auditd:CONFIG_CHANGE,"/etc/fstab, /etc/systemd/*",DC0040,File Deletion
AN0934,Linux,auditd:SYSCALL,"chattr, rm, shred, dd run on recovery directories or partitions",DC0064,Command Execution
AN0935,ESXi,esxi:hostd,snapshot.removeall or snapshot file deletion,DC0049,Snapshot Deletion
AN0936,Network Devices,networkdevice:syslog,command sequence: erase → format → reload,DC0064,Command Execution
AN0937,IaaS,AWS:CloudTrail,DeleteSnapshot,DC0049,Snapshot Deletion
AN0937,IaaS,AWS:CloudTrail,"DeleteBucket, DeleteDBCluster, DeleteSnapshot, TerminateInstances",DC0022,Cloud Storage Deletion
AN0938,macOS,macos:unifiedlog,Execution of /usr/sbin/installer spawning child process from within /private/tmp or package contents,DC0032,Process Creation
AN0938,macOS,macos:unifiedlog,Creation or modification of postinstall scripts within .pkg or .mpkg contents,DC0039,File Creation
AN0939,Linux,auditd:SYSCALL,"Execution of dpkg or rpm followed by fork/execve from within postinst, prerm, etc.",DC0032,Process Creation
AN0939,Linux,auditd:SYSCALL,write,DC0039,File Creation
AN0940,Windows,WinEventLog:Sysmon,EventCode=1,DC0032,Process Creation
AN0940,Windows,WinEventLog:Sysmon,EventCode=11,DC0039,File Creation
AN0941,Windows,WinEventLog:Sysmon,EventCode=10,DC0035,Process Access
AN0941,Windows,WinEventLog:Sysmon,EventCode=8,DC0020,Process Modification
AN0941,Windows,WinEventLog:Sysmon,EventCode=1,DC0032,Process Creation
AN0941,Windows,etw:Microsoft-Windows-Win32k,"SendMessage, PostMessage, LVM_*",DC0021,OS API Execution
AN0942,Windows,WinEventLog:Sysmon,EventCode=1,DC0032,Process Creation
AN0942,Windows,WinEventLog:Sysmon,EventCode=11,DC0039,File Creation
AN0942,Windows,WinEventLog:Sysmon,EventCode=10,DC0035,Process Access
AN0943,Windows,WinEventLog:Security,EventCode=4698,DC0001,Scheduled Job Creation
AN0943,Windows,WinEventLog:Sysmon,EventCode=1,DC0032,Process Creation
AN0944,Linux,auditd:SYSCALL,execve,DC0032,Process Creation
AN0944,Linux,auditd:SYSCALL,write,DC0061,File Modification
AN0945,macOS,fs:fsusage,file access to /usr/lib/cron/at and job execution path,DC0061,File Modification
AN0945,macOS,macos:osquery,process_events,DC0032,Process Creation
AN0945,macOS,macos:unifiedlog,"process: at, job runner",DC0064,Command Execution
AN0946,Containers,docker:daemon,docker build or docker commit commands followed by docker push to internal registry,DC0015,Image Creation
AN0946,Containers,docker:registry,push event of new image version from unrecognized user or context,DC0036,Image Modification
AN0947,IaaS,AWS:CloudTrail,RegisterImage,DC0015,Image Creation
AN0947,IaaS,AWS:CloudTrail,ModifyImageAttribute,DC0036,Image Modification
AN0947,IaaS,AWS:CloudTrail,RunInstances,DC0080,Instance Start
AN0948,macOS,macos:unifiedlog,Unexpected NSXPCConnection calls by non-Apple-signed or abnormal binaries,DC0035,Process Access
AN0948,macOS,macos:unifiedlog,execve: Helper tools invoked through XPC executing unexpected binaries,DC0032,Process Creation
AN0948,macOS,macos:unifiedlog,XPC messages requesting privileged actions from untrusted or unsigned clients,DC0048,Named Pipe Metadata
AN0949,Windows,WinEventLog:Security,EventCode=4688,DC0032,Process Creation
AN0949,Windows,WinEventLog:Sysmon,EventCode=11,DC0039,File Creation
AN0949,Windows,WinEventLog:Sysmon,EventCode=2,DC0061,File Modification
AN0950,Linux,auditd:EXECVE,execve,DC0032,Process Creation
AN0950,Linux,auditd:SYSCALL,"open, write",DC0061,File Modification
AN0951,macOS,macos:unifiedlog,binary modified or replaced,DC0061,File Modification
AN0951,macOS,macos:unifiedlog,execution of modified binary without valid signature,DC0032,Process Creation
AN0952,ESXi,esxi:hostd,binary or module replacement event,DC0061,File Modification
AN0952,ESXi,esxi:vmkernel,unexpected module load,DC0016,Module Load
AN0953,IaaS,AWS:CloudTrail,RevertSnapshot,DC0073,Instance Modification
AN0953,IaaS,AWS:CloudTrail,StartInstances,DC0080,Instance Start
AN0953,IaaS,AWS:CloudTrail,StopInstances,DC0089,Instance Stop
AN0954,Windows,WinEventLog:Security,"EventCode=4624, 4648",DC0067,Logon Session Creation
AN0954,Windows,WinEventLog:Sysmon,EventCode=1,DC0032,Process Creation
AN0955,Linux,NSM:Connections,Accepted publickey for user from unusual IP or without tty,DC0067,Logon Session Creation
AN0955,Linux,auditd:SYSCALL,"execution of ssh, scp, or sftp using previously unseen credentials or keys",DC0002,User Account Authentication
AN0956,Identity Provider,azure:signinlogs,"TokenIssuanceStart, TokenIssuanceSuccess",DC0007,Web Credential Usage
AN0956,Identity Provider,m365:unified,login using refresh_token with no preceding authentication context,DC0002,User Account Authentication
AN0957,SaaS,saas:googleworkspace,access_token issued,DC0007,Web Credential Usage
AN0957,SaaS,saas:googleworkspace,API access without user login,DC0002,User Account Authentication
AN0958,Containers,AWS:CloudTrail,AssumeRole,DC0013,User Account Metadata
AN0958,Containers,docker:runtime,"execution of cloud CLI tool (e.g., aws, az) inside container",DC0038,Application Log Content
AN0959,Office Suite,m365:unified,"TokenIssued, FileAccessed",DC0007,Web Credential Usage
AN0960,IaaS,AWS:CloudTrail,GetCallerIdentity,DC0007,Web Credential Usage
AN0960,IaaS,AWS:CloudTrail,AssumeRole,DC0013,User Account Metadata
AN0961,Network Devices,NSM:Flow,Traffic patterns showing downgrade from strong encryption (AES-256) to weaker or plaintext protocols,DC0085,Network Traffic Content
AN0961,Network Devices,networkdevice:config,"Configuration change events referencing encryption, TLS/SSL, or IPSec settings",DC0061,File Modification
AN0961,Network Devices,snmp:status,Status change in cryptographic hardware modules (enabled -> disabled),DC0016,Module Load
AN0962,Windows,NSM:Flow,HTTP(S) requests with User-Agents typical of PowerShell or curl from desktop; or URIs matching paste-inspired payload hosts,DC0085,Network Traffic Content
AN0962,Windows,WinEventLog:PowerShell,"EventCode=4103, 4104, 4105, 4106",DC0064,Command Execution
AN0962,Windows,WinEventLog:Security,EventCode=4688,DC0032,Process Creation
AN0962,Windows,WinEventLog:Sysmon,EventCode=11,DC0039,File Creation
AN0962,Windows,WinEventLog:Sysmon,"EventCode=3, 22",DC0082,Network Connection Creation
AN0963,Linux,NSM:Flow,New egress to Internet by the same UID/host shortly after terminal exec,DC0082,Network Connection Creation
AN0963,Linux,auditd:SYSCALL,"execve: exe in (/usr/bin/bash,/usr/bin/sh,/usr/bin/zsh,/usr/bin/python*) AND cmdline matches '(curl|wget).*(\||\|\s*sh|bash)|base64\s*-d|python\s*-c'",DC0032,Process Creation
AN0963,Linux,auditd:SYSCALL,"open: File creation under /tmp, /var/tmp, ~/.cache with executable bit or shell shebang",DC0039,File Creation
AN0964,macOS,NSM:Flow,Egress to non-approved networks from host after terminal exec,DC0085,Network Traffic Content
AN0964,macOS,macos:osquery,Interpreter exec with suspicious arguments as above,DC0064,Command Execution
AN0964,macOS,macos:unifiedlog,"exec: ParentImage in (Terminal, iTerm2) AND Image in (/bin/zsh,/bin/bash,/usr/bin/python*) AND CommandLine matches '(curl|wget).*(\||\|\s*sh|bash)|base64 -D|python -c'",DC0032,Process Creation
AN0964,macOS,macos:unifiedlog,create: New files in /tmp or ~/Library/Application Support/* with executable or script extensions,DC0039,File Creation
AN0965,Windows,WinEventLog:Sysmon,EventCode=1,DC0032,Process Creation
AN0965,Windows,WinEventLog:Sysmon,EventCode=10,DC0035,Process Access
AN0966,macOS,macos:unifiedlog,process,DC0032,Process Creation
AN0967,Linux,auditd:SYSCALL,execve,DC0032,Process Creation
AN0968,Windows,WinEventLog:Sysmon,EventCode=1,DC0032,Process Creation
AN0968,Windows,WinEventLog:Sysmon,EventCode=11,DC0039,File Creation
AN0968,Windows,WinEventLog:Sysmon,EventCode=7,DC0016,Module Load
AN0968,Windows,WinEventLog:Sysmon,"EventCode=3, 22",DC0082,Network Connection Creation
AN0969,Windows,WinEventLog:Security,EventCode=4688,DC0032,Process Creation
AN0969,Windows,WinEventLog:Sysmon,"EventCode=3, 22",DC0082,Network Connection Creation
AN0970,Linux,auditd:SYSCALL,connect or sendto system call with burst pattern,DC0078,Network Traffic Flow
AN0970,Linux,auditd:SYSCALL,execve,DC0032,Process Creation
AN0971,macOS,macos:unifiedlog,process created with repeated ICMP or UDP flood behavior,DC0032,Process Creation
AN0971,macOS,macos:unifiedlog,sudden burst in outgoing packets from same PID,DC0078,Network Traffic Flow
AN0972,IaaS,AWS:CloudWatch,NetworkOut spike beyond baseline,DC0018,Host Status
AN0972,IaaS,AWS:VPCFlowLogs,source instance sends large volume of traffic in short window,DC0078,Network Traffic Flow
AN0973,Windows,WinEventLog:Application,WMI Object Creation Events,DC0008,WMI Creation
AN0973,Windows,WinEventLog:Security,EventCode=4657,DC0063,Windows Registry Key Modification
AN0974,Linux,auditd:SYSCALL,"open, write, unlink",DC0039,File Creation
AN0974,Linux,linux:osquery,file_events.path,DC0059,File Metadata
AN0975,Windows,WinEventLog:Security,EventCode=4688,DC0032,Process Creation
AN0975,Windows,WinEventLog:Security,EventCode=4672,DC0088,Logon Session Metadata
AN0975,Windows,WinEventLog:Sysmon,"EventCode=13, 14",DC0063,Windows Registry Key Modification
AN0976,Linux,auditd:SYSCALL,setuid or setgid bit changes,DC0059,File Metadata
AN0976,Linux,auditd:SYSCALL,execve with UID ≠ EUID,DC0034,Process Metadata
AN0976,Linux,auditd:SYSCALL,sudo or pkexec invocation,DC0021,OS API Execution
AN0977,macOS,auditd:SYSCALL,execve with escalated privileges,DC0034,Process Metadata
AN0977,macOS,fs:fsusage,binary execution of security_authtrampoline,DC0032,Process Creation
AN0977,macOS,macos:unifiedlog,authorization execute privilege requests,DC0021,OS API Execution
AN0978,Identity Provider,azure:signinlogs,unusual role assumption or elevation path,DC0010,User Account Modification
AN0979,IaaS,AWS:CloudTrail,role privilege expansion detected,DC0010,User Account Modification
AN0979,IaaS,AWS:CloudTrail,cross-account or unexpected assume role,DC0034,Process Metadata
AN0980,Windows,WinEventLog:Sysmon,EventCode=1,DC0032,Process Creation
AN0980,Windows,WinEventLog:Sysmon,EventCode=7,DC0016,Module Load
AN0981,macOS,macos:unifiedlog,process: exec,DC0032,Process Creation
AN0982,Linux,auditd:SYSCALL,execve,DC0032,Process Creation
AN0983,Windows,WinEventLog:Security,EventCode=4688,DC0032,Process Creation
AN0983,Windows,WinEventLog:Sysmon,EventCode=11,DC0039,File Creation
AN0984,Linux,auditd:SYSCALL,execve,DC0032,Process Creation
AN0984,Linux,auditd:SYSCALL,open,DC0055,File Access
AN0984,Linux,auditd:SYSCALL,rename,DC0020,Process Modification
AN0984,Linux,linux:osquery,Filesystem modifications to trusted paths,DC0059,File Metadata
AN0985,macOS,fs:fsusage,filesystem monitoring of exec/open,DC0059,File Metadata
AN0985,macOS,macos:unifiedlog,log collect from launchd and process start,DC0034,Process Metadata
AN0986,Containers,containerd:events,Docker or containerd image pulls and process executions,DC0034,Process Metadata
AN0986,Containers,kubernetes:apiserver,Resource creation and update logs,DC0028,Image Metadata
AN0987,ESXi,esxi:hostd,Service events,DC0041,Service Metadata
AN0987,ESXi,esxi:hostd,task creation events,DC0001,Scheduled Job Creation
AN0987,ESXi,esxi:vmkernel,Exec,DC0032,Process Creation
AN0987,ESXi,esxi:vmkernel,module load,DC0016,Module Load
AN0988,Windows,NSM:Flow,Flow/PCAP analysis for outbound payloads,DC0085,Network Traffic Content
AN0988,Windows,WinEventLog:Security,"EventCode=4663, 4670, 4656",DC0055,File Access
AN0988,Windows,WinEventLog:Sysmon,EventCode=1,DC0032,Process Creation
AN0988,Windows,WinEventLog:Sysmon,"EventCode=3, 22",DC0082,Network Connection Creation
AN0989,Linux,NSM:Flow,conn.log + files.log + ssl.log,DC0085,Network Traffic Content
AN0989,Linux,NSM:Flow,session stats with bytes_out > bytes_in,DC0078,Network Traffic Flow
AN0989,Linux,auditd:SYSCALL,execve,DC0032,Process Creation
AN0989,Linux,auditd:SYSCALL,connect,DC0082,Network Connection Creation
AN0990,macOS,macos:osquery,socket_events,DC0078,Network Traffic Flow
AN0990,macOS,macos:osquery,process_events,DC0032,Process Creation
AN0990,macOS,macos:unifiedlog,"eventMessage = 'open', 'sendto', 'connect'",DC0085,Network Traffic Content
AN0991,ESXi,esxi:syslog,guest OS outbound transfer logs,DC0055,File Access
AN0991,ESXi,esxi:vmkernel,network stack module logs,DC0085,Network Traffic Content
AN0991,ESXi,esxi:vpxa,connection attempts and data transmission logs,DC0078,Network Traffic Flow
AN0992,Windows,NSM:Flow,Unexpected script or binary content returned in HTTP response body,DC0085,Network Traffic Content
AN0992,Windows,WinEventLog:Security,EventCode=4688,DC0032,Process Creation
AN0992,Windows,WinEventLog:Sysmon,EventCode=11,DC0039,File Creation
AN0993,Linux,NSM:Flow,Injected content responses with unexpected script/malware signatures,DC0085,Network Traffic Content
AN0993,Linux,WinEventLog:Sysmon,File creation of suspicious scripts/binaries in temporary directories,DC0039,File Creation
AN0993,Linux,auditd:SYSCALL,execve: Execution of curl or wget writing files to /tmp/* followed by chmod or execution,DC0064,Command Execution
AN0994,macOS,NSM:Flow,Content injection observed in HTTPS responses with mismatched certificates or altered payloads,DC0085,Network Traffic Content
AN0994,macOS,macos:unifiedlog,"Child processes of Safari, Chrome, or Firefox executing scripting interpreters",DC0032,Process Creation
AN0994,macOS,macos:unifiedlog,File creation of unsigned binaries/scripts in user cache or download directories,DC0039,File Creation
AN0995,Windows,WinEventLog:Security,EventCode=4657,DC0063,Windows Registry Key Modification
AN0995,Windows,WinEventLog:Sysmon,EventCode=1,DC0032,Process Creation
AN0996,Linux,auditd:SYSCALL,execve: Execution of downgraded interpreters such as python2 or forced fallback commands,DC0064,Command Execution
AN0996,Linux,linux:syslog,Kernel or daemon warnings of downgraded TLS or cryptographic settings,DC0034,Process Metadata
AN0997,macOS,macos:unifiedlog,Execution of older or non-standard interpreters,DC0032,Process Creation
AN0997,macOS,macos:unifiedlog,Modifications or writes to EFI system partition for downgraded bootloaders,DC0034,Process Metadata
AN0998,Linux,auditd:PROCTITLE,"proctitle contains chmod, chown, chgrp, setfacl, or attr with suspicious parameters (777, 755, +x, -R)",DC0064,Command Execution
AN0998,Linux,auditd:SYSCALL,"syscall in (chmod, fchmod, fchmodat, chown, fchown, fchownat, lchown, setxattr, lsetxattr, fsetxattr, removexattr, lremovexattr, fremovexattr)",DC0059,File Metadata
AN0998,Linux,linux:osquery,process execution events for permission modification utilities with command-line analysis,DC0032,Process Creation
AN0999,macOS,OpenBSM:AuditTrail,"BSM audit events for file permission, ownership, and attribute modifications with user context",DC0059,File Metadata
AN0999,macOS,fs:fsevents,"file system events indicating permission, ownership, or extended attribute changes on critical paths. File system modification events with kFSEventStreamEventFlagItemChangeOwner, kFSEventStreamEventFlagItemXattrMod flags",DC0061,File Modification
AN0999,macOS,macos:unifiedlog,"process execution events for chmod, chown, chflags with parameter analysis and target path examination",DC0032,Process Creation
AN1000,Windows,WinEventLog:Security,EventCode=4769,DC0002,User Account Authentication
AN1000,Windows,WinEventLog:Security,EventCode=4768,DC0084,Active Directory Credential Request
AN1000,Windows,WinEventLog:Security,"EventCode=4624, 4648",DC0067,Logon Session Creation
AN1000,Windows,WinEventLog:Sysmon,EventCode=10,DC0035,Process Access
AN1000,Windows,WinEventLog:Sysmon,EventCode=7,DC0016,Module Load
AN1001,Windows,WinEventLog:Security,EventCode=4720,DC0014,User Account Creation
AN1001,Windows,WinEventLog:Sysmon,"EventCode=13, 14",DC0063,Windows Registry Key Modification
AN1002,Linux,auditd:EXECVE,Execution of gsettings set org.gnome.login-screen disable-user-list true,DC0064,Command Execution
AN1002,Linux,auditd:FILE,"Modification of Display Manager configuration files (/etc/gdm3/*, /etc/lightdm/*)",DC0061,File Modification
AN1003,macOS,macos:unifiedlog,Execution of dscl . create with IsHidden=1,DC0064,Command Execution
AN1003,macOS,macos:unifiedlog,Modification of /Library/Preferences/com.apple.loginwindow plist,DC0061,File Modification
AN1003,macOS,macos:unifiedlog,Creation of user account with UID <500,DC0013,User Account Metadata
AN1004,Windows,WinEventLog:Application,"VPN, Citrix, or remote access gateway logs showing external IP addresses",DC0038,Application Log Content
AN1004,Windows,WinEventLog:Security,"EventCode=4776, 4625",DC0002,User Account Authentication
AN1004,Windows,WinEventLog:Sysmon,"EventCode=3, 22",DC0082,Network Connection Creation
AN1005,Linux,NSM:Connections,Failed password or accepted password for SSH users,DC0038,Application Log Content
AN1005,Linux,NSM:Flow,connection: Inbound connections to SSH or VPN ports,DC0082,Network Connection Creation
AN1005,Linux,auditd:SYSCALL,ssh logins or execve of remote commands,DC0088,Logon Session Metadata
AN1006,macOS,PF:Logs,External traffic to remote access services,DC0078,Network Traffic Flow
AN1006,macOS,macos:unifiedlog,Remote login (ssh) or screen sharing authentication attempts,DC0088,Logon Session Metadata
AN1006,macOS,macos:unifiedlog,Inbound connections to VNC/SSH ports,DC0082,Network Connection Creation
AN1007,Containers,ApplicationLog:API,Docker/Kubernetes API access from external sources,DC0038,Application Log Content
AN1007,Containers,NSM:Flow,"External access to container ports (2375, 6443)",DC0082,Network Connection Creation
AN1007,Containers,kubernetes:audit,Unauthorized container creation or kubelet exec logs,DC0088,Logon Session Metadata
AN1008,Windows,WinEventLog:Sysmon,EventCode=11,DC0039,File Creation
AN1008,Windows,m365:unified,Send/Receive: Unusual spikes in inbound messages to a single recipient,DC0038,Application Log Content
AN1009,Linux,Application:Mail,High-frequency inbound mail activity to a specific recipient address,DC0038,Application Log Content
AN1009,Linux,auditd:SYSCALL,File creation events in /var/mail or /var/spool/mail exceeding baseline thresholds,DC0039,File Creation
AN1010,Office Suite,m365:exchange,MailDelivery: High-frequency delivery of messages or attachments to a single recipient,DC0038,Application Log Content
AN1011,macOS,fs:fsusage,create: Attachment file creation in ~/Library/Mail directories,DC0039,File Creation
AN1011,macOS,macos:unifiedlog,Repetitive inbound email delivery activity logged within a short time window,DC0038,Application Log Content
AN1012,Windows,NSM:Firewall,High rate of inbound TCP SYN or ACK packets with missing 3-way handshake completion,DC0085,Network Traffic Content
AN1012,Windows,WinEventLog:Microsoft-Windows-TCPIP,Connection queue overflow or failure to allocate TCP state object,DC0018,Host Status
AN1012,Windows,WinEventLog:Sysmon,EventCode=1,DC0032,Process Creation
AN1013,Linux,NSM:Flow,High volumes of SYN/ACK packets with unacknowledged TCP handshakes,DC0078,Network Traffic Flow
AN1013,Linux,NSM:Flow,TCP: possible SYN flood or backlog limit exceeded,DC0018,Host Status
AN1013,Linux,auditd:SYSCALL,"Invocation of packet generation tools (e.g., hping3, nping) or fork bombs",DC0032,Process Creation
AN1014,macOS,NSM:Firewall,Anomalous TCP SYN or ACK spikes from specific source or interface,DC0085,Network Traffic Content
AN1014,macOS,macos:osquery,Execution of flooding tools or compiled packet generators,DC0032,Process Creation
AN1014,macOS,macos:unifiedlog,"network stack resource exhaustion, tcp_accept queue overflow, repeated resets",DC0018,Host Status
AN1015,Windows,WinEventLog:PowerShell,"EventCode=4103, 4104, 4105, 4106",DC0064,Command Execution
AN1015,Windows,WinEventLog:Security,"EventCode=5156, 5157",DC0082,Network Connection Creation
AN1015,Windows,WinEventLog:Sysmon,EventCode=1,DC0032,Process Creation
AN1016,Linux,auditd:EXECVE,execve,DC0032,Process Creation
AN1016,Linux,linux:syslog,network,DC0082,Network Connection Creation
AN1017,macOS,macos:unifiedlog,process,DC0032,Process Creation
AN1018,ESXi,esxi:hostd,process,DC0032,Process Creation
AN1018,ESXi,esxi:shell,None,DC0029,Script Execution
AN1019,SaaS,saas:confluence,access.content,DC0038,Application Log Content
AN1019,SaaS,saas:confluence,logon,DC0067,Logon Session Creation
AN1019,SaaS,saas:confluence,REST API access from non-browser agents,DC0085,Network Traffic Content
AN1020,Windows,WinEventLog:Sysmon,"EventCode=3, 22",DC0082,Network Connection Creation
AN1020,Windows,WinEventLog:Sysmon,EventCode=1,DC0032,Process Creation
AN1020,Windows,dns:query,"Outbound resolution to hidden service domains (e.g., `.onion`)",DC0078,Network Traffic Flow
AN1021,Linux,NSM:Flow,conn.log + ssl.log with Tor fingerprinting,DC0078,Network Traffic Flow
AN1021,Linux,Netfilter/iptables,Forwarded packets log,DC0085,Network Traffic Content
AN1021,Linux,auditd:SYSCALL,execve for proxy tools,DC0032,Process Creation
AN1022,macOS,macos:osquery,process_events + launchd,DC0082,Network Connection Creation
AN1022,macOS,macos:unifiedlog,"process, socket, and DNS logs",DC0032,Process Creation
AN1022,macOS,macos:unifiedlog,forwarded encrypted traffic,DC0078,Network Traffic Flow
AN1023,ESXi,NSM:Flow,Relay patterns across IP hops,DC0085,Network Traffic Content
AN1023,ESXi,esxi:esxupdate,/var/log/esxupdate.log or /var/log/vmksummary.log,DC0082,Network Connection Creation
AN1023,ESXi,esxi:vmkernel,/var/log/vmkernel.log,DC0078,Network Traffic Flow
AN1024,Network Devices,NSM:Firewall,Outbound encrypted traffic,DC0085,Network Traffic Content
AN1024,Network Devices,NSM:Flow,Relayed session pathing (multi-hop),DC0078,Network Traffic Flow
AN1024,Network Devices,networkdevice:syslog,Custom firmware or routing changes,DC0004,Firmware Modification
AN1025,Windows,WinEventLog:PowerShell,"EventCode=4103, 4104, 4105, 4106",DC0064,Command Execution
AN1025,Windows,WinEventLog:Security,EventCode=4688,DC0032,Process Creation
AN1026,Linux,NSM:Flow,ldap.log,DC0085,Network Traffic Content
AN1026,Linux,auditd:SYSCALL,execve,DC0032,Process Creation
AN1026,Linux,linux:syslog,sshd logs,DC0064,Command Execution
AN1027,macOS,macos:unifiedlog,process events,DC0032,Process Creation
AN1028,Windows,WinEventLog:PowerShell,"EventCode=4103, 4104, 4105, 4106",DC0064,Command Execution
AN1028,Windows,WinEventLog:Security,EventCode=4688,DC0032,Process Creation
AN1028,Windows,WinEventLog:Sysmon,EventCode=7,DC0016,Module Load
AN1028,Windows,WinEventLog:Sysmon,EventCode=12,DC0056,Windows Registry Key Creation
AN1028,Windows,WinEventLog:Sysmon,"EventCode=13, 14",DC0063,Windows Registry Key Modification
AN1028,Windows,WinEventLog:Sysmon,EventCode=11,DC0039,File Creation
AN1028,Windows,WinEventLog:Sysmon,"EventCode=3, 22",DC0082,Network Connection Creation
AN1029,Windows,WinEventLog:Security,EventCode=4657,DC0063,Windows Registry Key Modification
AN1029,Windows,WinEventLog:Sysmon,EventCode=1,DC0032,Process Creation
AN1029,Windows,WinEventLog:Sysmon,EventCode=7,DC0016,Module Load
AN1030,Windows,WinEventLog:Security,EventCode=4673,DC0013,User Account Metadata
AN1030,Windows,WinEventLog:Sysmon,EventCode=10,DC0035,Process Access
AN1030,Windows,WinEventLog:Sysmon,EventCode=1,DC0032,Process Creation
AN1030,Windows,WinEventLog:Sysmon,EventCode=11,DC0039,File Creation
AN1030,Windows,WinEventLog:Sysmon,"EventCode=13, 14",DC0063,Windows Registry Key Modification
AN1031,Windows,WinEventLog:Sysmon,EventCode=1,DC0032,Process Creation
AN1031,Windows,WinEventLog:Sysmon,"EventCode=3, 22",DC0082,Network Connection Creation
AN1031,Windows,WinEventLog:WMI,"EventCode=5857, 5858, 5860, 5861",DC0008,WMI Creation
AN1032,Windows,WinEventLog:Microsoft-Windows-Shell-Core,New startup folder shortcut or binary placed in Startup directory,DC0039,File Creation
AN1032,Windows,WinEventLog:Sysmon,EventCode=1,DC0032,Process Creation
AN1032,Windows,WinEventLog:Sysmon,"EventCode=13, 14",DC0063,Windows Registry Key Modification
AN1033,Windows,WinEventLog:Sysmon,EventCode=1,DC0032,Process Creation
AN1033,Windows,WinEventLog:Sysmon,EventCode=11,DC0039,File Creation
AN1034,Windows,WinEventLog:Security,EventCode=5145,DC0102,Network Share Access
AN1034,Windows,WinEventLog:Security,EventCode=4688,DC0032,Process Creation
AN1034,Windows,WinEventLog:System,"EventCode=4016, 5312",DC0029,Script Execution
AN1035,Windows,WinEventLog:Microsoft-Windows-CodeIntegrity/Operational,Code integrity violations in boot-start drivers or firmware,DC0059,File Metadata
AN1035,Windows,WinEventLog:Security,"EventCode=1166, 7045",DC0018,Host Status
AN1035,Windows,WinEventLog:Sysmon,EventCode=6,DC0079,Driver Load
AN1035,Windows,WinEventLog:Sysmon,EventCode=7,DC0016,Module Load
AN1035,Windows,WinEventLog:Sysmon,EventCode=10,DC0035,Process Access
AN1036,Linux,auditd:SYSCALL,"firmware_update, kexec_load",DC0018,Host Status
AN1036,Linux,fwupd:logs,Firmware updates applied or failed,DC0059,File Metadata
AN1037,macOS,macos:endpointsecurity,es_event_authentication,DC0059,File Metadata
AN1037,macOS,macos:unifiedlog,EFI firmware integrity check failed,DC0018,Host Status
AN1038,Linux,auditd:SYSCALL,execve,DC0032,Process Creation
AN1038,Linux,auditd:SYSCALL,"Modification of user shell profile or trap registration via echo/redirection (e.g., echo ""trap 'malicious_cmd' INT"" >> ~/.bashrc)",DC0061,File Modification
AN1038,Linux,auditd:SYSCALL,open,DC0055,File Access
AN1039,macOS,macos:unifiedlog,Command line containing `trap` or `echo 'trap` written to login shell files,DC0032,Process Creation
AN1039,macOS,macos:unifiedlog,"File write or append to .zshrc, .bash_profile, .zprofile, etc.",DC0061,File Modification
AN1040,Windows,WinEventLog:Security,EventCode=4688,DC0032,Process Creation
AN1040,Windows,WinEventLog:Sysmon,EventCode=11,DC0039,File Creation
AN1041,Linux,auditd:PATH,PATH,DC0055,File Access
AN1041,Linux,auditd:SYSCALL,execve,DC0032,Process Creation
AN1042,macOS,fs:fsusage,Filesystem Call Monitoring,DC0055,File Access
AN1042,macOS,macos:unifiedlog,log collect --predicate,DC0032,Process Creation
AN1043,ESXi,esxi:hostd,vSphere File API Access,DC0055,File Access
AN1043,ESXi,esxi:shell,Shell Access/Command Execution,DC0064,Command Execution
AN1044,Network Devices,networkdevice:syslog,CLI Command Logging,DC0064,Command Execution
AN1045,Windows,WinEventLog:Sysmon,EventCode=1,DC0032,Process Creation
AN1045,Windows,etw:Microsoft-Windows-Kernel-Process,NtQueryInformationProcess,DC0021,OS API Execution
AN1046,Linux,auditd:SYSCALL,open/read: Access to /proc/self/status with focus on TracerPID field,DC0055,File Access
AN1047,macOS,macos:unifiedlog,ptrace: Processes invoking ptrace with PTRACE_TRACEME flag,DC0021,OS API Execution
AN1048,Windows,WinEventLog:Sysmon,EventCode=1,DC0032,Process Creation
AN1048,Windows,WinEventLog:Sysmon,EventCode=7,DC0016,Module Load
AN1049,Linux,auditd:PROCTITLE,scripting loop invoking sleep/ping,DC0029,Script Execution
AN1049,Linux,auditd:SYSCALL,execve or nanosleep with no stdout/stderr I/O,DC0032,Process Creation
AN1050,macOS,macos:unifiedlog,launchd or osascript spawns process with delay command,DC0032,Process Creation
AN1050,macOS,macos:unifiedlog,delay/sleep library usage in user context,DC0016,Module Load
AN1051,Office Suite,m365:unified,"Add-MailboxPermission, UpdateFolderPermissions",DC0010,User Account Modification
AN1052,Windows,WinEventLog:Security,EventCode=4688,DC0032,Process Creation
AN1052,Windows,m365:unified,PowerShell: Add-MailboxPermission,DC0038,Application Log Content
AN1053,IaaS,AWS:CloudTrail,"CreateFunction / UpdateFunctionConfiguration: Function creation, role assignment, or configuration change events",DC0069,Cloud Service Modification
AN1053,IaaS,AWS:CloudTrail,InvokeFunction: Unexpected or repeated invocation of functions not tied to known workflows,DC0038,Application Log Content
AN1054,Office Suite,m365:exchange,New-InboxRule: Automation that triggers abnormal forwarding or external link generation,DC0038,Application Log Content
AN1054,Office Suite,m365:unified,AddFlow / UpdateFlow: New automation or workflow creation events,DC0069,Cloud Service Modification
AN1055,SaaS,saas:appsscript,Create / Update: Deployment of scripts with event-driven triggers,DC0069,Cloud Service Modification
AN1055,SaaS,saas:googledrive,FileOpen / FileAccess: Event-driven script triggering on user file actions,DC0038,Application Log Content
AN1056,Linux,auditd:CONFIG_CHANGE,udev rule reload or trigger command executed,DC0064,Command Execution
AN1056,Linux,auditd:SYSCALL,"chmod, write, create, open",DC0061,File Modification
AN1056,Linux,auditd:SYSCALL,execve,DC0032,Process Creation
AN1057,Windows,WinEventLog:Sysmon,EventCode=1,DC0032,Process Creation
AN1057,Windows,WinEventLog:Sysmon,"EventCode=3, 22",DC0082,Network Connection Creation
AN1058,Linux,NSM:Flow,Outbound TCP SYN or UDP to multiple ports/hosts,DC0078,Network Traffic Flow
AN1058,Linux,auditd:SYSCALL,execve,DC0032,Process Creation
AN1059,macOS,macos:osquery,process_events,DC0032,Process Creation
AN1059,macOS,macos:unifiedlog,"dns-sd, mDNSResponder, socket activity",DC0085,Network Traffic Content
AN1060,Containers,containerd:runtime,container-level outbound traffic events,DC0078,Network Traffic Flow
AN1060,Containers,ebpf:syscalls,socket connect,DC0082,Network Connection Creation
AN1060,Containers,ebpf:syscalls,execve,DC0032,Process Creation
AN1061,Windows,WinEventLog:Sysmon,EventCode=6,DC0079,Driver Load
AN1061,Windows,WinEventLog:Sysmon,EventCode=11,DC0039,File Creation
AN1061,Windows,WinEventLog:System,EventCode=7045,DC0060,Service Creation
AN1062,Linux,auditd:EXECVE,None,DC0032,Process Creation
AN1062,Linux,linux:osquery,file_events,DC0061,File Modification
AN1062,Linux,linux:syslog,kmod,DC0016,Module Load
AN1063,macOS,fs:fsevents,Extensions,DC0061,File Modification
AN1063,macOS,macos:osquery,launch_daemons,DC0060,Service Creation
AN1063,macOS,macos:unifiedlog,subsystem=com.apple.kextd,DC0016,Module Load
AN1064,Windows,WinEventLog:Security,EventCode=4688,DC0032,Process Creation
AN1064,Windows,WinEventLog:Sysmon,EventCode=11,DC0039,File Creation
AN1064,Windows,WinEventLog:Sysmon,EventCode=1,DC0032,Process Creation
AN1065,Linux,auditd:SYSCALL,execve,DC0032,Process Creation
AN1065,Linux,auditd:SYSCALL,"open, write",DC0061,File Modification
AN1065,Linux,linux:cli,Shell history logs,DC0064,Command Execution
AN1066,macOS,macos:osquery,file_events,DC0039,File Creation
AN1066,macOS,macos:unifiedlog,"log stream --predicate 'processImagePath contains ""zip"" OR ""base64""'",DC0064,Command Execution
AN1067,Network Devices,networkdevice:IDS,content inspection / PCAP / HTTP body,DC0085,Network Traffic Content
AN1068,ESXi,esxi:hostd,Remote access API calls and file uploads,DC0021,OS API Execution
AN1068,ESXi,esxi:vmkernel,Datastore modification events,DC0059,File Metadata
AN1069,Network Devices,NSM:Flow,Probe responses from unauthorized APs responding to client probe requests,DC0085,Network Traffic Content
AN1069,Network Devices,WLANLogs:Association,Multiple APs advertising the same SSID but with different BSSID/MAC or encryption type,DC0078,Network Traffic Flow
AN1069,Network Devices,networkdevice:syslog,Failed authentication requests redirected to non-standard portals,DC0038,Application Log Content
AN1070,Windows,WinEventLog:Security,EventCode=4688,DC0032,Process Creation
AN1070,Windows,WinEventLog:Sysmon,EventCode=11,DC0039,File Creation
AN1071,Linux,auditd:SYSCALL,open,DC0055,File Access
AN1071,Linux,auditd:SYSCALL,execve,DC0032,Process Creation
AN1072,macOS,fs:fsusage,read/write,DC0055,File Access
AN1072,macOS,macos:unifiedlog,process:spawn,DC0032,Process Creation
AN1073,Network Devices,networkdevice:cli,command logging,DC0064,Command Execution
AN1074,ESXi,esxi:hostd,Command Execution,DC0064,Command Execution
AN1074,ESXi,esxis:vmkernel,Datastore Access,DC0055,File Access
AN1075,Windows,WinEventLog:PowerShell,"Scripts with references to XML parsing, AES decryption, or gpprefdecrypt logic",DC0029,Script Execution
AN1075,Windows,WinEventLog:Security,EventCode=5145,DC0102,Network Share Access
AN1075,Windows,WinEventLog:Sysmon,EventCode=11,DC0039,File Creation
AN1075,Windows,WinEventLog:Sysmon,EventCode=1,DC0032,Process Creation
AN1076,Windows,WinEventLog:Sysmon,EventCode=1,DC0032,Process Creation
AN1076,Windows,WinEventLog:Sysmon,EventCode=10,DC0035,Process Access
AN1076,Windows,WinEventLog:Sysmon,EventCode=8,DC0020,Process Modification
AN1076,Windows,etw:Microsoft-Windows-Kernel-Process,"NtUnmapViewOfSection, VirtualAllocEx, WriteProcessMemory, SetThreadContext, ResumeThread",DC0021,OS API Execution
AN1077,Windows,WinEventLog:Security,EventCode=4720,DC0014,User Account Creation
AN1077,Windows,windows:osquery,User enumeration with creation/last modified timestamps,DC0013,User Account Metadata
AN1078,Linux,auditd:SYSCALL,adduser,DC0014,User Account Creation
AN1078,Linux,auditd:SYSCALL,"usermod, or account rename system calls",DC0010,User Account Modification
AN1078,Linux,linux:osquery,Listing of /etc/passwd and /etc/shadow metadata,DC0013,User Account Metadata
AN1079,Identity Provider,azure:audit,Add user,DC0014,User Account Creation
AN1079,Identity Provider,azure:audit,Rename user,DC0010,User Account Modification
AN1079,Identity Provider,saas:okta,User lifecycle events,DC0013,User Account Metadata
AN1080,Containers,docker:daemon,ExecCreate + usermod or useradd,DC0014,User Account Creation
AN1081,Linux,auditd:SYSCALL,execve,DC0032,Process Creation
AN1081,Linux,linux:osquery,socket_events,DC0078,Network Traffic Flow
AN1081,Linux,linux:syslog,auth.log / secure.log,DC0067,Logon Session Creation
AN1082,macOS,macos:osquery,launchd + process_events,DC0064,Command Execution
AN1082,macOS,macos:syslog,"system.log, asl.log",DC0029,Script Execution
AN1082,macOS,macos:unifiedlog,"log stream --predicate 'eventMessage contains ""exec""'",DC0032,Process Creation
AN1083,ESXi,esxi:auth,Shell login or escalation,DC0067,Logon Session Creation
AN1083,ESXi,esxi:vmkernel,"DCUI shell start, BusyBox activity",DC0064,Command Execution
AN1084,Network Devices,NSM:Flow,remote access,DC0082,Network Connection Creation
AN1084,Network Devices,networkdevice:syslog,CLI Command Audit,DC0064,Command Execution
AN1085,Linux,auditd:EXECVE,cat|less|grep accessing .bash_history from a non-shell process,DC0032,Process Creation
AN1085,Linux,auditd:SYSCALL,open/read access to ~/.bash_history,DC0055,File Access
AN1085,Linux,auditd:SYSCALL,write or create file after .bash_history access,DC0039,File Creation
AN1086,macOS,macos:endpointsecurity,open or read syscall to ~/.bash_history,DC0055,File Access
AN1086,macOS,macos:unifiedlog,non-shell process tree accessing bash history,DC0034,Process Metadata
AN1087,Identity Provider,Microsoft Entra ID Audit Logs,RoleManagement.Read.Directory or Directory.Read.All,DC0013,User Account Metadata
AN1087,Identity Provider,azure:signinlogs,Interactive/Non-Interactive Sign-In,DC0002,User Account Authentication
AN1087,Identity Provider,m365:defender,Activity Log: Command Invocation,DC0064,Command Execution
AN1088,IaaS,AWS:CloudTrail,"AWS IAM: ListUsers, ListRoles",DC0002,User Account Authentication
AN1088,IaaS,azure:activity,Azure CLI Operation: Microsoft.Graph/users/read,DC0013,User Account Metadata
AN1089,Office Suite,Microsoft Graph API Logs,"users.list, directoryObjects.getByIds",DC0013,User Account Metadata
AN1089,Office Suite,WinEventLog:PowerShell,"CmdletName: Get-Recipient, Get-User",DC0064,Command Execution
AN1090,SaaS,Google Admin Audit,"users.list, groups.list",DC0013,User Account Metadata
AN1090,SaaS,saas:okta,"System API Call: user.read, group.read",DC0038,Application Log Content
AN1091,Windows,WinEventLog:Security,ARP cache modification attempts observed through event tracing or security baselines,DC0078,Network Traffic Flow
AN1091,Windows,WinEventLog:Sysmon,"EventCode=3, 22",DC0082,Network Connection Creation
AN1092,Linux,NSM:Flow,Gratuitous ARP replies with mismatched IP-MAC binding,DC0078,Network Traffic Flow
AN1092,Linux,auditd:SYSCALL,"setsockopt, ioctl modifying ARP entries",DC0085,Network Traffic Content
AN1093,macOS,NSM:Flow,Excessive gratuitous ARP replies on local subnet,DC0085,Network Traffic Content
AN1093,macOS,macos:unifiedlog,ARP table updates inconsistent with expected gateway or DHCP lease assignments,DC0078,Network Traffic Flow
AN1094,Windows,WinEventLog:Security,EventCode=4688,DC0032,Process Creation
AN1094,Windows,WinEventLog:Security,EventCode=4672,DC0088,Logon Session Metadata
AN1094,Windows,WinEventLog:Sysmon,"EventCode=13, 14",DC0063,Windows Registry Key Modification
AN1094,Windows,WinEventLog:Sysmon,EventCode=10,DC0035,Process Access
AN1094,Windows,WinEventLog:Sysmon,EventCode=7,DC0016,Module Load
AN1095,Windows,WinEventLog:Sysmon,EventCode=10,DC0035,Process Access
AN1095,Windows,WinEventLog:Sysmon,EventCode=1,DC0032,Process Creation
AN1095,Windows,WinEventLog:Sysmon,EventCode=7,DC0016,Module Load
AN1095,Windows,WinEventLog:Sysmon,EventCode=17,DC0048,Named Pipe Metadata
AN1096,Linux,auditd:EXECVE,Process execution via .desktop Exec path from /etc/xdg/autostart or ~/.config/autostart,DC0032,Process Creation
AN1096,Linux,auditd:SYSCALL,creat,DC0039,File Creation
AN1096,Linux,auditd:SYSCALL,open,DC0055,File Access
AN1096,Linux,linux:auth,User login event followed by unexpected process tree,DC0067,Logon Session Creation
AN1096,Linux,linux:osquery,Write or modify .desktop file in XDG autostart path,DC0059,File Metadata
AN1097,Windows,WinEventLog:Security,EventCode=4657,DC0063,Windows Registry Key Modification
AN1097,Windows,WinEventLog:Sysmon,EventCode=11,DC0039,File Creation
AN1097,Windows,WinEventLog:Sysmon,EventCode=15,DC0059,File Metadata
AN1098,Linux,auditd:SYSCALL,"open, write: File writes to application binaries or libraries at runtime",DC0061,File Modification
AN1098,Linux,linux:syslog,Execution of modified binaries or abnormal library load sequences,DC0021,OS API Execution
AN1099,macOS,macos:osquery,CALCULATE: Mismatch in file integrity of critical macOS applications,DC0061,File Modification
AN1099,macOS,macos:unifiedlog,Unexpected application binary modifications or altered signing status,DC0059,File Metadata
AN1100,Windows,WinEventLog:PowerShell,Execution of 'Get-WmiObject Win32_Product' or similar PowerShell cmdlets,DC0064,Command Execution
AN1100,Windows,WinEventLog:Security,EventCode=4688,DC0032,Process Creation
AN1101,Linux,auditd:SYSCALL,"Execution of dpkg, rpm, or other package manager with list flag",DC0032,Process Creation
AN1101,Linux,linux:shell,Manual invocation of software enumeration commands via interactive shell,DC0064,Command Execution
AN1102,macOS,auditd:SYSCALL,Command line arguments including SPApplicationsDataType,DC0064,Command Execution
AN1102,macOS,macos:unifiedlog,Execution of system_profiler or osascript invoking enumeration,DC0032,Process Creation
AN1103,IaaS,AWS:CloudTrail,ssm:ListInventoryEntries,DC0083,Cloud Service Enumeration
AN1103,IaaS,AWS:CloudTrail,ssm:GetCommandInvocation,DC0064,Command Execution
AN1104,ESXi,esxi:hostd,Host daemon command log entries related to vib enumeration,DC0038,Application Log Content
AN1104,ESXi,esxi:shell,esxcli software vib list,DC0064,Command Execution
AN1105,IaaS,AWS:CloudTrail,PassRole,DC0013,User Account Metadata
AN1106,Identity Provider,gcp:iam,PrincipalEmail with serviceAccountTokenCreator impersonating new identity,DC0013,User Account Metadata
AN1106,Identity Provider,gcp:workspaceaudit,Token Generation via Domain Delegation,DC0002,User Account Authentication
AN1107,Office Suite,m365:signinlogs,Unusual sign-in from service principal to user mailbox,DC0002,User Account Authentication
AN1107,Office Suite,m365:unified,Add-MailboxPermission or Set-ManagementRoleAssignment,DC0038,Application Log Content
AN1108,Windows,NSM:Flow,Inbound HTTP POST with suspicious payload size or user-agent,DC0085,Network Traffic Content
AN1108,Windows,WinEventLog:Security,"EventCode=4624, 4648",DC0067,Logon Session Creation
AN1108,Windows,WinEventLog:Sysmon,EventCode=11,DC0039,File Creation
AN1108,Windows,WinEventLog:Sysmon,EventCode=1,DC0032,Process Creation
AN1109,Linux,NSM:Flow,"POST requests to .php, .jsp, .aspx files with high entropy body",DC0085,Network Traffic Content
AN1109,Linux,auditd:SYSCALL,"new file created in /var/www/html, /srv/http, or similar web root",DC0039,File Creation
AN1109,Linux,auditd:SYSCALL,"apache2 or nginx spawning sh, bash, or python interpreter",DC0032,Process Creation
AN1110,macOS,auditd:SYSCALL,file write operations in /Library/WebServer/Documents,DC0061,File Modification
AN1110,macOS,macos:unifiedlog,"httpd spawning bash, zsh, python, or osascript",DC0032,Process Creation
AN1111,macOS,macos:unifiedlog,Execution of /usr/libexec/security_authtrampoline or child processes originating from non-trusted binaries triggering credential prompts,DC0032,Process Creation
AN1111,macOS,macos:unifiedlog,Calls to AuthorizationExecuteWithPrivileges() observed via Apple System Logger or security_auditing tools,DC0021,OS API Execution
AN1111,macOS,macos:unifiedlog,User credential prompt events without associated trusted installer package,DC0002,User Account Authentication
AN1112,macOS,macos:unifiedlog,execution of security or osascript,DC0032,Process Creation
AN1112,macOS,macos:unifiedlog,access or unlock attempt to keychain database,DC0021,OS API Execution
AN1112,macOS,macos:unifiedlog,read access to ~/Library/Keychains/login.keychain-db,DC0055,File Access
AN1113,Windows,WinEventLog:Security,EventCode=4688,DC0032,Process Creation
AN1113,Windows,WinEventLog:Sysmon,"EventCode=3, 22",DC0082,Network Connection Creation
AN1114,Linux,NSM:Flow,Outbound Connections,DC0082,Network Connection Creation
AN1114,Linux,auditd:SYSCALL,execve,DC0032,Process Creation
AN1115,macOS,macos:cron,cron/launchd,DC0001,Scheduled Job Creation
AN1115,macOS,macos:unifiedlog,process: exec,DC0032,Process Creation
AN1115,macOS,macos:unifiedlog,network,DC0082,Network Connection Creation
AN1116,Windows,WinEventLog:Application,"Outlook rule creation, form load, or homepage redirection",DC0038,Application Log Content
AN1116,Windows,WinEventLog:Sysmon,EventCode=1,DC0032,Process Creation
AN1116,Windows,WinEventLog:Sysmon,EventCode=11,DC0039,File Creation
AN1116,Windows,WinEventLog:Sysmon,"EventCode=13, 14",DC0063,Windows Registry Key Modification
AN1117,Office Suite,m365:mailboxaudit,Outlook rule creation or custom form deployment,DC0038,Application Log Content
AN1117,Office Suite,m365:unified,"Set-Mailbox, Set-InboxRule, Set-MailboxFolderPermission",DC0010,User Account Modification
AN1118,Windows,WinEventLog:Sysmon,EventCode=1,DC0032,Process Creation
AN1118,Windows,WinEventLog:Sysmon,"EventCode=3, 22",DC0082,Network Connection Creation
AN1118,Windows,WinEventLog:System,"EventCode=106, 200",DC0005,Scheduled Job Metadata
AN1119,Linux,NSM:Flow,Outbound Connections,DC0082,Network Connection Creation
AN1119,Linux,auditd:SYSCALL,execve,DC0032,Process Creation
AN1119,Linux,linux:cron,cron activity,DC0005,Scheduled Job Metadata
AN1120,macOS,macos:endpointsecurity,ES_EVENT_TYPE_NOTIFY_EXEC,DC0032,Process Creation
AN1120,macOS,macos:launchd,launchd.plist and logs,DC0005,Scheduled Job Metadata
AN1120,macOS,macos:unifiedlog,networkd or com.apple.network,DC0078,Network Traffic Flow
AN1121,Windows,NSM:Flow,dns.log,DC0085,Network Traffic Content
AN1121,Windows,WinEventLog:Sysmon,"EventCode=3, 22",DC0082,Network Connection Creation
AN1122,Linux,NSM:Flow,dns.log,DC0085,Network Traffic Content
AN1122,Linux,auditd:SYSCALL,execve,DC0032,Process Creation
AN1123,macOS,macos:unifiedlog,"log stream 'eventMessage contains ""dns_request""'",DC0078,Network Traffic Flow
AN1124,Network Devices,NSM:Flow,dns.log,DC0085,Network Traffic Content
AN1125,ESXi,NSM:FLow,dns.log,DC0085,Network Traffic Content
AN1125,ESXi,esxi:syslog,/var/log/syslog.log,DC0078,Network Traffic Flow
AN1126,macOS,fs:launchdaemons,file_create,DC0039,File Creation
AN1126,macOS,fs:launchdaemons,file_modify,DC0061,File Modification
AN1126,macOS,macos:unifiedlog,launchd spawning processes tied to new or modified LaunchDaemon .plist entries,DC0032,Process Creation
AN1126,macOS,macos:unifiedlog,launchd loading new LaunchDaemon or changes to existing daemon configuration,DC0060,Service Creation
AN1127,IaaS,AWS:CloudTrail,"DescribeInstances, DescribeServices, ListFunctions: High frequency enumeration calls or unusual user agents performing discovery",DC0083,Cloud Service Enumeration
AN1127,IaaS,AWS:CloudTrail,AssumeRole: Discovery actions tied to assumed identities outside of normal context,DC0013,User Account Metadata
AN1128,Identity Provider,azure:audit,"ListApplications, ListServicePrincipals: Large-scale queries against identity or application objects",DC0083,Cloud Service Enumeration
AN1128,Identity Provider,azure:signinlogs,InteractiveUserLogin: Discovery behavior linked to privileged logins from atypical IP ranges,DC0067,Logon Session Creation
AN1129,Office Suite,m365:signinlogs,UserLogin: Discovery operations shortly after account logins from new geolocations,DC0067,Logon Session Creation
AN1129,Office Suite,m365:unified,"Get-MsolServicePrincipal, ListAppRoles: Service discovery operations executed by accounts not normally performing administrative tasks",DC0083,Cloud Service Enumeration
AN1130,SaaS,saas:adminapi,"ListIntegrations, ListServices: Repeated service discovery requests from accounts without administrative responsibilities",DC0083,Cloud Service Enumeration
AN1130,SaaS,saas:auth,"Login, TokenGranted: Discovery actions tied to anomalous login sessions or tokens",DC0067,Logon Session Creation
AN1131,IaaS,AWS:CloudTrail,CreateTrafficMirrorSession or ModifyTrafficMirrorTarget,DC0078,Network Traffic Flow
AN1131,IaaS,AWS:VPCFlowLogs,Traffic observed on mirror destination instance,DC0082,Network Connection Creation
AN1132,Network Devices,networkdevice:Flow,Traffic from mirrored interface to mirror target IP,DC0082,Network Connection Creation
AN1132,Network Devices,networkdevice:syslog,"Config change: CLI/NETCONF/SNMP – 'monitor session', 'mirror port'",DC0078,Network Traffic Flow
AN1133,Windows,Autoruns:RegistryScan,Enumerate Winlogon subkeys for unknown or unsigned binaries,DC0050,Windows Registry Key Access
AN1133,Windows,WinEventLog:Security,"modification to Winlogon registry keys such as Shell, Notify, or Userinit",DC0063,Windows Registry Key Modification
AN1133,Windows,WinEventLog:Sysmon,EventCode=7,DC0016,Module Load
AN1133,Windows,WinEventLog:Sysmon,EventCode=1,DC0032,Process Creation
AN1134,Windows,WinEventLog:Sysmon,EventCode=1,DC0032,Process Creation
AN1134,Windows,WinEventLog:Sysmon,EventCode=15,DC0059,File Metadata
AN1134,Windows,WinEventLog:Sysmon,"EventCode=3, 22",DC0082,Network Connection Creation
AN1135,Linux,auditd:EXECVE,execution of setfattr or getfattr commands,DC0064,Command Execution
AN1135,Linux,auditd:SYSCALL,setxattr or getxattr system call,DC0059,File Metadata
AN1136,macOS,macos:unifiedlog,xattr utility execution with -w or -p flags,DC0064,Command Execution
AN1136,macOS,macos:unifiedlog,extended attribute write or modification,DC0059,File Metadata
AN1137,Windows,WinEventLog:Security,"EventCode=4624, 4648",DC0067,Logon Session Creation
AN1137,Windows,WinEventLog:Security,EventCode=4672,DC0088,Logon Session Metadata
AN1138,Linux,auditd:USER_LOGIN,USER_LOGIN,DC0088,Logon Session Metadata
AN1138,Linux,linux:auth,sshd login,DC0002,User Account Authentication
AN1139,macOS,macos:unifiedlog,loginwindow or sshd,DC0088,Logon Session Metadata
AN1140,Windows,WinEventLog:Sysmon,"EventCode=3, 22",DC0082,Network Connection Creation
AN1140,Windows,Windows:perfmon,Sudden spike in outbound throughput without corresponding inbound traffic,DC0018,Host Status
AN1141,Linux,NSM:Flow,Outbound UDP floods targeting common reflection services with spoofed IP headers,DC0078,Network Traffic Flow
AN1141,Linux,auditd:SYSCALL,"Execution of spoofing tools (e.g., hping3, nping, scapy) sending UDP packets to known amplifier ports",DC0064,Command Execution
AN1141,Linux,sar:network,Outbound network saturation with minimal process activity,DC0018,Host Status
AN1142,macOS,macos:unifiedlog,"Execution of ping, nping, or crafted network packets via bash or python to reflection services",DC0032,Process Creation
AN1142,macOS,macos:unifiedlog,Outbound UDP spikes to external reflector IPs,DC0078,Network Traffic Flow
AN1143,IaaS,AWS:CloudTrail,"Create egress rule allowing UDP to port 53, 123, 11211",DC0051,Firewall Rule Modification
AN1143,IaaS,AWS:CloudWatch,Sudden spike in network output without a corresponding inbound request ratio,DC0018,Host Status
AN1143,IaaS,AWS:VPCFlowLogs,Large outbound UDP traffic to multiple public reflector IPs,DC0078,Network Traffic Flow
AN1144,Windows,WinEventLog:Security,"EventCode=4624, 4648",DC0067,Logon Session Creation
AN1144,Windows,WinEventLog:Security,EventCode=4768,DC0084,Active Directory Credential Request
AN1144,Windows,WinEventLog:Sysmon,"EventCode=3, 22",DC0082,Network Connection Creation
AN1144,Windows,WinEventLog:Sysmon,EventCode=1,DC0032,Process Creation
AN1145,Windows,WinEventLog:Security,EventCode=5145,DC0102,Network Share Access
AN1145,Windows,WinEventLog:Sysmon,EventCode=11,DC0039,File Creation
AN1146,Linux,auditd:SYSCALL,"open,read",DC0055,File Access
AN1146,Linux,linux:syslog,mount/umount or file copy logs,DC0054,Drive Access
AN1147,macOS,fs:fsusage,open/read/mount operations,DC0054,Drive Access
AN1147,macOS,macos:unifiedlog,filesystem and process events,DC0055,File Access
AN1148,Windows,WinEventLog:Security,"EventCode=5156, 5157",DC0082,Network Connection Creation
AN1148,Windows,dns:query,Excessive lookups for domains with suspicious WHOIS or short TTL values,DC0101,Domain Registration
AN1149,Linux,NSM:Flow,Altered response metadata or blocked content based on user-agent or geolocation,DC0106,Response Metadata
AN1149,Linux,auditd:SYSCALL,execve: Execution of commands modifying iptables/nftables to block selective IPs,DC0032,Process Creation
AN1150,macOS,NSM:Flow,Suspicious changes in TLS certificate responses or redirected domains,DC0104,Response Content
AN1150,macOS,macos:unifiedlog,System process modifications altering DNS/proxy settings,DC0032,Process Creation
AN1151,Network Devices,NSM:Flow,Encrypted tunnels or proxy traffic to non-standard destinations,DC0085,Network Traffic Content
AN1152,ESXi,esxi:vmkernel,DNS lookups resolving to domains with rapid changes in registration metadata,DC0101,Domain Registration
AN1152,ESXi,esxi:vmkernel,Suspicious traffic filtered or redirected by VM networking stack,DC0085,Network Traffic Content
AN1153,Windows,WinEventLog:Security,EventCode=4688,DC0032,Process Creation
AN1153,Windows,WinEventLog:Sysmon,EventCode=11,DC0039,File Creation
AN1153,Windows,WinEventLog:Sysmon,"EventCode=13, 14",DC0063,Windows Registry Key Modification
AN1154,Linux,auditd:SYSCALL,open/read system calls to ~/.bash_history or /etc/shadow,DC0055,File Access
AN1154,Linux,auditd:SYSCALL,"execution of tools like cat, grep, or awk on credential files",DC0064,Command Execution
AN1155,macOS,macos:unifiedlog,read access to ~/Library/Keychains or history files by terminal processes,DC0055,File Access
AN1155,macOS,macos:unifiedlog,"execution of 'security', 'cat', or 'grep' commands accessing credential storage",DC0064,Command Execution
AN1156,SaaS,saas:googleworkspace,Accessed third-party credential management service,DC0002,User Account Authentication
AN1156,SaaS,saas:zoom,unusual web session tokens and automation patterns during login,DC0038,Application Log Content
AN1157,Identity Provider,AWS:CloudTrail,GetSecretValue,DC0070,Cloud Service Metadata
AN1157,Identity Provider,azure:signinlogs,Reset password or download key from portal,DC0002,User Account Authentication
AN1158,Containers,auditd:SYSCALL,read of /run/secrets or docker volumes by non-entrypoint process,DC0055,File Access
AN1158,Containers,containerd:Events,unusual process spawned from container image context,DC0032,Process Creation
AN1159,Network Devices,NSM:Flow,large transfer from management IPs to unauthorized host,DC0085,Network Traffic Content
AN1159,Network Devices,linux:syslog,"CLI access to 'show running-config', 'show password', or 'cat config.txt'",DC0064,Command Execution
AN1160,Windows,WinEventLog:Security,EventCode=5145,DC0102,Network Share Access
AN1160,Windows,m365:unified,Accessed SharePoint files or pages,DC0025,Cloud Storage Access
AN1161,Linux,auditd:SYSCALL,"execve of curl, rsync, wget with internal knowledge base or IPs",DC0064,Command Execution
AN1161,Linux,linux:Sysmon,"EventCode=3, 22",DC0082,Network Connection Creation
AN1162,SaaS,saas:confluence,access.content,DC0038,Application Log Content
AN1162,SaaS,saas:slack,Exported file or accessed admin API,DC0069,Cloud Service Modification
AN1163,macOS,macos:osquery,"curl, python scripts, rsync with internal share URLs",DC0032,Process Creation
AN1163,macOS,macos:unifiedlog,access to /Volumes/SharePoint or network mount,DC0055,File Access
AN1164,macOS,macos:unifiedlog,"process: spawn, exec",DC0032,Process Creation
AN1165,Windows,WinEventLog:Application,"High-frequency errors or hangs from resource-intensive application components (e.g., .NET, IIS, Office Suite)",DC0038,Application Log Content
AN1165,Windows,WinEventLog:Sysmon,EventCode=1,DC0032,Process Creation
AN1165,Windows,Windows:perfmon,Sudden spikes in CPU/Memory usage linked to specific application processes,DC0018,Host Status
AN1166,Linux,NSM:Flow,"Sustained abnormal inbound request rate targeting application ports (e.g., 80/443/25)",DC0085,Network Traffic Content
AN1166,Linux,auditd:SYSCALL,execve,DC0032,Process Creation
AN1166,Linux,linux:syslog,Error/warning logs from services indicating load spike or worker exhaustion,DC0038,Application Log Content
AN1167,macOS,macos:osquery,"Rapid spawning of resource-heavy applications (e.g., Preview, Safari, Office)",DC0032,Process Creation
AN1167,macOS,macos:unifiedlog,Application errors or resource contention from excessive frontend or script invocation,DC0038,Application Log Content
AN1168,IaaS,AWS:CloudMetrics,"Autoscaling, memory/cpu alarms, or instance unhealthiness",DC0018,Host Status
AN1168,IaaS,AWS:CloudTrail,InvokeFunction,DC0070,Cloud Service Metadata
AN1168,IaaS,AWS:CloudWatch,Elevated 5xx response rates in application logs or gateway layer,DC0038,Application Log Content
AN1169,Windows,NSM:Flow,"ftp.log, smb_files.log",DC0085,Network Traffic Content
AN1169,Windows,WinEventLog:Sysmon,"EventCode=3, 22",DC0082,Network Connection Creation
AN1169,Windows,WinEventLog:Sysmon,EventCode=1,DC0032,Process Creation
AN1170,Linux,NSM:Flow,"ftp.log, conn.log",DC0085,Network Traffic Content
AN1170,Linux,auditd:SYSCALL,execve,DC0032,Process Creation
AN1171,macOS,macos:osquery,socket_events,DC0078,Network Traffic Flow
AN1171,macOS,macos:unifiedlog,log stream --predicate,DC0064,Command Execution
AN1172,ESXi,NSM:Flow,mirror/SPAN port,DC0085,Network Traffic Content
AN1172,ESXi,esxi:shell,/root/.ash_history,DC0064,Command Execution
AN1173,Network Devices,NSM:Flow,"ftp.log, conn.log, smb_files.log",DC0085,Network Traffic Content
AN1174,Windows,WinEventLog:Security,EventCode=4688,DC0032,Process Creation
AN1175,Linux,auditd:PATH,write: File modifications to /etc/systemd/sleep.conf or related power configuration files,DC0061,File Modification
AN1175,Linux,auditd:SYSCALL,"execve: Execution of systemctl, loginctl, or systemd-inhibit commands related to sleep/hibernate",DC0064,Command Execution
AN1176,macOS,macos:unifiedlog,"Process creation events where command line = pmset with arguments affecting sleep, hibernatemode, displaysleep",DC0032,Process Creation
AN1176,macOS,macos:unifiedlog,write: File modification to com.apple.PowerManagement.plist or related system preference files,DC0061,File Modification
AN1177,Windows,WinEventLog:PowerShell,"EventCode=4103, 4104, 4105, 4106",DC0064,Command Execution
AN1177,Windows,WinEventLog:Security,EventCode=4688,DC0032,Process Creation
AN1177,Windows,WinEventLog:Security,"EventCode=4663, 4670, 4656",DC0066,Active Directory Object Modification
AN1177,Windows,WinEventLog:Security,"EventCode=4663, 4656, 4658",DC0059,File Metadata
AN1177,Windows,WinEventLog:Sysmon,EventCode=11,DC0039,File Creation
AN1177,Windows,WinEventLog:WMI,"EventCode=5857, 5858, 5860, 5861",DC0008,WMI Creation
AN1178,Windows,WinEventLog:Security,EventCode=4688,DC0032,Process Creation
AN1178,Windows,WinEventLog:Sysmon,"EventCode=3, 22",DC0082,Network Connection Creation
AN1179,Linux,auditd:SYSCALL,socket/connect,DC0078,Network Traffic Flow
AN1179,Linux,linux:syslog,Multiple NXDOMAIN responses and high entropy domains,DC0085,Network Traffic Content
AN1180,macOS,macos:unifiedlog,High entropy domain queries with multiple NXDOMAINs,DC0078,Network Traffic Flow
AN1180,macOS,macos:unifiedlog,Unexpected apps performing repeated DNS lookups,DC0032,Process Creation
AN1181,ESXi,esxi:syslog,Frequent DNS queries with high entropy names or NXDOMAIN results,DC0078,Network Traffic Flow
AN1182,Windows,WinEventLog:Security,"EventCode=4800, 4801",DC0088,Logon Session Metadata
AN1182,Windows,WinEventLog:Sysmon,EventCode=1,DC0032,Process Creation
AN1182,Windows,WinEventLog:Sysmon,EventCode=10,DC0035,Process Access
AN1183,Linux,auditd:SYSCALL,"Reads of ~/.bash_history, ~/.mozilla, or access to /dev/input",DC0055,File Access
AN1183,Linux,auditd:SYSCALL,"Execution of xev, xdotool, or input activity emulators",DC0064,Command Execution
AN1184,macOS,macos:unifiedlog,"Execution of input detection APIs (e.g., CGEventSourceKeyState)",DC0021,OS API Execution
AN1184,macOS,macos:unifiedlog,Access to ~/Library/Safari/Bookmarks.plist or recent files,DC0055,File Access
AN1185,Windows,WinEventLog:Security,EventCode=4697,DC0060,Service Creation
AN1185,Windows,WinEventLog:Sysmon,EventCode=1,DC0032,Process Creation
AN1185,Windows,WinEventLog:Sysmon,"EventCode=13, 14",DC0063,Windows Registry Key Modification
AN1185,Windows,WinEventLog:Sysmon,"EventCode=3, 22",DC0082,Network Connection Creation
AN1186,Windows,WinEventLog:Security,EventCode=4657,DC0063,Windows Registry Key Modification
AN1186,Windows,WinEventLog:Sysmon,EventCode=1,DC0032,Process Creation
AN1186,Windows,WinEventLog:Sysmon,EventCode=10,DC0035,Process Access
AN1186,Windows,WinEventLog:Sysmon,EventCode=12,DC0056,Windows Registry Key Creation
AN1187,IaaS,AWS:CloudTrail,CreateSnapshot,DC0057,Snapshot Creation
AN1187,IaaS,AWS:CloudTrail,DescribeSnapshots,DC0062,Snapshot Metadata
AN1188,IaaS,AWS:CloudTrail,Ingress rule creation or modification for security group,DC0051,Firewall Rule Modification
AN1188,IaaS,AWS:CloudTrail,Removal of restrictive egress rules from a security group,DC0043,Firewall Disable
AN1189,Windows,NSM:Flow,SSL/TLS Inspection or PCAP,DC0085,Network Traffic Content
AN1189,Windows,WinEventLog:Sysmon,"EventCode=3, 22",DC0082,Network Connection Creation
AN1190,Linux,NSM:Flow,"conn.log, ssl.log",DC0085,Network Traffic Content
AN1190,Linux,auditd:SYSCALL,connect/sendto,DC0082,Network Connection Creation
AN1191,macOS,macos:osquery,"process_events, socket_events",DC0082,Network Connection Creation
AN1191,macOS,macos:unifiedlog,process + network activity,DC0085,Network Traffic Content
AN1192,ESXi,esxi:vmkernel,network activity,DC0082,Network Connection Creation
AN1192,ESXi,vpxd.log,API communication,DC0078,Network Traffic Flow
AN1193,Windows,WinEventLog:Security,EventCode=4688,DC0032,Process Creation
AN1193,Windows,WinEventLog:Sysmon,EventCode=10,DC0035,Process Access
AN1194,Network Devices,networkdevice:cli,command logging,DC0064,Command Execution
AN1195,Windows,WinEventLog:Security,EventCode=4657,DC0063,Windows Registry Key Modification
AN1195,Windows,WinEventLog:Sysmon,EventCode=1,DC0032,Process Creation
AN1195,Windows,WinEventLog:System,EventCode=7040,DC0065,Service Modification
AN1196,Linux,auditd:PATH,mount target path within /proc/*,DC0039,File Creation
AN1196,Linux,auditd:SYSCALL,mount system call with bind or remap flags,DC0021,OS API Execution
AN1196,Linux,linux:osquery,process metadata mismatch between /proc and runtime attributes,DC0034,Process Metadata
AN1197,macOS,macos:fsevents,"/Library/StartupItems/, ~/Library/LaunchAgents/",DC0039,File Creation
AN1197,macOS,macos:unifiedlog,launchservices or loginwindow events,DC0032,Process Creation
AN1198,Windows,WinEventLog:Security,"EventCode=4663, 4670, 4656",DC0055,File Access
AN1198,Windows,WinEventLog:Sysmon,EventCode=10,DC0035,Process Access
AN1198,Windows,WinEventLog:Sysmon,EventCode=1,DC0032,Process Creation
AN1199,Linux,auditd:EXECVE,execve,DC0032,Process Creation
AN1199,Linux,auditd:SYSCALL,open/read,DC0055,File Access
AN1200,macOS,macos:unifiedlog,access to keychain database,DC0055,File Access
AN1200,macOS,macos:unifiedlog,execution of security or osascript,DC0032,Process Creation
AN1201,IaaS,AWS:CloudTrail,GetSecretValue,DC0083,Cloud Service Enumeration
AN1201,IaaS,AWS:CloudTrail,Decrypt,DC0021,OS API Execution
AN1202,Windows,m365:messagetrace,AuthenticationDetails=fail OR SPF=fail OR DKIM=fail OR DMARC=fail,DC0038,Application Log Content
AN1203,Linux,linux:syslog,SPF fail OR DKIM fail OR DMARC fail OR mismatched from_domain vs return_path_domain,DC0038,Application Log Content
AN1204,macOS,macos:unifiedlog,SPF fail OR DKIM fail OR DMARC fail OR mismatched header vs envelope domains,DC0038,Application Log Content
AN1205,Office Suite,saas:email,AuthenticationFailures (SPF/DKIM/DMARC) OR Domain Mismatch,DC0038,Application Log Content
AN1206,Windows,WinEventLog:Sysmon,EventCode=11,DC0039,File Creation
AN1206,Windows,WinEventLog:Sysmon,EventCode=1,DC0032,Process Creation
AN1206,Windows,WinEventLog:Sysmon,EventCode=15,DC0059,File Metadata
AN1206,Windows,etw:Microsoft-Windows-Kernel-File,ZwSetEaFile or ZwQueryEaFile function calls,DC0021,OS API Execution
AN1207,Windows,WinEventLog:PowerShell,"EventCode=4103, 4104, 4105, 4106",DC0064,Command Execution
AN1207,Windows,WinEventLog:Security,EventCode=4688,DC0032,Process Creation
AN1207,Windows,WinEventLog:Sysmon,EventCode=10,DC0035,Process Access
AN1207,Windows,WinEventLog:Sysmon,EventCode=7,DC0016,Module Load
AN1207,Windows,WinEventLog:Sysmon,EventCode=11,DC0039,File Creation
AN1207,Windows,WinEventLog:Sysmon,"EventCode=3, 22",DC0082,Network Connection Creation
AN1208,macOS,fs:fsusage,write or chmod to ~/Library/LaunchAgents/*.plist,DC0039,File Creation
AN1208,macOS,fs:fsusage,modification of existing LaunchAgents plist,DC0061,File Modification
AN1208,macOS,macos:osquery,detection of new launch agents with suspicious paths or unsigned binaries,DC0060,Service Creation
AN1208,macOS,macos:unifiedlog,launchctl load or boot-time plist registration,DC0064,Command Execution
AN1209,Linux,auditd:PATH,"creation of .so files in non-standard directories (e.g., /tmp, /home/*)",DC0039,File Creation
AN1209,Linux,auditd:SYSCALL,execve with LD_PRELOAD or linker-related environment variables set,DC0032,Process Creation
AN1209,Linux,linux:osquery,process environment variables containing LD_PRELOAD,DC0034,Process Metadata
AN1210,macOS,macos:unifiedlog,execution of process with DYLD_INSERT_LIBRARIES set,DC0032,Process Creation
AN1210,macOS,macos:unifiedlog,create/modify dylib in monitored directories,DC0061,File Modification
AN1210,macOS,macos:unifiedlog,loading of unexpected dylibs compared to historical baselines,DC0016,Module Load
AN1211,Windows,WinEventLog:Sysmon,EventCode=11,DC0039,File Creation
AN1211,Windows,WinEventLog:Sysmon,EventCode=15,DC0059,File Metadata
AN1211,Windows,WinEventLog:Sysmon,EventCode=1,DC0032,Process Creation
AN1211,Windows,WinEventLog:System,EventCode=7045,DC0060,Service Creation
AN1212,Windows,WinEventLog:Security,"EventCode=4663, 4670, 4656",DC0061,File Modification
AN1212,Windows,WinEventLog:Sysmon,EventCode=1,DC0032,Process Creation
AN1212,Windows,WinEventLog:Sysmon,EventCode=10,DC0035,Process Access
AN1212,Windows,WinEventLog:Sysmon,EventCode=7,DC0016,Module Load
AN1213,Windows,WinEventLog:Security,EventCode=4688,DC0032,Process Creation
AN1213,Windows,WinEventLog:Sysmon,EventCode=11,DC0039,File Creation
AN1213,Windows,WinEventLog:Sysmon,EventCode=10,DC0035,Process Access
AN1214,Linux,auditd:FILE,create: Creation of files with anomalous headers and entropy levels in /tmp or user directories,DC0039,File Creation
AN1214,Linux,auditd:SYSCALL,execve: Execution of interpreters creating archive-like outputs without calling tar/gzip,DC0064,Command Execution
AN1214,Linux,linux:osquery,Detection of bitwise operations or custom encryption functions in memory traces,DC0020,Process Modification
AN1215,macOS,macos:unifiedlog,Suspicious Swift/Objective-C or scripting processes writing archive-like outputs,DC0032,Process Creation
AN1215,macOS,macos:unifiedlog,Creation of files with anomalous headers and entropy values,DC0039,File Creation
AN1215,macOS,macos:unifiedlog,Abnormal memory operations (XOR/bitwise loops) during archive generation,DC0020,Process Modification
AN1216,Windows,WinEventLog:Sysmon,EventCode=11,DC0039,File Creation
AN1216,Windows,WinEventLog:Sysmon,EventCode=23,DC0040,File Deletion
AN1217,Linux,auditd:SYSCALL,PATH,DC0061,File Modification
AN1218,macOS,macos:osquery,file_events,DC0061,File Modification
AN1218,macOS,macos:unifiedlog,log stream,DC0064,Command Execution
AN1219,Network Devices,networkdevice:syslog,command audit,DC0064,Command Execution
AN1220,Windows,WinEventLog:PowerShell,"EventCode=4103, 4104, 4105, 4106",DC0064,Command Execution
AN1220,Windows,WinEventLog:Sysmon,EventCode=1,DC0032,Process Creation
AN1220,Windows,WinEventLog:Sysmon,EventCode=7,DC0016,Module Load
AN1220,Windows,WinEventLog:Sysmon,EventCode=10,DC0035,Process Access
AN1221,Windows,WinEventLog:Security,EventCode=4698,DC0001,Scheduled Job Creation
AN1221,Windows,WinEventLog:Security,EventCode=4702,DC0012,Scheduled Job Modification
AN1221,Windows,WinEventLog:Sysmon,EventCode=1,DC0032,Process Creation
AN1221,Windows,WinEventLog:Sysmon,EventCode=11,DC0039,File Creation
AN1221,Windows,WinEventLog:Sysmon,"EventCode=13, 14",DC0063,Windows Registry Key Modification
AN1222,Windows,WinEventLog:CodeIntegrity,EventCode=3033,DC0061,File Modification
AN1222,Windows,WinEventLog:Security,EventCode=4657,DC0063,Windows Registry Key Modification
AN1222,Windows,WinEventLog:Sysmon,EventCode=7,DC0016,Module Load
AN1223,Linux,auditd:SYSCALL,fork/clone/daemon syscall tracing,DC0021,OS API Execution
AN1223,Linux,auditd:SYSCALL,execve of re-parented process,DC0032,Process Creation
AN1224,macOS,fs:fsusage,Detached process execution with no associated parent,DC0021,OS API Execution
AN1224,macOS,macos:unifiedlog,Process creation with parent PID of 1 (launchd),DC0032,Process Creation
AN1225,Windows,NSM:Flow,"http, dns, smb, ssl logs",DC0085,Network Traffic Content
AN1225,Windows,WinEventLog:Sysmon,"EventCode=3, 22",DC0082,Network Connection Creation
AN1226,Linux,NSM:Flow,"dns, ssl, conn",DC0085,Network Traffic Content
AN1226,Linux,auditd:SYSCALL,execve,DC0032,Process Creation
AN1227,macOS,macos:osquery,socket_events,DC0078,Network Traffic Flow
AN1227,macOS,macos:unifiedlog,log stream,DC0064,Command Execution
AN1228,Network Devices,NSM:Flow,"conn.log, http.log, dns.log, ssl.log",DC0085,Network Traffic Content
AN1229,Windows,NSM:Connections,Outbound Connection,DC0078,Network Traffic Flow
AN1229,Windows,WinEventLog:Sysmon,"EventCode=3, 22",DC0082,Network Connection Creation
AN1229,Windows,WinEventLog:Sysmon,EventCode=1,DC0032,Process Creation
AN1230,Linux,NSM:Flow,Connection Tracking,DC0078,Network Traffic Flow
AN1230,Linux,auditd:SYSCALL,execve,DC0032,Process Creation
AN1231,macOS,NSM:Firewall,pf firewall logs,DC0078,Network Traffic Flow
AN1231,macOS,NSM:Flow,connection attempts,DC0082,Network Connection Creation
AN1231,macOS,macos:unifiedlog,None,DC0032,Process Creation
AN1232,ESXi,NSM:Flow,conn.log,DC0082,Network Connection Creation
AN1232,ESXi,esxi:shell,None,DC0064,Command Execution
AN1232,ESXi,esxi:vmkernel,None,DC0078,Network Traffic Flow
AN1233,Network Devices,NSM:Firewall,Policy Change / Rule Update,DC0051,Firewall Rule Modification
AN1233,Network Devices,NSM:Flow,Flow Creation (NetFlow/sFlow),DC0078,Network Traffic Flow
AN1233,Network Devices,networkdevice:cli,Interface commands,DC0064,Command Execution
AN1234,Linux,auditd:SYSCALL,"open, read",DC0055,File Access
AN1234,Linux,auditd:SYSCALL,execve,DC0032,Process Creation
AN1235,Windows,WinEventLog:Security,EventCode=4720,DC0014,User Account Creation
AN1235,Windows,WinEventLog:Sysmon,EventCode=1,DC0032,Process Creation
AN1236,Linux,auditd:SYSCALL,useradd or adduser executed,DC0014,User Account Creation
AN1236,Linux,auditd:SYSCALL,write operation on /etc/passwd or /etc/shadow,DC0061,File Modification
AN1237,macOS,macos:unifiedlog,dscl -create,DC0064,Command Execution
AN1237,macOS,macos:unifiedlog,modification to /var/db/dslocal/nodes/Default/users/,DC0061,File Modification
AN1238,ESXi,esxi:vmkernel,esxcli system account add,DC0064,Command Execution
AN1239,Containers,ebpf:syscalls,useradd or /etc/passwd modified inside container,DC0064,Command Execution
AN1240,Network Devices,networkdevice:syslog,username <user> privilege <level>,DC0014,User Account Creation
AN1241,Linux,auditd:SYSCALL,"ptrace, mmap, mprotect, open, dlopen",DC0021,OS API Execution
AN1241,Linux,auditd:file-events,open of suspicious .so from non-standard paths,DC0016,Module Load
AN1241,Linux,auditd:memprotect,change from PROT_READ|PROT_WRITE to PROT_EXEC,DC0020,Process Modification
AN1241,Linux,linux:osquery,child process invoking dynamic linker post-ptrace,DC0032,Process Creation
AN1242,IaaS,AWS:CloudTrail,RunInstances,DC0080,Instance Start
AN1242,IaaS,AWS:CloudTrail,DescribeInstances,DC0086,Instance Metadata
AN1242,IaaS,azure:activity,MICROSOFT.COMPUTE/VIRTUALMACHINES/WRITE,DC0076,Instance Creation
AN1243,Linux,auditd:SYSCALL,"Execution of insmod, modprobe, or rmmod commands by non-standard users or outside expected timeframes",DC0064,Command Execution
AN1243,Linux,auditd:SYSCALL,Access or modification to /lib/modules or creation of .ko files,DC0039,File Creation
AN1243,Linux,linux:osquery,New or modified kernel object files (.ko) within /lib/modules directory,DC0061,File Modification
AN1244,macOS,macos:osquery,"Processes executing kextload, spctl, or modifying kernel extension directories",DC0032,Process Creation
AN1244,macOS,macos:osquery,New kext entries not signed by Apple or outside standard identifier prefix,DC0031,Kernel Module Load
AN1244,macOS,macos:osquery,Modifications to /var/db/SystemPolicyConfiguration/KextPolicy or kext_policy table,DC0061,File Modification
AN1244,macOS,macos:unifiedlog,kextload execution from Terminal or suspicious paths,DC0064,Command Execution
AN1245,Windows,WinEventLog:PowerShell,Execution of PowerShell without -NoProfile flag,DC0064,Command Execution
AN1245,Windows,WinEventLog:Sysmon,EventCode=11,DC0039,File Creation
AN1245,Windows,WinEventLog:Sysmon,EventCode=2,DC0061,File Modification
AN1245,Windows,WinEventLog:Sysmon,EventCode=1,DC0032,Process Creation
AN1246,Windows,WinEventLog:Security,EventCode=4657,DC0063,Windows Registry Key Modification
AN1246,Windows,WinEventLog:Sysmon,EventCode=11,DC0039,File Creation
AN1246,Windows,WinEventLog:Sysmon,EventCode=1,DC0032,Process Creation
AN1247,Linux,auditd:EXECVE,Process execution of update-ca-certificates or openssl with suspicious arguments,DC0064,Command Execution
AN1247,Linux,auditd:SYSCALL,"chmod, chown, setxattr, or file writes to /etc/ssl/* or /usr/local/share/ca-certificates/*",DC0059,File Metadata
AN1248,macOS,macos:osquery,Unsigned or ad-hoc signed process executions in user contexts,DC0032,Process Creation
AN1248,macOS,macos:unifiedlog,New certificate trust settings added by unexpected process,DC0059,File Metadata
AN1248,macOS,macos:unifiedlog,xattr -d com.apple.quarantine or similar removal commands,DC0064,Command Execution
AN1249,Network Devices,NSM:Flow,High-volume or repeated SNMP GETBULK/GETNEXT queries from untrusted or external IPs,DC0082,Network Connection Creation
AN1249,Network Devices,networkdevice:audit,"SNMP configuration changes, such as enabling read/write access or modifying community strings",DC0061,File Modification
AN1249,Network Devices,networkdevice:syslog,"Authentication failures, unexpected community string usage, or unauthorized SNMPv1/v2 requests",DC0085,Network Traffic Content
AN1250,Linux,NSM:Connections,simultaneous or anomalous logon sessions across multiple systems,DC0067,Logon Session Creation
AN1250,Linux,auditd:SYSCALL,"open, write",DC0061,File Modification
AN1250,Linux,auditd:SYSCALL,execve,DC0032,Process Creation
AN1251,macOS,macos:osquery,write,DC0061,File Modification
AN1251,macOS,macos:unifiedlog,authentication plugin load or modification events,DC0067,Logon Session Creation
AN1252,Windows,WinEventLog:PowerShell,"EventCode=4103, 4104, 4105, 4106",DC0064,Command Execution
AN1252,Windows,WinEventLog:PowerShell,"EventCode=400, 403",DC0034,Process Metadata
AN1252,Windows,WinEventLog:Sysmon,EventCode=1,DC0032,Process Creation
AN1252,Windows,WinEventLog:Sysmon,EventCode=7,DC0016,Module Load
AN1253,Windows,ETW:ProcThread,"api_call: CreateProcessWithTokenW, CreateProcessAsUserW",DC0021,OS API Execution
AN1253,Windows,WinEventLog:Security,EventCode=4688,DC0032,Process Creation
AN1253,Windows,WinEventLog:Security,"EventCode=4672, 4634",DC0088,Logon Session Metadata
AN1253,Windows,WinEventLog:Security,EventCode=5136,DC0066,Active Directory Object Modification
AN1253,Windows,WinEventLog:Sysmon,EventCode=10,DC0035,Process Access
AN1254,Windows,NSM:Flow,"ICMP/UDP traffic (Wireshark, Suricata, Zeek)",DC0085,Network Traffic Content
AN1254,Windows,WinEventLog:Sysmon,"EventCode=3, 22",DC0082,Network Connection Creation
AN1255,Linux,NSM:Flow,"icmp.log, weird.log",DC0085,Network Traffic Content
AN1255,Linux,auditd:SYSCALL,sendto/connect,DC0082,Network Connection Creation
AN1256,macOS,NSM:Flow,"ICMP/UDP monitoring (tcpdump, Wireshark, Zeek)",DC0085,Network Traffic Content
AN1256,macOS,macos:unifiedlog,com.apple.network,DC0078,Network Traffic Flow
AN1257,ESXi,esxi:vmkernel,VMCI syslog entries,DC0085,Network Traffic Content
AN1258,Network Devices,NSM:Firewall,ICMP/UDP protocol anomaly,DC0085,Network Traffic Content
AN1258,Network Devices,NSM:Flow,"conn.log, icmp.log",DC0078,Network Traffic Flow
AN1259,Windows,WinEventLog:Security,EventCode=5136,DC0066,Active Directory Object Modification
AN1259,Windows,WinEventLog:Security,EventCode=4704,DC0010,User Account Modification
AN1259,Windows,WinEventLog:Sysmon,EventCode=1,DC0032,Process Creation
AN1260,Identity Provider,azure:signinlogs,OperationName=SetDomainAuthentication OR Update-MsolFederatedDomain,DC0064,Command Execution
AN1260,Identity Provider,m365:unified,Set federation settings on domain|Set domain authentication|Add federated identity provider,DC0038,Application Log Content
AN1261,Containers,NSM:Flow,outbound connections from host during or immediately after image build,DC0082,Network Connection Creation
AN1261,Containers,docker:daemon,docker build or POST /build API request,DC0015,Image Creation
AN1262,Windows,WinEventLog:Security,EventCode=4625,DC0002,User Account Authentication
AN1263,Linux,linux:syslog,SSH failed login,DC0002,User Account Authentication
AN1264,macOS,macos:unifiedlog,Login failure / authorization denied,DC0002,User Account Authentication
AN1265,Identity Provider,azure:signinlogs,status = failure,DC0002,User Account Authentication
AN1266,SaaS,saas-app:auth,login_failure,DC0002,User Account Authentication
AN1267,Network Devices,networkdevice:syslog,"AAA, RADIUS, or TACACS authentication",DC0002,User Account Authentication
AN1268,Containers,kubernetes:apiserver,authentication.k8s.io/v1beta1,DC0002,User Account Authentication
AN1269,Office Suite,m365:exchange,Logon failure,DC0002,User Account Authentication
AN1270,IaaS,AWS:CloudTrail,eventName=ConsoleLogin | eventType=AwsConsoleSignIn,DC0002,User Account Authentication
AN1271,Windows,WinEventLog:Security,"EventCode=4663, 4670, 4656",DC0061,File Modification
AN1271,Windows,WinEventLog:Sysmon,"EventCode=13, 14",DC0063,Windows Registry Key Modification
AN1271,Windows,etw:Microsoft-Windows-Kernel-Storage,Raw disk I/O operations bypassing NTFS APIs,DC0004,Firmware Modification
AN1272,Linux,auditd:SYSCALL,mount or losetup commands creating hidden or encrypted FS,DC0061,File Modification
AN1272,Linux,linux:syslog,Sudo or root escalation followed by filesystem mount commands,DC0064,Command Execution
AN1273,macOS,macos:unifiedlog,Execution of diskutil or hdiutil attaching hidden partitions,DC0032,Process Creation
AN1273,macOS,macos:unifiedlog,Hidden volume attachment or modification events,DC0061,File Modification
AN1274,Windows,NSM:Flow,Unusual responses to LLMNR (UDP 5355) or NBT-NS (UDP 137) queries from unauthorized hosts,DC0085,Network Traffic Content
AN1274,Windows,NSM:Flow,Abnormal SMB authentication attempts correlated with poisoned LLMNR/NBT-NS sessions,DC0078,Network Traffic Flow
AN1274,Windows,WinEventLog:Security,EventCode=4697,DC0060,Service Creation
AN1274,Windows,WinEventLog:Security,Registry key modification HKLM\Software\Policies\Microsoft\Windows NT\DNSClient\EnableMulticast,DC0063,Windows Registry Key Modification
AN1275,Windows,WinEventLog:Security,"EventCode=4776, 4625",DC0002,User Account Authentication
AN1276,Linux,auditd:USER_LOGIN,USER_AUTH,DC0002,User Account Authentication
AN1277,Identity Provider,azure:signinlogs,Sign-in logs,DC0002,User Account Authentication
AN1278,macOS,macos:unifiedlog,auth,DC0002,User Account Authentication
AN1279,SaaS,m365:unified,Sign-in logs,DC0002,User Account Authentication
AN1280,Windows,WinEventLog:PowerShell,"EventCode=4103, 4104, 4105, 4106",DC0064,Command Execution
AN1280,Windows,WinEventLog:Sysmon,EventCode=1,DC0032,Process Creation
AN1281,Linux,auditd:EXECVE,execve,DC0032,Process Creation
AN1281,Linux,auditd:PATH,file read,DC0055,File Access
AN1282,macOS,macos:unifiedlog,process,DC0032,Process Creation
AN1283,Windows,WinEventLog:Security,"EventCode=4624, 4648",DC0067,Logon Session Creation
AN1284,Linux,auditd:USER_LOGIN,USER_LOGIN,DC0088,Logon Session Metadata
AN1285,Identity Provider,AWS:CloudTrail,ConsoleLogin or AssumeRole,DC0002,User Account Authentication
AN1286,ESXi,esxi:auth,/var/log/auth.log,DC0002,User Account Authentication
AN1287,Network Devices,networkdevice:syslog,authentication logs,DC0002,User Account Authentication
AN1288,Windows,WinEventLog:PowerShell,"EventCode=4103, 4104, 4105, 4106",DC0064,Command Execution
AN1288,Windows,WinEventLog:Sysmon,EventCode=1,DC0032,Process Creation
AN1288,Windows,WinEventLog:Sysmon,EventCode=7,DC0016,Module Load
AN1288,Windows,WinEventLog:Sysmon,EventCode=10,DC0035,Process Access
AN1288,Windows,WinEventLog:Sysmon,EventCode=11,DC0039,File Creation
AN1289,Windows,EDR:memory,MemoryWriteToExecutable,DC0021,OS API Execution
AN1289,Windows,WinEventLog:Sysmon,EventCode=7,DC0016,Module Load
AN1289,Windows,WinEventLog:Sysmon,EventCode=10,DC0035,Process Access
AN1289,Windows,WinEventLog:Sysmon,EventCode=8,DC0020,Process Modification
AN1290,Windows,NSM:Flow,DHCP OFFER or ACK with unauthorized DNS/gateway parameters,DC0085,Network Traffic Content
AN1290,Windows,WinEventLog:System,"EventCode=1341, 1342, 1020, 1063",DC0038,Application Log Content
AN1291,Linux,NSM:Flow,Gratuitous or duplicate DHCP OFFER packets from non-legitimate servers,DC0078,Network Traffic Flow
AN1291,Linux,linux:syslog,suspicious DHCP lease assignment with unexpected DNS or gateway,DC0038,Application Log Content
AN1292,macOS,NSM:Flow,Multiple DHCP OFFER responses for a single DISCOVER,DC0085,Network Traffic Content
AN1292,macOS,macos:unifiedlog,new DHCP configuration with anomalous DNS or router values,DC0038,Application Log Content
AN1293,Network Devices,firmware:runtime,Debug or memory access commands indicating attempts to alter OS instructions in memory,DC0004,Firmware Modification
AN1293,Network Devices,networkdevice:cli,"Execution of privileged commands such as 'copy tftp flash', 'boot system', or 'debug memory'",DC0064,Command Execution
AN1293,Network Devices,networkdevice:config,"Configuration changes to startup image paths, boot loader parameters, or debug flags",DC0061,File Modification
AN1294,Windows,NSM:Flow,SSL/TLS Handshake Analysis,DC0085,Network Traffic Content
AN1294,Windows,WinEventLog:Sysmon,"EventCode=3, 22",DC0082,Network Connection Creation
AN1295,Linux,NSM:Flow,Network Capture TLS/HTTP,DC0085,Network Traffic Content
AN1295,Linux,auditd:SYSCALL,execve,DC0032,Process Creation
AN1296,macOS,NSM:Content,HTTP Header Metadata,DC0085,Network Traffic Content
AN1296,macOS,macos:osquery,Process Execution + Hash,DC0034,Process Metadata
AN1296,macOS,macos:unifiedlog,Outbound Traffic,DC0082,Network Connection Creation
AN1297,ESXi,NSM:Content,TLS Fingerprint and Certificate Analysis,DC0085,Network Traffic Content
AN1297,ESXi,esxi:hostd,Service-Based Network Connection,DC0082,Network Connection Creation
AN1298,Windows,WinEventLog:Security,EventCode=5145,DC0102,Network Share Access
AN1298,Windows,WinEventLog:Sysmon,EventCode=11,DC0039,File Creation
AN1299,Linux,NSM:Flow,smb_files.log,DC0102,Network Share Access
AN1299,Linux,auditd:SYSCALL,write,DC0061,File Modification
AN1300,macOS,fs:fsevents,Directory events (kFSEventStreamEventFlagItemCreated),DC0039,File Creation
AN1300,macOS,macos:unifiedlog,file writes,DC0061,File Modification
AN1301,SaaS,gcp:workspaceaudit,drive.activity logs,DC0039,File Creation
AN1301,SaaS,m365:unified,"FileUploaded, FileAccessed",DC0102,Network Share Access
AN1302,Office Suite,m365:defender,OfficeTelemetry or DLP,DC0061,File Modification
AN1303,Windows,WinEventLog:Security,EventCode=4657,DC0063,Windows Registry Key Modification
AN1303,Windows,WinEventLog:Sysmon,EventCode=11,DC0039,File Creation
AN1303,Windows,WinEventLog:Sysmon,EventCode=7,DC0016,Module Load
AN1304,Containers,auditd:SYSCALL,execve,DC0032,Process Creation
AN1304,Containers,kubernetes:audit,create,DC0019,Pod Creation
AN1304,Containers,kubernetes:audit,create,DC0060,Service Creation
AN1304,Containers,systemd:unit,container run with restart policy set to 'always' or 'unless-stopped',DC0072,Container Creation
AN1305,Windows,WinEventLog:PowerShell,"EventCode=4103, 4104, 4105, 4106",DC0064,Command Execution
AN1305,Windows,WinEventLog:Security,"EventCode=4624, 4648",DC0067,Logon Session Creation
AN1305,Windows,WinEventLog:Sysmon,EventCode=1,DC0032,Process Creation
AN1305,Windows,WinEventLog:Sysmon,"EventCode=3, 22",DC0082,Network Connection Creation
AN1305,Windows,WinEventLog:Sysmon,EventCode=7,DC0016,Module Load
AN1305,Windows,WinEventLog:Sysmon,EventCode=25,DC0035,Process Access
AN1305,Windows,WinEventLog:WMI,"EventCode=5857, 5858, 5860, 5861",DC0008,WMI Creation
AN1306,Linux,auditd:SYSCALL,"execve syscalls for discovery commands (uname, hostname, id, whoami, ps, netstat, mount) with command-line parameter analysis",DC0064,Command Execution
AN1306,Linux,linux:osquery,process_events,DC0032,Process Creation
AN1306,Linux,linux:syslog,"kernel messages related to cryptographic operations, module loading, and filesystem access patterns",DC0055,File Access
AN1307,macOS,fs:fsevents,file system events indicating access to system configuration files and environmental information sources,DC0055,File Access
AN1307,macOS,macos:unifiedlog,"process execution events for discovery utilities (system_profiler, sw_vers, dscl, networksetup) with command-line parameter analysis",DC0032,Process Creation
AN1307,macOS,macos:unifiedlog,"Security framework operations including keychain access, cryptographic operations, and certificate validation",DC0064,Command Execution
AN1308,Windows,WinEventLog:Sysmon,EventCode=1,DC0032,Process Creation
AN1308,Windows,WinEventLog:Sysmon,EventCode=7,DC0016,Module Load
AN1308,Windows,WinEventLog:Sysmon,EventCode=11,DC0039,File Creation
AN1308,Windows,WinEventLog:Sysmon,"EventCode=3, 22",DC0082,Network Connection Creation
AN1309,Windows,WinEventLog:Application,Exchange logs or header artifacts,DC0038,Application Log Content
AN1309,Windows,WinEventLog:PowerShell,"EventCode=4103, 4104, 4105, 4106",DC0064,Command Execution
AN1309,Windows,WinEventLog:Security,EventCode=5145,DC0102,Network Share Access
AN1309,Windows,WinEventLog:Sysmon,"EventCode=3, 22",DC0082,Network Connection Creation
AN1310,Linux,auditd:SYSCALL,open,DC0055,File Access
AN1310,Linux,linux:osquery,process_events,DC0032,Process Creation
AN1310,Linux,linux:syslog,postfix/smtpd,DC0082,Network Connection Creation
AN1311,macOS,macos:endpointsecurity,"es_event_open, es_event_exec",DC0055,File Access
AN1311,macOS,macos:unifiedlog,Mail or AppleScript subsystem,DC0038,Application Log Content
AN1312,Office Suite,azure:ad,SignInEvents,DC0067,Logon Session Creation
AN1312,Office Suite,m365:exchange,MessageTrace logs,DC0038,Application Log Content
AN1312,Office Suite,m365:unified,"Set-Mailbox, New-InboxRule",DC0064,Command Execution
AN1313,Windows,NSM:Connections,Inbound on ports 5985/5986,DC0078,Network Traffic Flow
AN1313,Windows,WinEventLog:Security,"EventCode=4624, 4648",DC0067,Logon Session Creation
AN1313,Windows,WinEventLog:Sysmon,EventCode=1,DC0032,Process Creation
AN1313,Windows,WinEventLog:WinRM,EventCode=6,DC0041,Service Metadata
AN1314,Windows,WinEventLog:Application,EventCode=1000,DC0038,Application Log Content
AN1314,Windows,WinEventLog:Security,EventCode=4688,DC0032,Process Creation
AN1314,Windows,WinEventLog:Sysmon,EventCode=11,DC0039,File Creation
AN1314,Windows,WinEventLog:Sysmon,"EventCode=3, 22",DC0082,Network Connection Creation
AN1315,Linux,NSM:Flow,new outbound connection from browser/office lineage,DC0082,Network Connection Creation
AN1315,Linux,auditd:SYSCALL,open,DC0055,File Access
AN1315,Linux,auditd:SYSCALL,creat,DC0039,File Creation
AN1315,Linux,auditd:SYSCALL,"rename,chmod",DC0061,File Modification
AN1315,Linux,auditd:SYSCALL,execve,DC0032,Process Creation
AN1315,Linux,linux:syslog,opened document|clicked link|segfault|abnormal termination|sandbox,DC0038,Application Log Content
AN1316,macOS,NSM:Flow,new outbound connection from exploited lineage,DC0082,Network Connection Creation
AN1316,macOS,fs:fileevents,create/write/rename in user-writable paths,DC0039,File Creation
AN1316,macOS,macos:osquery,exec,DC0032,Process Creation
AN1316,macOS,macos:unifiedlog,opened document|clicked link|EXC_BAD_ACCESS|abort|LSQuarantine,DC0038,Application Log Content
AN1317,Containers,NSM:Flow,container egress to unknown IPs/domains,DC0085,Network Traffic Content
AN1317,Containers,docker:events,"created,started: new container from untrusted registry or unexpected entrypoint",DC0072,Container Creation
AN1317,Containers,docker:events,start,DC0077,Container Start
AN1318,IaaS,AWS:CloudTrail,"RunInstances,CreateImage",DC0076,Instance Creation
AN1318,IaaS,AWS:CloudTrail,StartInstances,DC0080,Instance Start
AN1318,IaaS,gcp:vpcflow,first 5m egress to unknown ASNs,DC0085,Network Traffic Content
AN1319,Windows,WinEventLog:Security,EventCode=4657,DC0063,Windows Registry Key Modification
AN1319,Windows,WinEventLog:Sysmon,EventCode=1,DC0032,Process Creation
AN1319,Windows,WinEventLog:Sysmon,EventCode=7,DC0016,Module Load
AN1319,Windows,WinEventLog:Sysmon,EventCode=11,DC0039,File Creation
AN1320,Linux,NSM:Flow,HTTP Request Logging,DC0085,Network Traffic Content
AN1320,Linux,auditd:SYSCALL,write,DC0061,File Modification
AN1321,Windows,WinEventLog:Sysmon,EventCode=11,DC0039,File Creation
AN1321,Windows,WinEventLog:iis,IIS Logs,DC0085,Network Traffic Content
AN1322,macOS,fs:fsusage,Filesystem Access Logging,DC0061,File Modification
AN1322,macOS,macos:unifiedlog,subsystem=com.apple.WebKit,DC0085,Network Traffic Content
AN1323,Windows,WinEventLog:Security,EventCode=4657,DC0063,Windows Registry Key Modification
AN1323,Windows,WinEventLog:Sysmon,EventCode=1,DC0032,Process Creation
AN1323,Windows,WinEventLog:Sysmon,EventCode=7,DC0016,Module Load
AN1324,Windows,ETW:Token,"api_call: DuplicateTokenEx, ImpersonateLoggedOnUser, SetThreadToken",DC0021,OS API Execution
AN1324,Windows,WinEventLog:Security,EventCode=4688,DC0032,Process Creation
AN1324,Windows,WinEventLog:Sysmon,EventCode=10,DC0035,Process Access
AN1325,Windows,WinEventLog:PowerShell,"EventCode=4103, 4104, 4105, 4106",DC0064,Command Execution
AN1325,Windows,WinEventLog:Security,EventCode=4688,DC0032,Process Creation
AN1326,Linux,auditd:EXECVE,execve,DC0032,Process Creation
AN1327,macOS,macos:osquery,process_events,DC0032,Process Creation
AN1327,macOS,macos:unifiedlog,None,DC0064,Command Execution
AN1328,IaaS,AWS:CloudTrail,"GetObject, CopyObject",DC0025,Cloud Storage Access
AN1328,IaaS,AWS:CloudTrail,AssumeRole,DC0013,User Account Metadata
AN1328,IaaS,AWS:VPCFlowLogs,Unusual volume of data transferred from S3 storage endpoints to non-corporate IPs,DC0085,Network Traffic Content
AN1329,SaaS,m365:unified,"FileAccessed, FileDownloaded, ConsentGranted",DC0025,Cloud Storage Access
AN1330,Office Suite,azure:signinlogs,SigninSuccess,DC0002,User Account Authentication
AN1330,Office Suite,m365:sharepoint,"AnonymousLinkCreated, FileDownloaded",DC0025,Cloud Storage Access
AN1331,Windows,WinEventLog:Security,EventCode=1,DC0032,Process Creation
AN1331,Windows,WinEventLog:Sysmon,"EventCode=3, 22",DC0082,Network Connection Creation
AN1332,Linux,auditd:SYSCALL,socket/connect,DC0078,Network Traffic Flow
AN1333,macOS,macos:unifiedlog,Rapid domain-to-IP resolution changes for same domain,DC0078,Network Traffic Flow
AN1333,macOS,macos:unifiedlog,Unexpected apps generating frequent DNS queries,DC0032,Process Creation
AN1334,ESXi,esxi:syslog,Frequent DNS resolution of same domain with rotating IPs,DC0078,Network Traffic Flow
AN1335,Windows,WinEventLog:Security,EventCode=4688,DC0032,Process Creation
AN1335,Windows,WinEventLog:Sysmon,EventCode=7,DC0016,Module Load
AN1335,Windows,WinEventLog:Sysmon,"EventCode=3, 22",DC0082,Network Connection Creation
AN1336,Windows,WinEventLog:Security,"EventCode=4625, 4771, 4648",DC0002,User Account Authentication
AN1337,Linux,linux:syslog,Failed password for invalid user,DC0002,User Account Authentication
AN1338,macOS,macos:unifiedlog,Login Window and Authd errors,DC0002,User Account Authentication
AN1339,Identity Provider,azure:signinlogs,Failure Reason + UserPrincipalName,DC0002,User Account Authentication
AN1340,Network Devices,networkdevice:syslog,AAA or TACACS authentication failures,DC0002,User Account Authentication
AN1341,Containers,kubernetes:audit,Failed login,DC0002,User Account Authentication
AN1342,Office Suite,m365:exchange,FailedLogin,DC0002,User Account Authentication
AN1343,SaaS,saas:auth,signin_failed,DC0002,User Account Authentication
AN1344,Windows,WinEventLog:Security,"EventCode=4624, 4648",DC0067,Logon Session Creation
AN1344,Windows,WinEventLog:Security,"EventCode=4776, 4771, 4770",DC0088,Logon Session Metadata
AN1344,Windows,WinEventLog:Security,"EventCode=4663, 4670, 4656",DC0038,Application Log Content
AN1344,Windows,WinEventLog:Sysmon,"EventCode=3, 22",DC0082,Network Connection Creation
AN1345,Linux,NSM:Flow,ssh connections originating from third-party CIDRs,DC0085,Network Traffic Content
AN1345,Linux,auditd:SYSCALL,"execve,socket,connect,openat",DC0088,Logon Session Metadata
AN1345,Linux,linux:syslog,Accepted publickey/password for * from * port * ssh2,DC0067,Logon Session Creation
AN1346,macOS,NSM:Flow,ssh/smb connections to internal resources from third-party devices,DC0085,Network Traffic Content
AN1346,macOS,macos:unifiedlog,loginwindow or sshd successful login events,DC0067,Logon Session Creation
AN1346,macOS,macos:unifiedlog,Group membership change for admin or wheel,DC0088,Logon Session Metadata
AN1347,Identity Provider,azure:audit,Add delegated admin / Assign admin roles / Update application consent,DC0088,Logon Session Metadata
AN1347,Identity Provider,azure:signinlogs,"InteractiveUser, ServicePrincipalSignIn",DC0067,Logon Session Creation
AN1347,Identity Provider,m365:unified,Set-PartnerOfRecord / CompanyAdministrator role assignments / New-DelegatedAdminRelationship,DC0038,Application Log Content
AN1348,IaaS,AWS:CloudTrail,"AssumeRole,AssumeRoleWithSAML,AssumeRoleWithWebIdentity",DC0067,Logon Session Creation
AN1348,IaaS,AWS:CloudTrail,CreateUser|AttachRolePolicy|CreateAccessKey|UpdateAssumeRolePolicy|CreateLoginProfile,DC0038,Application Log Content
AN1348,IaaS,gcp:audit,google.iam.credentials.generateAccessToken / serviceAccountTokenCreator,DC0088,Logon Session Metadata
AN1349,SaaS,saas:googleworkspace,OAuth2 authorization grants / Admin role assignments,DC0038,Application Log Content
AN1349,SaaS,saas:salesforce,ConnectedApp OAuth policy change / Login as user,DC0088,Logon Session Metadata
AN1350,Office Suite,azure:signinlogs,"InteractiveUser, NonInteractiveUser",DC0067,Logon Session Creation
AN1350,Office Suite,m365:unified,"Add-DelegatedAdmin, Set-PartnerOfRecord, Add-MailboxPermission, Set-OrganizationRelationship",DC0038,Application Log Content
AN1351,Windows,WinEventLog:Security,EventCode=4688,DC0032,Process Creation
AN1351,Windows,etw:Microsoft-Windows-Kernel-Process,api_call: UpdateProcThreadAttribute (PROC_THREAD_ATTRIBUTE_PARENT_PROCESS) and CreateProcess* with EXTENDED_STARTUPINFO_PRESENT / StartupInfoEx,DC0021,OS API Execution
AN1351,Windows,etw:Microsoft-Windows-Kernel-Process,process_start: EventHeader.ProcessId true parent vs reported PPID mismatch,DC0034,Process Metadata
AN1352,Containers,docker:daemon,"docker ps, docker inspect, or docker images commands",DC0091,Container Enumeration
AN1352,Containers,kubernetes:apiserver,"list or get requests against pods, deployments, or nodes",DC0037,Pod Enumeration
AN1353,Windows,WinEventLog:Security,EventCode=4688,DC0032,Process Creation
AN1353,Windows,WinEventLog:Sysmon,EventCode=10,DC0035,Process Access
AN1354,Linux,auditd:SYSCALL,execve,DC0032,Process Creation
AN1354,Linux,auditd:SYSCALL,open/read,DC0055,File Access
AN1354,Linux,linux:osquery,hardware_events,DC0054,Drive Access
AN1355,macOS,macos:osquery,usb_devices,DC0054,Drive Access
AN1355,macOS,macos:unifiedlog,process exec,DC0032,Process Creation
AN1356,IaaS,AWS:CloudTrail,RequestServiceQuotaIncrease,DC0069,Cloud Service Modification
AN1357,Windows,WinEventLog:Security,"EventCode=4663, 4670, 4656",DC0035,Process Access
AN1357,Windows,WinEventLog:Sysmon,EventCode=17,DC0048,Named Pipe Metadata
AN1358,Linux,auditd:SYSCALL,socket: Suspicious creation of AF_UNIX sockets outside expected daemons,DC0032,Process Creation
AN1358,Linux,auditd:SYSCALL,open: Access to named pipes or FIFO in /tmp or /dev/shm by unexpected processes,DC0055,File Access
AN1359,macOS,macos:osquery,exec: Unexpected execution of osascript or AppleScript targeting sensitive apps,DC0029,Script Execution
AN1359,macOS,macos:unifiedlog,Unusual Mach port registration or access attempts between unrelated processes,DC0035,Process Access
AN1360,Network Devices,NSM:Flow,Degraded encryption throughput or switch to weaker cipher suites compared to historical baselines,DC0085,Network Traffic Content
AN1360,Network Devices,networkdevice:cli,"Execution of commands disabling crypto hardware acceleration (e.g., 'no crypto engine enable')",DC0064,Command Execution
AN1360,Network Devices,networkdevice:config,Configuration changes referencing cryptographic hardware modules or disabling hardware acceleration,DC0061,File Modification
AN1361,Windows,WinEventLog:Security,"EventCode=4624, 4648",DC0067,Logon Session Creation
AN1361,Windows,WinEventLog:Sysmon,EventCode=1,DC0032,Process Creation
AN1362,Linux,auditd:SYSCALL,"execve: Execution of curl, wget, or custom scripts accessing financial endpoints",DC0064,Command Execution
AN1362,Linux,linux:syslog,Authentication attempts into finance-related servers from unusual IPs or times,DC0038,Application Log Content
AN1363,macOS,macos:unifiedlog,Non-standard processes invoking financial applications or payment APIs,DC0032,Process Creation
AN1363,macOS,macos:unifiedlog,Anomalous keychain access attempts targeting payment credentials,DC0038,Application Log Content
AN1364,SaaS,saas:finance,Transaction/Transfer: Unusual or large transactions initiated outside business hours or by unusual accounts,DC0038,Application Log Content
AN1365,Office Suite,m365:office,Anomalous editing of invoice or payment document templates,DC0061,File Modification
AN1365,Office Suite,m365:unified,"MailSend: Outlook messages with suspicious subject/body terms (e.g., urgent payment, wire transfer) targeting finance teams",DC0038,Application Log Content
AN1366,Windows,WinEventLog:Sysmon,EventCode=1,DC0032,Process Creation
AN1366,Windows,WinEventLog:Sysmon,EventCode=12,DC0056,Windows Registry Key Creation
AN1366,Windows,WinEventLog:Sysmon,"EventCode=13, 14",DC0063,Windows Registry Key Modification
AN1366,Windows,WinEventLog:Sysmon,EventCode=11,DC0039,File Creation
AN1366,Windows,WinEventLog:Sysmon,"EventCode=3, 22",DC0082,Network Connection Creation
AN1366,Windows,WinEventLog:System,EventCode=7045,DC0060,Service Creation
AN1367,Linux,WinEventLog:Sysmon,"EventCode=3, 22",DC0082,Network Connection Creation
AN1367,Linux,auditd:PATH,"WRITE: Drop of binaries/scripts in ~/.local, /tmp, or /opt tool dirs",DC0039,File Creation
AN1367,Linux,auditd:SYSCALL,execve: Agent/headless flags (listen/connect/reverse/tunnel) or remote-control binaries spawning shells,DC0032,Process Creation
AN1368,macOS,macos:osquery,CREATE/MODIFY: Creation of LaunchAgents/Daemons plists in user/system locations,DC0039,File Creation
AN1368,macOS,macos:osquery,CONNECT: Long-lived connections from remote-control parents to external IPs/domains,DC0082,Network Connection Creation
AN1368,macOS,macos:unifiedlog,Process exec of remote-control apps or binaries with headless/connect flags,DC0032,Process Creation
AN1369,Windows,WinEventLog:Sysmon,EventCode=5,DC0033,Process Termination
AN1369,Windows,WinEventLog:Sysmon,"EventCode=13, 14",DC0063,Windows Registry Key Modification
AN1369,Windows,WinEventLog:System,EventCode=7045,DC0060,Service Creation
AN1370,Linux,auditd:CONFIG_CHANGE,delete: Modification of systemd unit files or config for security agents,DC0041,Service Metadata
AN1370,Linux,auditd:SYSCALL,"execve: systemctl stop, service stop, or kill -9 on security daemons (e.g., falcon-sensor, auditd)",DC0032,Process Creation
AN1371,macOS,macos:unifiedlog,"Execution of launchctl unload, kill, or removal of security agent daemons",DC0032,Process Creation
AN1371,macOS,macos:unifiedlog,Modification of system configuration profiles affecting security tools,DC0041,Service Metadata
AN1372,IaaS,AWS:CloudTrail,"Delete* / Stop*: DeleteAlarms, StopLogging, or DisableMonitoring API calls",DC0069,Cloud Service Modification
AN1373,Containers,kubernetes:audit,kubectl delete or patch of security pods/admission controllers,DC0041,Service Metadata
AN1374,Network Devices,networkdevice:config,write: Startup configuration changes disabling security checks,DC0041,Service Metadata
AN1375,Windows,WinEventLog:Security,EventCode=4688,DC0032,Process Creation
AN1375,Windows,WinEventLog:Security,EventCode=4672,DC0088,Logon Session Metadata
AN1375,Windows,etw:Microsoft-Windows-Security-Auditing,"api_call: LogonUser(A|W), LsaLogonUser, SetThreadToken, ImpersonateLoggedOnUser",DC0021,OS API Execution
AN1376,Windows,NSM:Flow,uncommon ports,DC0078,Network Traffic Flow
AN1376,Windows,WinEventLog:Sysmon,"EventCode=3, 22",DC0082,Network Connection Creation
AN1377,Linux,NSM:Flow,alternate ports,DC0078,Network Traffic Flow
AN1377,Linux,auditd:SYSCALL,outbound connections,DC0082,Network Connection Creation
AN1378,macOS,NSM:Flow,None,DC0078,Network Traffic Flow
AN1378,macOS,macos:unifiedlog,None,DC0082,Network Connection Creation
AN1379,ESXi,esxi:vmkernel,None,DC0082,Network Connection Creation
AN1379,ESXi,esxi:vpxd,None,DC0078,Network Traffic Flow
AN1380,Windows,azure:signinlogs,"UserLogin, ConditionalAccessPolicyEvaluated",DC0067,Logon Session Creation
AN1380,Windows,m365:sharepoint,Multiple file download operations on a site by a privileged account in a short time window,DC0070,Cloud Service Metadata
AN1380,Windows,m365:unified,"FileAccessed, FileDownloaded, SearchQueried",DC0038,Application Log Content
AN1381,Windows,WinEventLog:Sysmon,EventCode=1,DC0032,Process Creation
AN1381,Windows,WinEventLog:Sysmon,EventCode=11,DC0039,File Creation
AN1381,Windows,WinEventLog:Sysmon,"EventCode=3, 22",DC0082,Network Connection Creation
AN1382,Linux,NSM:Flow,conn.log,DC0082,Network Connection Creation
AN1382,Linux,auditd:SYSCALL,execve,DC0032,Process Creation
AN1382,Linux,auditd:SYSCALL,"open,create",DC0039,File Creation
AN1383,macOS,macos:osquery,file_events,DC0039,File Creation
AN1383,macOS,macos:unifiedlog,"process activity, exec events",DC0032,Process Creation
AN1383,macOS,macos:unifiedlog,networkd or socket,DC0082,Network Connection Creation
AN1384,Windows,WinEventLog:Sysmon,EventCode=11,DC0039,File Creation
AN1384,Windows,WinEventLog:Sysmon,EventCode=1,DC0032,Process Creation
AN1384,Windows,WinEventLog:Sysmon,"EventCode=13, 14",DC0063,Windows Registry Key Modification
AN1385,Linux,auditd:EXECVE,Execution of chattr to set +i or +a attributes,DC0064,Command Execution
AN1385,Linux,auditd:FILE,"Creation of hidden files (.*) in sensitive directories (/etc, /var, /usr/bin)",DC0039,File Creation
AN1386,macOS,macos:unifiedlog,Execution of chflags hidden or setfile -a V,DC0064,Command Execution
AN1386,macOS,macos:unifiedlog,Creation of LaunchAgents/LaunchDaemons in hidden or non-standard directories,DC0039,File Creation
AN1387,ESXi,esxi:shell,"mv, rename, or chmod commands moving VM files into hidden directories",DC0064,Command Execution
AN1387,ESXi,esxi:syslog,Datastore file hidden or renamed unexpectedly,DC0059,File Metadata
AN1388,Office Suite,m365:unified,Detection of hidden macro streams or SetHiddenAttribute actions,DC0038,Application Log Content
AN1389,Windows,WinEventLog:Sysmon,"EventCode=3, 22",DC0082,Network Connection Creation
AN1389,Windows,WinEventLog:Sysmon,EventCode=1,DC0032,Process Creation
AN1390,Linux,NSM:Flow,conn.log or flow data,DC0078,Network Traffic Flow
AN1390,Linux,NSM:Flow,"ssl.log (for TLS handshake analysis), dns.log (tunneling indicators)",DC0085,Network Traffic Content
AN1390,Linux,auditd:SYSCALL,execve,DC0032,Process Creation
AN1390,Linux,auditd:SYSCALL,connect,DC0082,Network Connection Creation
AN1391,macOS,macos:osquery,socket_events,DC0078,Network Traffic Flow
AN1391,macOS,macos:unifiedlog,log stream process subsystem,DC0032,Process Creation
AN1391,macOS,macos:unifiedlog,log stream network activity,DC0082,Network Connection Creation
AN1392,ESXi,NSM:Flow,host switch egress data,DC0085,Network Traffic Content
AN1392,ESXi,esxi:hostd,execution + payload hints,DC0064,Command Execution
AN1392,ESXi,esxi:vmkernel,egress log analysis,DC0078,Network Traffic Flow
AN1393,Windows,WinEventLog:Security,"EventCode=4663, 4670, 4656",DC0050,Windows Registry Key Access
AN1393,Windows,WinEventLog:Sysmon,EventCode=1,DC0032,Process Creation
AN1393,Windows,WinEventLog:Sysmon,EventCode=7,DC0016,Module Load
AN1394,Windows,WinEventLog:Security,EventCode=4688,DC0032,Process Creation
AN1395,Linux,auditd:SYSCALL,execve,DC0032,Process Creation
AN1395,Linux,linux:osquery,process_events.command_line,DC0064,Command Execution
AN1396,macOS,macos:endpointsecurity,ES_EVENT_TYPE_NOTIFY_EXEC,DC0032,Process Creation
AN1396,macOS,macos:unifiedlog,"process:spawn, process:exec",DC0064,Command Execution
AN1397,Windows,WinEventLog:Security,EventCode=4688,DC0032,Process Creation
AN1397,Windows,WinEventLog:Sysmon,"EventCode=3, 22",DC0082,Network Connection Creation
AN1397,Windows,WinEventLog:Sysmon,EventCode=11,DC0039,File Creation
AN1398,Windows,WinEventLog:Security,EventCode=4672,DC0088,Logon Session Metadata
AN1398,Windows,WinEventLog:Security,EventCode=4673,DC0013,User Account Metadata
AN1398,Windows,WinEventLog:Security,"EventCode=4624, 4648",DC0067,Logon Session Creation
AN1398,Windows,WinEventLog:Sysmon,EventCode=10,DC0035,Process Access
AN1398,Windows,WinEventLog:Sysmon,EventCode=8,DC0020,Process Modification
AN1398,Windows,WinEventLog:Sysmon,EventCode=7,DC0016,Module Load
AN1398,Windows,WinEventLog:Sysmon,"EventCode=3, 22",DC0082,Network Connection Creation
AN1399,Windows,WinEventLog:Sysmon,EventCode=10,DC0035,Process Access
AN1399,Windows,WinEventLog:Sysmon,EventCode=1,DC0032,Process Creation
AN1399,Windows,WinEventLog:Sysmon,EventCode=7,DC0016,Module Load
AN1399,Windows,etw:Microsoft-Windows-Kernel-Process,API calls,DC0021,OS API Execution
AN1400,Linux,auditd:SYSCALL,"ptrace, mmap, process_vm_writev",DC0021,OS API Execution
AN1400,Linux,auditd:SYSCALL,open,DC0055,File Access
AN1400,Linux,linux:procfs,"/proc/[pid]/maps, /proc/[pid]/mem",DC0020,Process Modification
AN1401,macOS,macos:endpointsecurity,"ES_EVENT_TYPE_NOTIFY_EXEC, ES_EVENT_TYPE_NOTIFY_MMAP",DC0034,Process Metadata
AN1401,macOS,macos:syslog,DYLD_INSERT_LIBRARIES anomalies,DC0016,Module Load
AN1401,macOS,macos:unifiedlog,"subsystem=com.apple.security, library=libsystem_kernel.dylib",DC0035,Process Access
AN1402,Windows,WinEventLog:Security,EventCode=4688,DC0032,Process Creation
AN1402,Windows,WinEventLog:Sysmon,EventCode=10,DC0035,Process Access
AN1402,Windows,WinEventLog:Sysmon,EventCode=2,DC0061,File Modification
AN1403,Linux,auditd:SYSCALL,open or read to browser cookie storage,DC0055,File Access
AN1403,Linux,auditd:SYSCALL,ptrace syscall or access to /proc/*/mem,DC0035,Process Access
AN1404,macOS,fs:fsusage,file open for known browser cookie paths,DC0055,File Access
AN1404,macOS,macos:unifiedlog,"vm_read, task_for_pid, or file open to cookie databases",DC0035,Process Access
AN1405,Office Suite,WinEventLog:Sysmon,EventCode=2,DC0061,File Modification
AN1405,Office Suite,m365:unified,RunMacro,DC0038,Application Log Content
AN1406,SaaS,saas:googleworkspace,login with reused session token and mismatched user agent or IP,DC0002,User Account Authentication
AN1406,SaaS,saas:okta,session.token.reuse,DC0067,Logon Session Creation
AN1407,Windows,WinEventLog:Sysmon,EventCode=11,DC0039,File Creation
AN1407,Windows,WinEventLog:Sysmon,EventCode=1,DC0032,Process Creation
AN1407,Windows,WinEventLog:Sysmon,"EventCode=3, 22",DC0082,Network Connection Creation
AN1408,Linux,NSM:Flow,Outbound HTTP/S,DC0085,Network Traffic Content
AN1408,Linux,auditd:SYSCALL,"open, write",DC0061,File Modification
AN1408,Linux,auditd:SYSCALL,execve,DC0032,Process Creation
AN1409,macOS,macos:endpointsecurity,ES_EVENT_TYPE_NOTIFY_EXEC,DC0032,Process Creation
AN1409,macOS,macos:unifiedlog,subsystem: com.apple.WebKit or com.apple.WebKit.Networking,DC0085,Network Traffic Content
AN1410,Windows,WinEventLog:Security,"EventCode=4663, 4670, 4656",DC0055,File Access
AN1410,Windows,WinEventLog:Sysmon,EventCode=1,DC0032,Process Creation
AN1410,Windows,WinEventLog:System,EventCode=2003,DC0042,Drive Creation
AN1411,Linux,auditd:SYSCALL,"open, read, mount",DC0055,File Access
AN1411,Linux,auditd:SYSCALL,execve,DC0032,Process Creation
AN1411,Linux,journald:systemd,udisks2 or udevd logs,DC0042,Drive Creation
AN1412,macOS,fs:fsusage,file reads/writes from /Volumes/,DC0055,File Access
AN1412,macOS,macos:osquery,process_events,DC0032,Process Creation
AN1412,macOS,macos:unifiedlog,"log stream --predicate 'eventMessage contains ""USBMSC""'",DC0042,Drive Creation
AN1413,Windows,NSM:Flow,ssl.log - Certificate Analysis,DC0085,Network Traffic Content
AN1413,Windows,WinEventLog:Security,"EventCode=4663, 4670, 4656",DC0055,File Access
AN1413,Windows,WinEventLog:Sysmon,"EventCode=3, 22",DC0082,Network Connection Creation
AN1413,Windows,WinEventLog:Sysmon,EventCode=1,DC0032,Process Creation
AN1414,Linux,NSM:Flow,"ssl.log, conn.log",DC0085,Network Traffic Content
AN1414,Linux,auditd:SYSCALL,execve,DC0032,Process Creation
AN1414,Linux,auditd:SYSCALL,connect,DC0082,Network Connection Creation
AN1414,Linux,auditd:SYSCALL,"open, read",DC0055,File Access
AN1415,macOS,NSM:Flow,"ssl.log, x509.log",DC0085,Network Traffic Content
AN1415,macOS,macos:osquery,socket_events,DC0078,Network Traffic Flow
AN1415,macOS,macos:osquery,process_events,DC0032,Process Creation
AN1415,macOS,macos:unifiedlog,log stream - file provider subsystem,DC0055,File Access
AN1416,ESXi,esxi:hostd,event stream,DC0064,Command Execution
AN1416,ESXi,esxi:vmkernel,egress logs,DC0078,Network Traffic Flow
AN1417,Windows,WinEventLog:Security,"EventCode=4663, 4670, 4656",DC0055,File Access
AN1417,Windows,WinEventLog:Sysmon,EventCode=1,DC0032,Process Creation
AN1417,Windows,WinEventLog:Sysmon,EventCode=10,DC0035,Process Access
AN1418,Linux,auditd:EXECVE,EXECVE,DC0032,Process Creation
AN1418,Linux,auditd:SYSCALL,file,DC0055,File Access
AN1418,Linux,linux:osquery,process_events,DC0035,Process Access
AN1419,Windows,WinEventLog:Security,EventCode=4672,DC0088,Logon Session Metadata
AN1419,Windows,WinEventLog:Sysmon,EventCode=6,DC0079,Driver Load
AN1419,Windows,WinEventLog:Sysmon,EventCode=1,DC0032,Process Creation
AN1420,Linux,auditd:SYSCALL,execve,DC0032,Process Creation
AN1420,Linux,auditd:SYSCALL,ACCESS,DC0035,Process Access
AN1420,Linux,auditd:SYSCALL,dmesg,DC0016,Module Load
AN1421,macOS,macos:endpointsecurity,ES_EVENT_TYPE_NOTIFY_KEXTLOAD,DC0016,Module Load
AN1421,macOS,macos:unifiedlog,process:exec and kext load events,DC0032,Process Creation
AN1422,Containers,auditd:SYSCALL,capset or setns,DC0067,Logon Session Creation
AN1422,Containers,containerd:runtime,"e.g., containerd, Docker events",DC0091,Container Enumeration
AN1423,Containers,kubernetes:audit,GET or LIST requests to /var/run/secrets/kubernetes.io/serviceaccount/ followed by access to the Kubernetes API server,DC0055,File Access
AN1424,IaaS,AWS:CloudTrail,GetInstanceIdentityDocument or IMDSv2 token requests,DC0083,Cloud Service Enumeration
AN1424,IaaS,AWS:CloudTrail,Use of temporary credentials issued from IMDS access,DC0069,Cloud Service Modification
AN1425,Identity Provider,azure:audit,App registrations or consent grants by abnormal users or at unusual times,DC0038,Application Log Content
AN1426,Office Suite,m365:unified,App-only or delegated access patterns where client_id != known enterprise apps,DC0025,Cloud Storage Access
AN1427,SaaS,saas:googleworkspace,Access via OAuth credentials with unusual scopes or from anomalous IPs,DC0002,User Account Authentication
AN1427,SaaS,saas:slack,OAuth token use by unknown app client_id accessing private channels or files,DC0038,Application Log Content
AN1428,Windows,WinEventLog:Sysmon,EventCode=1,DC0032,Process Creation
AN1429,Linux,auditd:SYSCALL,execve,DC0032,Process Creation
AN1430,macOS,macos:unifiedlog,"log stream --info --predicate 'eventMessage CONTAINS ""exec""'",DC0032,Process Creation
AN1431,ESXi,esxi:vobd,shell session start,DC0064,Command Execution
AN1432,Network Devices,networkdevice:cli,shell command,DC0064,Command Execution
AN1432,Network Devices,networkdevice:syslog,authentication & authorization,DC0002,User Account Authentication
AN1433,Windows,WinEventLog:Security,EventCode=4688,DC0032,Process Creation
AN1433,Windows,WinEventLog:Sysmon,EventCode=11,DC0039,File Creation
AN1433,Windows,WinEventLog:Sysmon,EventCode=7,DC0016,Module Load
AN1434,Windows,WinEventLog:Sysmon,"EventCode=3, 22",DC0082,Network Connection Creation
AN1434,Windows,WinEventLog:Sysmon,EventCode=1,DC0032,Process Creation
AN1435,Linux,NSM:Flow,High volume flows with incomplete TCP sessions or single-packet bursts,DC0078,Network Traffic Flow
AN1435,Linux,auditd:SYSCALL,Execution of network stress tools or anomalies in socket/syscall behavior,DC0032,Process Creation
AN1436,Windows,WinEventLog:Microsoft-Office-Alerts,Office application warning or alert on macro execution from template,DC0064,Command Execution
AN1436,Windows,WinEventLog:Sysmon,EventCode=11,DC0039,File Creation
AN1436,Windows,WinEventLog:Sysmon,EventCode=15,DC0059,File Metadata
AN1436,Windows,WinEventLog:Sysmon,EventCode=1,DC0032,Process Creation
AN1436,Windows,WinEventLog:Sysmon,"EventCode=13, 14",DC0063,Windows Registry Key Modification
AN1437,Office Suite,m365:unified,"Set-Mailbox, Set-MailboxPolicy, Set-TrustedLocation",DC0064,Command Execution
AN1438,Linux,auditd:SYSCALL,execve,DC0032,Process Creation
AN1438,Linux,auditd:SYSCALL,PATH,DC0040,File Deletion
AN1439,macOS,fs:fsusage,"truncate, unlink, write",DC0061,File Modification
AN1439,macOS,macos:unifiedlog,process,DC0032,Process Creation
AN1440,Windows,WinEventLog:PowerShell,"EventCode=4103, 4104, 4105, 4106",DC0064,Command Execution
AN1440,Windows,WinEventLog:Sysmon,EventCode=1,DC0032,Process Creation
AN1441,Linux,auditd:SYSCALL,execve,DC0032,Process Creation
AN1441,Linux,linux:cli,Terminal Command History,DC0064,Command Execution
AN1442,macOS,macos:osquery,process_events,DC0032,Process Creation
AN1442,macOS,macos:unifiedlog,subsystem=com.apple.Security or com.apple.applescript,DC0029,Script Execution
AN1443,Windows,WinEventLog:Security,"EventCode=4672, 4634",DC0088,Logon Session Metadata
AN1443,Windows,WinEventLog:Sysmon,EventCode=10,DC0035,Process Access
AN1444,Linux,auditd:SYSCALL,Access to /var/lib/sss/secrets/secrets.ldb or .secrets.mkey,DC0055,File Access
AN1444,Linux,linux:syslog,Unusual kinit or klist activity,DC0084,Active Directory Credential Request
AN1445,macOS,macos:unifiedlog,Unusual Kerberos TGS-REQ without TGT or anomalous ticket lifetime,DC0088,Logon Session Metadata
AN1446,Windows,WinEventLog:Security,EventCode=4688,DC0032,Process Creation
AN1446,Windows,WinEventLog:Security,EventCode=4657,DC0063,Windows Registry Key Modification
AN1447,macOS,macos:unifiedlog,csrutil disable,DC0064,Command Execution
AN1447,macOS,macos:unifiedlog,g_CiOptions modification or SIP state change,DC0063,Windows Registry Key Modification
AN1447,macOS,macos:unifiedlog,Unsigned binary execution following SIP change,DC0032,Process Creation
AN1448,Windows,WinEventLog:Microsoft-Windows-Windows Firewall With Advanced Security/Firewall,"EventCode=2004, 2005, 2006",DC0078,Network Traffic Flow
AN1448,Windows,WinEventLog:PowerShell,"EventCode=4103, 4104, 4105, 4106",DC0064,Command Execution
AN1448,Windows,WinEventLog:Sysmon,EventCode=1,DC0032,Process Creation
AN1448,Windows,WinEventLog:Sysmon,"EventCode=3, 22",DC0082,Network Connection Creation
AN1449,Linux,NSM:Flow,Knock pattern: multiple REJ/S0 to distinct closed ports then successful connection to service_port,DC0078,Network Traffic Flow
AN1449,Linux,NSM:Flow,"Packets with unusual flags or payloads outside established flows (e.g., WoL magic FF×6 + 16×MAC)",DC0085,Network Traffic Content
AN1449,Linux,auditd:SYSCALL,"execve: Commands altering firewall or enabling listeners (iptables, nft, ufw, firewall-cmd, systemctl start *ssh*/*telnet*, ip route add, tcpdump, tshark)",DC0032,Process Creation
AN1449,Linux,auditd:SYSCALL,socket/bind: Process binds to a new local port shortly after knock,DC0082,Network Connection Creation
AN1450,macOS,NSM:Flow,Closed-port hits followed by success from same src_ip,DC0082,Network Connection Creation
AN1450,macOS,macos:unifiedlog,"exec: Execution of /sbin/pfctl, /usr/libexec/ApplicationFirewall/socketfilterfw, ifconfig, tcpdump, npcap/libpcap consumers",DC0032,Process Creation
AN1450,macOS,macos:unifiedlog,Firewall rule enable/disable or listen socket changes,DC0078,Network Traffic Flow
AN1451,Network Devices,NSM:Flow,"Port-knock pattern from one src to device unicast,broadcast,network addresses on same port within TimeWindowKnock",DC0082,Network Connection Creation
AN1451,Network Devices,networkdevice:syslog,"Config/ACL/line vty changes, service enable (telnet/ssh/http(s)), module reloads",DC0078,Network Traffic Flow
AN1452,Windows,WinEventLog:PowerShell,"EventCode=4103, 4104, 4105, 4106",DC0064,Command Execution
AN1452,Windows,WinEventLog:Security,EventCode=4688,DC0032,Process Creation
AN1453,Linux,auditd:SYSCALL,execve,DC0032,Process Creation
AN1454,macOS,macos:unifiedlog,log show --predicate 'process == <utility>',DC0064,Command Execution
AN1455,ESXi,esxi:vmkernel,/var/log/vmkernel.log,DC0064,Command Execution
AN1456,IaaS,AWS:CloudTrail,"DescribeInstances, GetConsoleOutput, DescribeImages",DC0075,Instance Enumeration
AN1457,Network Devices,networkdevice:syslog,Privilege-level command execution,DC0064,Command Execution
AN1458,Windows,WinEventLog:Security,EventCode=4688,DC0032,Process Creation
AN1458,Windows,WinEventLog:Sysmon,EventCode=11,DC0039,File Creation
AN1458,Windows,WinEventLog:Sysmon,EventCode=7,DC0016,Module Load
AN1459,Linux,auditd:FILE,"create: Creation of files ending in .tar, .gz, .bz2, .zip in /tmp or /var/tmp",DC0039,File Creation
AN1459,Linux,auditd:SYSCALL,"execve: Execution of tar, gzip, bzip2, or openssl with output redirection",DC0064,Command Execution
AN1460,macOS,macos:unifiedlog,"Execution of zip, ditto, hdiutil, or openssl by non-terminal parent processes",DC0032,Process Creation
AN1460,macOS,macos:unifiedlog,Creation of .zip or .dmg files in user-accessible or temporary directories,DC0039,File Creation
AN1461,Windows,WinEventLog:PowerShell,"EventCode=4103, 4104, 4105, 4106",DC0064,Command Execution
AN1461,Windows,WinEventLog:Sysmon,EventCode=1,DC0032,Process Creation
AN1461,Windows,WinEventLog:Windows Defender,Operational,DC0059,File Metadata
AN1462,macOS,fs:quarantine,/var/log/quarantine.log,DC0055,File Access
AN1462,macOS,macos:endpointsecurity,ES_EVENT_TYPE_NOTIFY_EXEC,DC0032,Process Creation
AN1462,macOS,macos:unifiedlog,subsystem=com.apple.lsd,DC0059,File Metadata
AN1463,Linux,auditd:SYSCALL,execve,DC0032,Process Creation
AN1463,Linux,desktop:file_manager,"nautilus, dolphin, or gvfs logs",DC0055,File Access
AN1463,Linux,linux:osquery,event-based,DC0059,File Metadata
AN1464,Windows,WinEventLog:PowerShell,"EventCode=4103, 4104, 4105, 4106",DC0064,Command Execution
AN1464,Windows,WinEventLog:Sysmon,EventCode=1,DC0032,Process Creation
AN1464,Windows,WinEventLog:Sysmon,"EventCode=3, 22",DC0082,Network Connection Creation
AN1464,Windows,WinEventLog:Sysmon,EventCode=7,DC0016,Module Load
AN1465,Windows,WinEventLog:Sysmon,EventCode=7,DC0016,Module Load
AN1465,Windows,WinEventLog:Sysmon,EventCode=10,DC0035,Process Access
AN1465,Windows,WinEventLog:Sysmon,EventCode=1,DC0032,Process Creation
AN1466,Linux,auditd:SYSCALL,"execve, fork, mmap, ptrace",DC0035,Process Access
AN1466,Linux,auditd:SYSCALL,module load or memory map path,DC0016,Module Load
AN1467,macOS,macos:endpointsecurity,ES_EVENT_TYPE_NOTIFY_EXEC,DC0032,Process Creation
AN1467,macOS,macos:unifiedlog,launch and dylib load,DC0016,Module Load
AN1468,Windows,WinEventLog:Security,"EventCode=4624, 4648",DC0067,Logon Session Creation
AN1468,Windows,WinEventLog:Sysmon,"EventCode=3, 22",DC0082,Network Connection Creation
AN1468,Windows,WinEventLog:Sysmon,EventCode=1,DC0032,Process Creation
AN1469,Identity Provider,azure:audit,"Add service principal credentials, app password added, app role assignment",DC0010,User Account Modification
AN1470,IaaS,AWS:CloudTrail,"CreateAccessKey, ImportKeyPair, CreateLoginProfile, CreateKeyPair",DC0087,Active Directory Object Creation
AN1470,IaaS,gcp:audit,"iam.serviceAccounts.keys.create, os-login.sshPublicKeys.add",DC0010,User Account Modification
AN1471,SaaS,gcp:audit,"API Key Created, OAuth Client Registered",DC0010,User Account Modification
AN1471,SaaS,m365:unified,"Set-Mailbox, Set-AppPassword, Add-MailboxPermission",DC0066,Active Directory Object Modification
AN1472,Windows,WinEventLog:Security,EventCode=1102,DC0038,Application Log Content
AN1472,Windows,WinEventLog:Sysmon,EventCode=1,DC0032,Process Creation
AN1472,Windows,WinEventLog:Sysmon,EventCode=23,DC0040,File Deletion
AN1473,SaaS,saas:PRMetadata,Commit message or branch name contains encoded strings or payload indicators,DC0064,Command Execution
AN1473,SaaS,saas:RepoEvents,"New file added or modified in PR targeting CI/CD or build config (e.g., `gitlab-ci.yml`, `build.gradle`, `pom.xml`, `.github/workflows/*.yml`)",DC0059,File Metadata
AN1473,SaaS,saas:github,Workflow triggered via pull_request_target from forked repo,DC0069,Cloud Service Modification
AN1473,SaaS,saas:github,CI/CD secret accessed or exported,DC0070,Cloud Service Metadata
AN1473,SaaS,saas:github,Artifact generated includes base64/encoded exfil payload or URL,DC0025,Cloud Storage Access
AN1474,macOS,macos:unifiedlog,"Execution of binaries with TCC protected access under unexpected parent processes such as Finder.app, SystemUIServer, or nsurlsessiond",DC0032,Process Creation
AN1474,macOS,macos:unifiedlog,Modification or replacement of /Library/Application Support/com.apple.TCC/TCC.db or ~/Library/Application Support/com.apple.TCC/TCC.db,DC0061,File Modification
AN1474,macOS,macos:unifiedlog,Execution of launchctl with setenv or bootout targeting TCC.db or AppleScript under Finder context,DC0064,Command Execution
AN1474,macOS,macos:unifiedlog,System Integrity Protection (SIP) state reported as disabled,DC0018,Host Status
AN1475,ESXi,esxi:esxupdate,/var/log/esxupdate.log contains VIB installed with `--force` or `--no-sig-check` and non-standard acceptance levels,DC0038,Application Log Content
AN1475,ESXi,esxi:shell,`esxcli software vib install` with `--force` or `--no-sig-check` from shell history or `shell.log`,DC0064,Command Execution
AN1475,ESXi,linux:fim,"Changes to /etc/rc.local.d/local.sh or creation of unexpected startup files in persistent partitions (/etc/init.d, /store, /locker)",DC0061,File Modification
AN1476,Windows,WinEventLog:Microsoft-Windows-WLAN-AutoConfig,"EventCode=8001, 8002, 8003",DC0082,Network Connection Creation
AN1476,Windows,WinEventLog:Security,"EventCode=4776, 4625",DC0002,User Account Authentication
AN1477,Linux,auditd:SYSCALL,"ioctl: Changes to wireless network interfaces (up, down, reassociate)",DC0078,Network Traffic Flow
AN1477,Linux,linux:syslog,New Wi-Fi connection established or repeated association failures,DC0082,Network Connection Creation
AN1478,macOS,macos:osquery,query: Historical list of associated SSIDs compared against baseline,DC0078,Network Traffic Flow
AN1478,macOS,macos:unifiedlog,Association and authentication events including failures and new SSIDs,DC0082,Network Connection Creation
AN1479,Network Devices,NSM:Firewall,rule_modification: New or modified firewall rules related to wireless interfaces,DC0051,Firewall Rule Modification
AN1479,Network Devices,WIDS:AssociationLogs,Unauthorized AP or anomalous MAC address connection attempts,DC0085,Network Traffic Content
AN1480,Windows,NSM:Flow,First-time egress from host after new install to unknown update endpoints,DC0078,Network Traffic Flow
AN1480,Windows,WinEventLog:Microsoft-Windows-CodeIntegrity/Operational,CodeIntegrity reports 'Invalid image hash' or 'Unsigned image' for new/updated binaries,DC0059,File Metadata
AN1480,Windows,WinEventLog:Sysmon,EventCode=1,DC0032,Process Creation
AN1480,Windows,WinEventLog:Sysmon,EventCode=7,DC0016,Module Load
AN1480,Windows,WinEventLog:Sysmon,EventCode=11,DC0039,File Creation
AN1481,Linux,NSM:Flow,First-time egress to unknown registries/mirrors immediately after install,DC0078,Network Traffic Flow
AN1481,Linux,auditd:SYSCALL,"execve, unlink",DC0032,Process Creation
AN1481,Linux,auditd:SYSCALL,"open, rename",DC0020,Process Modification
AN1481,Linux,journald:package,"dpkg/apt install, remove, upgrade events",DC0059,File Metadata
AN1482,macOS,NSM:Flow,New egress from app just installed to unknown update endpoints,DC0078,Network Traffic Flow
AN1482,macOS,macos:endpointsecurity,"write, rename",DC0061,File Modification
AN1482,macOS,macos:osquery,"launchd, processes",DC0032,Process Creation
AN1482,macOS,macos:unifiedlog,installer or system_installd 'PackageKit: install succeeded/failed' with non-notarized or unknown signer,DC0059,File Metadata
AN1483,Windows,WinEventLog:Sysmon,"EventCode=3, 22",DC0082,Network Connection Creation
AN1483,Windows,WinEventLog:Sysmon,EventCode=1,DC0032,Process Creation
AN1484,Linux,auditd:SYSCALL,socket/connect calls showing SSH processes forwarding arbitrary ports,DC0082,Network Connection Creation
AN1484,Linux,linux:osquery,"socat, ssh, or nc processes opening unexpected ports",DC0032,Process Creation
AN1484,Linux,linux:syslog,sshd sessions with unusual port forwarding parameters,DC0038,Application Log Content
AN1485,macOS,macos:unifiedlog,process execution of ssh with -L/-R forwarding flags,DC0032,Process Creation
AN1485,macOS,macos:unifiedlog,encrypted outbound traffic carrying unexpected application data,DC0085,Network Traffic Content
AN1486,ESXi,esxcli:network,listening sockets bound with non-standard encapsulated protocols,DC0085,Network Traffic Content
AN1486,ESXi,esxi:vpxd,ESXi processes relaying traffic via SSH or unexpected ports,DC0078,Network Traffic Flow
AN1487,Office Suite,azure:audit,Consent to application: OAuth application consent granted to service principal,DC0069,Cloud Service Modification
AN1487,Office Suite,m365:unified,Add app role assignment grant to user: Consent to application by privileged or unexpected accounts,DC0066,Active Directory Object Modification
AN1488,SaaS,saas:audit,Application added or consent granted: Integration persisting after original user disabled,DC0038,Application Log Content
AN1488,SaaS,saas:integration,New or modified third-party application integrations with elevated permissions,DC0069,Cloud Service Modification
AN1489,Windows,WinEventLog:Security,EventCode=4698,DC0001,Scheduled Job Creation
AN1489,Windows,WinEventLog:Sysmon,EventCode=1,DC0032,Process Creation
AN1489,Windows,WinEventLog:Sysmon,"EventCode=3, 22",DC0082,Network Connection Creation
AN1490,Linux,NSM:Flow,"Outbound connection to mining pool port (3333, 4444, 5555)",DC0078,Network Traffic Flow
AN1490,Linux,auditd:SYSCALL,execve,DC0032,Process Creation
AN1490,Linux,linux:cron,Scheduled execution of unknown or unusual script/binary,DC0001,Scheduled Job Creation
AN1491,macOS,macos:unifiedlog,launchd or cron spawning mining binaries,DC0032,Process Creation
AN1491,macOS,macos:unifiedlog,Persistent outbound connections with consistent periodicity,DC0085,Network Traffic Content
AN1492,Containers,NSM:Flow,Outbound traffic to mining pool upon container launch,DC0078,Network Traffic Flow
AN1492,Containers,auditd:SYSCALL,execve,DC0032,Process Creation
AN1492,Containers,containerd:events,create,DC0072,Container Creation
AN1493,IaaS,AWS:CloudTrail,RunInstances,DC0080,Instance Start
AN1493,IaaS,AWS:CloudWatch,Unusual CPU burst or metric anomalies,DC0018,Host Status
AN1494,Linux,auditd:SYSCALL,open/write to /proc/*/mem or /proc/*/maps,DC0061,File Modification
AN1494,Linux,auditd:SYSCALL,execve of dd or sed targeting /proc/*/mem,DC0021,OS API Execution
AN1494,Linux,linux:osquery,/proc/*/maps access,DC0055,File Access
AN1495,Windows,WinEventLog:Security,EventCode=4657,DC0063,Windows Registry Key Modification
AN1495,Windows,WinEventLog:Sysmon,EventCode=7,DC0016,Module Load
AN1495,Windows,WinEventLog:Sysmon,EventCode=1,DC0032,Process Creation
AN1496,Windows,WinEventLog:Sysmon,EventCode=7,DC0016,Module Load
AN1496,Windows,WinEventLog:Sysmon,"EventCode=3, 22",DC0082,Network Connection Creation
AN1497,Linux,auditd:SYSCALL,execve or socket/connect system calls for processes using RSA handshake,DC0032,Process Creation
AN1497,Linux,linux:osquery,Processes linked with libssl/libcrypto performing network activity,DC0016,Module Load
AN1497,Linux,linux:syslog,Non-standard processes negotiating SSL/TLS key exchanges,DC0038,Application Log Content
AN1498,macOS,macos:unifiedlog,Process invoking SecKeyCreateRandomKey or asymmetric crypto APIs,DC0032,Process Creation
AN1498,macOS,macos:unifiedlog,TLS connections with abnormal handshake sequence or self-signed cert,DC0085,Network Traffic Content
AN1499,ESXi,esxcli:network,Socket inspection showing RSA key exchange outside baseline endpoints,DC0085,Network Traffic Content
AN1499,ESXi,esxi:vpxd,ESXi process initiating asymmetric handshake with external host,DC0038,Application Log Content
AN1500,Network Devices,IDS:TLSInspection,"Malformed certs, incomplete asymmetric handshakes, or invalid CAs",DC0085,Network Traffic Content
AN1500,Network Devices,NSM:Flow,Flow records with RSA key exchange on unexpected port,DC0078,Network Traffic Flow
AN1501,Windows,WinEventLog:Sysmon,EventCode=1,DC0032,Process Creation
AN1501,Windows,WinEventLog:Sysmon,EventCode=10,DC0035,Process Access
AN1501,Windows,WinEventLog:Sysmon,EventCode=11,DC0039,File Creation
AN1501,Windows,etw:Microsoft-Windows-Kernel-Process,"CreateTransaction, CreateFileTransacted, RollbackTransaction, NtCreateProcessEx, NtCreateThreadEx",DC0021,OS API Execution
AN1502,IaaS,AWS:CloudTrail,"SendCommand, StartSession, ExecuteCommand: Unexpected AWS Systems Manager command execution targeting EC2 instances",DC0064,Command Execution
AN1502,IaaS,azure:activity,Microsoft.Compute/virtualMachines/runCommand/action: Abnormal initiation of Azure RunCommand jobs or PowerShell/Bash payloads,DC0029,Script Execution
AN1502,IaaS,azure:vmguest,"Unexpected execution of cloud agent processes (e.g., WindowsAzureGuestAgent.exe, ssm-agent) followed by arbitrary script or binary execution",DC0032,Process Creation
AN1503,Identity Provider,azure:signinlogs,Sign-in activity,DC0002,User Account Authentication
AN1503,Identity Provider,saas:okta,user.authentication.sso,DC0088,Logon Session Metadata
AN1504,IaaS,AWS:CloudTrail,"ConsoleLogin, AssumeRole, ListAccessKeys, CreateUser",DC0002,User Account Authentication
AN1504,IaaS,gcp:audit,admin.googleapis.com,DC0067,Logon Session Creation
AN1505,SaaS,gcp:audit,drive.activity,DC0002,User Account Authentication
AN1505,SaaS,m365:unified,"FileAccessed, SharingSet",DC0088,Logon Session Metadata
AN1506,Office Suite,gcp:audit,login.event,DC0002,User Account Authentication
AN1506,Office Suite,m365:signinlogs,UserLogin,DC0088,Logon Session Metadata
AN1507,Windows,WinEventLog:Application,Unusual DLL/plugin registration for IIS/SQL/Apache or unexpected error logs,DC0038,Application Log Content
AN1507,Windows,WinEventLog:Security,EventCode=4698,DC0001,Scheduled Job Creation
AN1507,Windows,WinEventLog:Sysmon,EventCode=1,DC0032,Process Creation
AN1508,Linux,NSM:Flow,"Outbound connections from web server binaries (apache2, nginx, php-fpm) to unknown external IPs",DC0078,Network Traffic Flow
AN1508,Linux,auditd:SYSCALL,execve,DC0032,Process Creation
AN1508,Linux,linux:syslog,Module registration or stacktrace logs indicating segmentation faults or unknown module errors,DC0038,Application Log Content
AN1509,macOS,macos:unifiedlog,Script interpreter invoked by nginx/apache worker process,DC0032,Process Creation
AN1509,macOS,macos:unifiedlog,Web server process initiating outbound TCP connections not tied to normal server traffic,DC0085,Network Traffic Content
AN1510,ESXi,esxi:hostd,New extension/module install with unknown vendor ID,DC0038,Application Log Content
AN1510,ESXi,esxi:vmkernel,Unexpected restarts of management agents or shell access,DC0064,Command Execution
AN1511,Windows,WinEventLog:Security,EventCode=4688,DC0032,Process Creation
AN1511,Windows,WinEventLog:Sysmon,"EventCode=3, 22",DC0082,Network Connection Creation
AN1511,Windows,WinEventLog:Sysmon,EventCode=11,DC0039,File Creation
AN1512,Linux,NSM:Flow,sustained outbound HTTPS sessions with high data volume,DC0078,Network Traffic Flow
AN1512,Linux,auditd:EXECVE,curl or wget with POST/PUT options,DC0064,Command Execution
AN1512,Linux,auditd:SYSCALL,"open/read of sensitive directories (/etc, /home/*)",DC0055,File Access
AN1513,macOS,macos:unifiedlog,execution of Office binaries with network activity,DC0032,Process Creation
AN1513,macOS,macos:unifiedlog,read/write of user documents prior to upload,DC0055,File Access
AN1513,macOS,macos:unifiedlog,outbound TLS connections to cloud storage providers,DC0085,Network Traffic Content
AN1514,SaaS,m365:unified,FileUploaded or FileCopied events,DC0038,Application Log Content
AN1514,SaaS,saas:box,API calls exceeding baseline thresholds,DC0085,Network Traffic Content
AN1515,ESXi,esxi:hostd,file copy or datastore upload via HTTPS,DC0055,File Access
AN1515,ESXi,esxi:vmkernel,network session initiation with external HTTPS services,DC0082,Network Connection Creation
AN1516,Windows,WinEventLog:Security,EventCode=5145,DC0102,Network Share Access
AN1516,Windows,WinEventLog:Sysmon,EventCode=11,DC0039,File Creation
AN1516,Windows,WinEventLog:Sysmon,EventCode=1,DC0032,Process Creation
AN1517,Linux,auditd:EXECVE,execve,DC0032,Process Creation
AN1517,Linux,auditd:SYSCALL,openat,DC0055,File Access
AN1518,macOS,macos:unifiedlog,"open/read access to private key files (id_rsa, *.pem, *.p12)",DC0055,File Access
AN1518,macOS,macos:unifiedlog,launch of bash/zsh/python/osascript targeting key file locations,DC0032,Process Creation
AN1519,Network Devices,networkdevice:syslog,Detected CLI command to export key material,DC0064,Command Execution
AN1520,SaaS,m365:signinlogs,UserLoggedIn,DC0067,Logon Session Creation
AN1520,SaaS,saas:salesforce,"DataExport, RestAPI, Login, ReportExport",DC0038,Application Log Content
AN1521,Windows,WinEventLog:Security,EventCode=4625,DC0002,User Account Authentication
AN1522,Linux,linux:syslog,sshd[pid]: Failed password,DC0002,User Account Authentication
AN1523,macOS,macos:unifiedlog,authd,DC0002,User Account Authentication
AN1524,Identity Provider,azure:signinlogs,Sign-in logs,DC0002,User Account Authentication
AN1525,Network Devices,networkdevice:syslog,login failed,DC0002,User Account Authentication
AN1526,SaaS,GCPAuditLogs:login.googleapis.com,Failed sign-in events,DC0002,User Account Authentication
AN1527,Windows,WinEventLog:Security,EventCode=4697,DC0060,Service Creation
AN1527,Windows,WinEventLog:Sysmon,EventCode=1,DC0032,Process Creation
AN1527,Windows,WinEventLog:Sysmon,"EventCode=13, 14",DC0063,Windows Registry Key Modification
AN1527,Windows,WinEventLog:Sysmon,EventCode=6,DC0079,Driver Load
AN1528,Windows,WinEventLog:Security,EventCode=4688,DC0032,Process Creation
AN1528,Windows,WinEventLog:Security,"EventCode=4663, 4670, 4656",DC0055,File Access
AN1528,Windows,WinEventLog:Sysmon,EventCode=11,DC0039,File Creation
AN1529,Linux,auditd:SYSCALL,open,DC0055,File Access
AN1529,Linux,auditd:SYSCALL,execve,DC0032,Process Creation
AN1529,Linux,linux:osquery,file_events,DC0039,File Creation
AN1530,macOS,fs:fsusage,file write,DC0039,File Creation
AN1530,macOS,macos:unifiedlog,process:spawn,DC0032,Process Creation
AN1531,Windows,WinEventLog:Sysmon,EventCode=11,DC0039,File Creation
AN1531,Windows,WinEventLog:Sysmon,EventCode=1,DC0032,Process Creation
AN1531,Windows,WinEventLog:System,EventCode=8001,DC0082,Network Connection Creation
AN1532,Linux,auditd:SYSCALL,None,DC0064,Command Execution
AN1532,Linux,linux:osquery,None,DC0055,File Access
AN1532,Linux,linux:syslog,None,DC0082,Network Connection Creation
AN1533,macOS,macos:osquery,None,DC0082,Network Connection Creation
AN1533,macOS,macos:osquery,None,DC0055,File Access
AN1533,macOS,macos:unifiedlog,None,DC0064,Command Execution
AN1534,macOS,macos:unifiedlog,file create or modify in /etc/emond.d/rules or /private/var/db/emondClients,DC0039,File Creation
AN1534,macOS,macos:unifiedlog,execution of /sbin/emond with child processes launched,DC0032,Process Creation
AN1534,macOS,macos:unifiedlog,rule definitions written to emond rule plists,DC0061,File Modification
AN1534,macOS,macos:unifiedlog,"command execution triggered by emond (e.g., shell, curl, python)",DC0064,Command Execution
AN1535,Windows,EDR:AMSI,Malicious inline C#/script blobs embedded in MSBuild projects if intercepted by AMSI-aware loaders (rare but possible via chained LOLBins),DC0029,Script Execution
AN1535,Windows,WinEventLog:Microsoft-Windows-CodeIntegrity/Operational,Unsigned/invalid signature modules or images loaded by msbuild.exe or its children,DC0034,Process Metadata
AN1535,Windows,WinEventLog:Security,EventCode=4688,DC0032,Process Creation
AN1535,Windows,WinEventLog:Sysmon,EventCode=7,DC0016,Module Load
AN1535,Windows,WinEventLog:Sysmon,EventCode=11,DC0039,File Creation
AN1535,Windows,WinEventLog:Sysmon,"EventCode=3, 22",DC0082,Network Connection Creation
AN1535,Windows,WinEventLog:Sysmon,EventCode=8,DC0020,Process Modification
AN1535,Windows,WinEventLog:Sysmon,EventCode=10,DC0035,Process Access
AN1536,Windows,WinEventLog:Sysmon,EventCode=1,DC0032,Process Creation
AN1536,Windows,WinEventLog:Sysmon,EventCode=7,DC0016,Module Load
AN1536,Windows,WinEventLog:Sysmon,"EventCode=13, 14",DC0063,Windows Registry Key Modification
AN1537,ESXi,esxi:auth,SSH session/login,DC0002,User Account Authentication
AN1537,ESXi,esxi:vmkernel,"esxcli, vim-cmd invocation",DC0064,Command Execution
AN1538,Windows,WinEventLog:Security,EventCode=1074,DC0018,Host Status
AN1538,Windows,WinEventLog:Sysmon,EventCode=1,DC0032,Process Creation
AN1539,Linux,auditd:SYSCALL,execve=/sbin/shutdown or /sbin/reboot,DC0064,Command Execution
AN1539,Linux,linux:syslog,system is powering down,DC0018,Host Status
AN1540,macOS,macos:unifiedlog,shutdown -h now or reboot,DC0032,Process Creation
AN1540,macOS,macos:unifiedlog,System shutdown or reboot requested,DC0018,Host Status
AN1541,ESXi,esxi:hostd,Powering off or restarting host,DC0018,Host Status
AN1541,ESXi,esxi:shell,esxcli system shutdown or reboot invoked,DC0064,Command Execution
AN1542,Network Devices,networkdevice:syslog,reload command issued,DC0064,Command Execution
AN1542,Network Devices,networkdevice:syslog,System reboot scheduled or performed,DC0018,Host Status
AN1543,Windows,WinEventLog:Security,EventCode=4624,DC0067,Logon Session Creation
AN1543,Windows,WinEventLog:Security,"EventCode=4776, 4625",DC0002,User Account Authentication
AN1543,Windows,WinEventLog:Sysmon,EventCode=1,DC0032,Process Creation
AN1544,Linux,NSM:Connections,sshd or PAM logins,DC0002,User Account Authentication
AN1544,Linux,auditd:SYSCALL,execve,DC0032,Process Creation
AN1545,macOS,macos:unifiedlog,"loginwindow, sshd",DC0088,Logon Session Metadata
AN1545,macOS,macos:unifiedlog,exec logs,DC0032,Process Creation
AN1546,Identity Provider,saas:okta,Sign-in logs / audit events,DC0002,User Account Authentication
AN1547,Containers,kubernetes:audit,authentication.k8s.io,DC0002,User Account Authentication
AN1548,Windows,WinEventLog:Security,EventCode=4688,DC0032,Process Creation
AN1548,Windows,WinEventLog:Sysmon,"EventCode=3, 22",DC0082,Network Connection Creation
AN1548,Windows,WinEventLog:Sysmon,EventCode=11,DC0039,File Creation
AN1549,Linux,NSM:Flow,Connections from IDE hosts to marketplace/tunnel domains,DC0078,Network Traffic Flow
AN1549,Linux,auditd:SYSCALL,execve,DC0032,Process Creation
AN1549,Linux,auditd:SYSCALL,"open,creat,rename,write",DC0039,File Creation
AN1550,macOS,macos:unifiedlog,"Execution of Code.app, idea, JetBrainsToolbox, eclipse with install/extension flags",DC0032,Process Creation
AN1550,macOS,macos:unifiedlog,Writes under ~/Library/Application Support/Code*/extensions or JetBrains plugins,DC0039,File Creation
AN1550,macOS,macos:unifiedlog,Outbound connections from IDE processes to marketplace/tunnel domains,DC0078,Network Traffic Flow
AN1551,Windows,WinEventLog:PowerShell,"EventCode=4103, 4104, 4105, 4106",DC0064,Command Execution
AN1551,Windows,WinEventLog:Security,EventCode=4688,DC0032,Process Creation
AN1551,Windows,WinEventLog:Security,EventCode=4648,DC0002,User Account Authentication
AN1551,Windows,WinEventLog:Security,"EventCode=4624, 4648",DC0067,Logon Session Creation
AN1551,Windows,WinEventLog:Sysmon,"EventCode=3, 22",DC0082,Network Connection Creation
AN1551,Windows,WinEventLog:Sysmon,EventCode=7,DC0016,Module Load
AN1551,Windows,WinEventLog:Sysmon,EventCode=8,DC0020,Process Modification
AN1551,Windows,WinEventLog:Sysmon,EventCode=11,DC0039,File Creation
AN1551,Windows,WinEventLog:Sysmon,"EventCode=13, 14",DC0063,Windows Registry Key Modification
AN1551,Windows,WinEventLog:WMI,"EventCode=5857, 5858, 5860, 5861",DC0008,WMI Creation
AN1552,Linux,auditd:PROCTITLE,"command-line execution patterns for system discovery utilities (uname, hostname, ifconfig, netstat, lsof, ps, mount)",DC0064,Command Execution
AN1552,Linux,auditd:SYSCALL,execve,DC0032,Process Creation
AN1552,Linux,auditd:SYSCALL,open,DC0055,File Access
AN1552,Linux,auditd:SYSCALL,"openat,connect -k discovery",DC0082,Network Connection Creation
AN1552,Linux,linux:syslog,authentication and authorization events during environmental validation phase,DC0002,User Account Authentication
AN1553,macOS,fs:fileevents,"File system access events with kFSEventStreamEventFlagItemRemoved, kFSEventStreamEventFlagItemRenamed flags for environmental artifact collection (/System/Library, /usr/sbin, plist files)",DC0055,File Access
AN1553,macOS,macos:unifiedlog,"process execution events for system discovery utilities (system_profiler, sysctl, networksetup, ioreg) with parameter analysis",DC0032,Process Creation
AN1554,ESXi,esxi:hostd,host daemon events related to VM operations and configuration queries during reconnaissance,DC0032,Process Creation
AN1554,ESXi,esxi:shell,"shell command execution for system discovery (vim-cmd, esxcli, vmware-cmd) targeting VM inventory and host configuration",DC0064,Command Execution
AN1555,Linux,auditd:SYSCALL,execve calls modifying HISTFILE or HISTCONTROL via unset/export,DC0064,Command Execution
AN1555,Linux,linux:osquery,processes modifying environment variables related to history logging,DC0032,Process Creation
AN1556,macOS,macos:unifiedlog,Set or unset HIST* variables in shell environment,DC0064,Command Execution
AN1557,Windows,WinEventLog:PowerShell,"EventCode=4103, 4104, 4105, 4106",DC0064,Command Execution
AN1557,Windows,WinEventLog:Sysmon,EventCode=1,DC0032,Process Creation
AN1558,ESXi,esxi:shell,unset HISTFILE or HISTFILESIZE modifications,DC0064,Command Execution
AN1559,Network Devices,networkdevice:cli,Commands like 'no logging' or equivalents that disable session history,DC0064,Command Execution
AN1560,Windows,WinEventLog:Sysmon,EventCode=11,DC0039,File Creation
AN1560,Windows,WinEventLog:Sysmon,EventCode=15,DC0059,File Metadata
AN1560,Windows,WinEventLog:Sysmon,EventCode=1,DC0032,Process Creation
AN1561,Windows,ETW,"Calls to GetUserDefaultUILanguage, GetSystemDefaultUILanguage, GetKeyboardLayoutList",DC0021,OS API Execution
AN1561,Windows,WinEventLog:Security,EventCode=4657,DC0050,Windows Registry Key Access
AN1561,Windows,WinEventLog:Sysmon,EventCode=1,DC0032,Process Creation
AN1562,Linux,auditd:SYSCALL,execve calls to /usr/bin/locale or shell execution of $LANG,DC0064,Command Execution
AN1562,Linux,linux:Sysmon,EventCode=1,DC0032,Process Creation
AN1563,macOS,macos:osquery,execve,DC0032,Process Creation
AN1563,macOS,macos:unifiedlog,defaults read -g AppleLocale or systemsetup -gettimezone,DC0064,Command Execution
AN1564,Windows,WinEventLog:Sysmon,EventCode=1,DC0032,Process Creation
AN1564,Windows,WinEventLog:Sysmon,"EventCode=3, 22",DC0082,Network Connection Creation
AN1565,SaaS,m365:signinlogs,UserLoggedIn,DC0067,Logon Session Creation
AN1565,SaaS,saas:slack,"conversations.history, files.list, users.info, audit_logs",DC0038,Application Log Content
AN1566,Office Suite,m365:signinlogs,UserLoggedIn,DC0067,Logon Session Creation
AN1566,Office Suite,m365:unified,"TeamsMessagesAccessedViaEDiscovery, TeamsGraphMessageExport",DC0038,Application Log Content
AN1567,Windows,WinEventLog:PowerShell,"EventCode=4103, 4104, 4105, 4106",DC0064,Command Execution
AN1567,Windows,WinEventLog:Security,EventCode=4688,DC0032,Process Creation
AN1567,Windows,WinEventLog:System,EventCode=2003,DC0042,Drive Creation
AN1568,Linux,auditd:SYSCALL,"execve: parent process is usb/hid device handler, child process bash/python invoked",DC0032,Process Creation
AN1568,Linux,linux:syslog,New HID device enumeration with type 'keyboard' followed by immediate input injection,DC0042,Drive Creation
AN1569,macOS,macos:unifiedlog,New IOUSB keyboard/HID device enumerated with suspicious attributes,DC0042,Drive Creation
AN1569,macOS,macos:unifiedlog,"osascript, AppleScript, or Python execution triggered immediately after HID connection",DC0029,Script Execution
AN1570,Network Devices,networkdevice:cli,"Execution of commands such as 'copy tftp flash', 'boot system <image>', 'reload'",DC0064,Command Execution
AN1570,Network Devices,networkdevice:config,Configuration changes referencing older image versions or unexpected boot parameters,DC0061,File Modification
AN1570,Network Devices,networkdevice:syslog,OS version query results inconsistent with expected or approved version list,DC0059,File Metadata
AN1571,Windows,WinEventLog:Security,"EventCode=4663, 4670, 4656",DC0055,File Access
AN1571,Windows,WinEventLog:Sysmon,"EventCode=3, 22",DC0082,Network Connection Creation
AN1571,Windows,WinEventLog:Sysmon,EventCode=1,DC0032,Process Creation
AN1572,Linux,NSM:Flow,large HTTPS outbound uploads,DC0078,Network Traffic Flow
AN1572,Linux,auditd:EXECVE,"curl -T, rclone copy",DC0064,Command Execution
AN1572,Linux,auditd:SYSCALL,read/open of sensitive file directories,DC0055,File Access
AN1573,macOS,macos:unifiedlog,"execution of curl, rclone, or Office apps invoking network sessions",DC0032,Process Creation
AN1573,macOS,macos:unifiedlog,file read of sensitive directories,DC0055,File Access
AN1573,macOS,macos:unifiedlog,outbound HTTPS connections to cloud storage APIs,DC0085,Network Traffic Content
AN1574,ESXi,esxi:hostd,datastore file access,DC0055,File Access
AN1574,ESXi,esxi:vmkernel,network flows to external cloud services,DC0078,Network Traffic Flow
AN1575,Windows,WinEventLog:Security,EventCode=4697,DC0060,Service Creation
AN1575,Windows,WinEventLog:Sysmon,EventCode=1,DC0032,Process Creation
AN1575,Windows,WinEventLog:Sysmon,"EventCode=13, 14",DC0063,Windows Registry Key Modification
AN1576,Linux,auditd:SYSCALL,write or rename to /etc/systemd/system or /etc/init.d,DC0061,File Modification
AN1576,Linux,auditd:SYSCALL,execution of systemctl or service with enable/start/modify,DC0064,Command Execution
AN1577,macOS,fs:fsusage,file write to launchd plist paths,DC0061,File Modification
AN1577,macOS,macos:unifiedlog,launchctl load/unload or plist file modification,DC0064,Command Execution
AN1578,Containers,auditd:SYSCALL,modification of entrypoint scripts or init containers,DC0061,File Modification
AN1578,Containers,docker:events,docker run with restart=always or modifying init,DC0072,Container Creation
AN1579,Containers,kubernetes:audit,create or update events for RoleBinding or ClusterRoleBinding objects,DC0010,User Account Modification
AN1580,IaaS,AWS:CloudTrail,ModifySnapshotAttribute,DC0058,Snapshot Modification
AN1580,IaaS,AWS:CloudTrail,PutBucketPolicy,DC0023,Cloud Storage Modification
AN1580,IaaS,AWS:CloudTrail,CreateSnapshot,DC0057,Snapshot Creation
AN1580,IaaS,AWS:CloudTrail,CopySnapshot,DC0062,Snapshot Metadata
AN1580,IaaS,AWS:VPCFlowLogs,High volume internal-to-internal IP transfer or cross-account cloud transfer,DC0085,Network Traffic Content
AN1581,Office Suite,m365:unified,SharingSet,DC0023,Cloud Storage Modification
AN1581,Office Suite,m365:unified,AnonymousLinkCreated,DC0027,Cloud Storage Metadata
AN1581,Office Suite,m365:unified,FileAccessed,DC0038,Application Log Content
AN1582,SaaS,saas:box,collaboration.invite,DC0027,Cloud Storage Metadata
AN1582,SaaS,saas:googledrive,drive.permission.add,DC0023,Cloud Storage Modification
AN1583,Windows,WinEventLog:Sysmon,EventCode=1,DC0032,Process Creation
AN1583,Windows,WinEventLog:Sysmon,"EventCode=3, 22",DC0082,Network Connection Creation
AN1584,Linux,auditd:EXECVE,execve,DC0032,Process Creation
AN1584,Linux,linux:syslog,network,DC0082,Network Connection Creation
AN1585,macOS,macos:osquery,file_events,DC0055,File Access
AN1585,macOS,macos:unifiedlog,process,DC0032,Process Creation
AN1586,ESXi,esxi:hostd,None,DC0064,Command Execution
AN1587,Network Devices,networkdevice:syslog,syslog facility LOCAL7 or trap messages,DC0064,Command Execution
AN1588,Windows,WinEventLog:Security,EventCode=4657,DC0063,Windows Registry Key Modification
AN1588,Windows,WinEventLog:Sysmon,EventCode=1,DC0032,Process Creation
AN1588,Windows,WinEventLog:Sysmon,EventCode=7,DC0016,Module Load
AN1589,Windows,WinEventLog:PowerShell,"EventCode=4103, 4104, 4105, 4106",DC0064,Command Execution
AN1589,Windows,WinEventLog:Security,EventCode=4688,DC0032,Process Creation
AN1589,Windows,m365:exchange,Cmdlet - New-InboxRule,DC0070,Cloud Service Metadata
AN1590,macOS,fs:plist_monitoring,/Users/*/Library/Mail/V*/MailData/RulesActiveState.plist,DC0061,File Modification
AN1590,macOS,macos:unifiedlog,log stream --predicate,DC0064,Command Execution
AN1591,Office Suite,m365:messagetrace,X-MS-Exchange-Organization-AutoForwarded,DC0038,Application Log Content
AN1591,Office Suite,m365:unified,"New-InboxRule, Set-InboxRule",DC0070,Cloud Service Metadata
AN1592,Linux,auditd:SYSCALL,write,DC0061,File Modification
AN1592,Linux,linux:cli,/home/*/.bash_history,DC0064,Command Execution
AN1593,Windows,WinEventLog:Sysmon,EventCode=10,DC0035,Process Access
AN1593,Windows,WinEventLog:Sysmon,EventCode=1,DC0032,Process Creation
AN1593,Windows,etw:Microsoft-Windows-Kernel-Process,WriteProcessMemory: WriteProcessMemory targeting regions containing KernelCallbackTable addresses,DC0021,OS API Execution
AN1594,IaaS,AWS:CloudTrail,ListObjectsV2,DC0017,Cloud Storage Enumeration
AN1594,IaaS,AWS:CloudTrail,"GetObject, CopyObject",DC0025,Cloud Storage Access
AN1595,Windows,WinEventLog:Security,EventCode=4688,DC0032,Process Creation
AN1595,Windows,WinEventLog:Sysmon,"EventCode=13, 14",DC0063,Windows Registry Key Modification
AN1596,Linux,auditd:FS,read: File access to /proc/modules or /sys/module/,DC0055,File Access
AN1596,Linux,auditd:SYSCALL,"execve: Execution of lsmod, modinfo, or cat /proc/modules",DC0064,Command Execution
AN1597,macOS,macos:unifiedlog,"exec: Execution of kextstat, kextfind, or ioreg targeting driver information",DC0032,Process Creation
AN1597,macOS,macos:unifiedlog,read: File access to /System/Library/Extensions/ or related kernel extension paths,DC0055,File Access
AN1598,Windows,WinEventLog:Security,EventCode=4657,DC0063,Windows Registry Key Modification
AN1598,Windows,WinEventLog:Sysmon,EventCode=11,DC0039,File Creation
AN1598,Windows,WinEventLog:Sysmon,EventCode=10,DC0035,Process Access
AN1598,Windows,WinEventLog:Sysmon,EventCode=7,DC0016,Module Load
AN1599,Windows,WinEventLog:Sysmon,"EventCode=3, 22",DC0082,Network Connection Creation
AN1599,Windows,etw:Microsoft-Windows-WinINet,WinINet API telemetry,DC0085,Network Traffic Content
AN1600,Linux,auditd:SYSCALL,execve,DC0032,Process Creation
AN1600,Linux,iptables:LOG,OUTBOUND,DC0078,Network Traffic Flow
AN1601,macOS,macos:endpointsecurity,exec events,DC0032,Process Creation
AN1601,macOS,macos:unifiedlog,"process, network",DC0085,Network Traffic Content
AN1602,ESXi,esxi:hostd,CLI network calls,DC0078,Network Traffic Flow
AN1603,Network Devices,NSM:Flow,Unexpected inbound/outbound TFTP traffic for device image files,DC0082,Network Connection Creation
AN1603,Network Devices,networkdevice:config,Configuration changes referencing 'boot system tftp' or modification of startup-config pointing to external TFTP servers,DC0064,Command Execution
AN1603,Network Devices,networkdevice:syslog,Boot information log showing image loaded from TFTP server instead of local storage,DC0004,Firmware Modification
AN1604,Windows,WinEventLog:Security,EventCode=4720,DC0014,User Account Creation
AN1604,Windows,WinEventLog:Sysmon,EventCode=1,DC0032,Process Creation
AN1605,Linux,auditd:SYSCALL,useradd or adduser executed,DC0014,User Account Creation
AN1605,Linux,auditd:SYSCALL,chmod/chown to /etc/passwd or /etc/shadow,DC0061,File Modification
AN1606,macOS,macos:unifiedlog,dscl . -create,DC0064,Command Execution
AN1606,macOS,macos:unifiedlog,modification to /var/db/dslocal/nodes/Default/users/,DC0061,File Modification
AN1607,Identity Provider,azure:audit,Add user,DC0014,User Account Creation
AN1608,IaaS,AWS:CloudTrail,CreateUser,DC0014,User Account Creation
AN1608,IaaS,AWS:CloudTrail,AttachUserPolicy,DC0010,User Account Modification
AN1609,macOS,macos:unifiedlog,File creation or modification with com.apple.ResourceFork extended attribute,DC0059,File Metadata
AN1609,macOS,macos:unifiedlog,"Execution of commands like `ls -l@`, `xattr -l`, or custom tools interacting with resource forks",DC0064,Command Execution
AN1609,macOS,macos:unifiedlog,Process creation involving binaries interacting with resource fork data,DC0032,Process Creation
AN1610,Windows,WinEventLog:Microsoft-Windows-CodeIntegrity/Operational,Unsigned or untrusted modules loaded during JamPlus.exe runtime,DC0034,Process Metadata
AN1610,Windows,WinEventLog:Security,EventCode=4688,DC0032,Process Creation
AN1610,Windows,WinEventLog:Sysmon,EventCode=11,DC0039,File Creation
AN1610,Windows,WinEventLog:Sysmon,"EventCode=3, 22",DC0082,Network Connection Creation
AN1611,Windows,WinEventLog:Microsoft-Windows-VSS,Volume Shadow Copy Creation,DC0097,Volume Creation
AN1611,Windows,WinEventLog:Security,EventCode=4688,DC0032,Process Creation
AN1611,Windows,WinEventLog:Sysmon,EventCode=2,DC0061,File Modification
AN1611,Windows,WinEventLog:Sysmon,EventCode=11,DC0039,File Creation
AN1612,Windows,WinEventLog:Sysmon,EventCode=1,DC0032,Process Creation
AN1613,Linux,auditd:SYSCALL,PATH,DC0055,File Access
AN1613,Linux,linux:Sysmon,EventCode=1,DC0032,Process Creation
AN1614,macOS,macos:unifiedlog,process event,DC0032,Process Creation
AN1615,IaaS,AWS:CloudTrail,DescribeUsers / ListUsers / GetUser,DC0083,Cloud Service Enumeration
AN1616,Identity Provider,azure:signinlogs,Graph API Query,DC0083,Cloud Service Enumeration
AN1616,Identity Provider,saas:okta,User Enumeration Events,DC0013,User Account Metadata
AN1617,ESXi,esxi:vpxd,vCenter Management,DC0064,Command Execution
AN1618,SaaS,gcp:audit,Directory API Access,DC0013,User Account Metadata
AN1619,Office Suite,m365:unified,Scripted Activity,DC0029,Script Execution
AN1620,Windows,WinEventLog:Security,"EventCode=4624, 4648",DC0067,Logon Session Creation
AN1620,Windows,WinEventLog:Sysmon,EventCode=1,DC0032,Process Creation
AN1620,Windows,WinEventLog:Sysmon,"EventCode=3, 22",DC0082,Network Connection Creation
AN1620,Windows,WinEventLog:System,EventCode=7045,DC0060,Service Creation
AN1621,Windows,WinEventLog:PowerShell,"EventCode=4103, 4104, 4105, 4106",DC0064,Command Execution
AN1621,Windows,WinEventLog:Security,EventCode=4739,DC0066,Active Directory Object Modification
AN1621,Windows,WinEventLog:Sysmon,EventCode=1,DC0032,Process Creation
AN1622,Windows,NSM:Connections,Unusual POST requests to admin or upload endpoints,DC0085,Network Traffic Content
AN1622,Windows,WinEventLog:Security,"EventCode=4663, 4670, 4656",DC0061,File Modification
AN1622,Windows,WinEventLog:Sysmon,EventCode=1,DC0032,Process Creation
AN1623,Linux,NSM:Connections,Successful sudo or ssh from unknown IPs,DC0088,Logon Session Metadata
AN1623,Linux,NSM:Flow,Suspicious POSTs to upload endpoints,DC0085,Network Traffic Content
AN1623,Linux,auditd:SYSCALL,open/write syscalls targeting web directory files,DC0061,File Modification
AN1624,macOS,macos:unifiedlog,Terminal/Editor processes modifying web folder,DC0061,File Modification
AN1624,macOS,macos:unifiedlog,loginwindow or sshd events with external IP,DC0088,Logon Session Metadata
AN1625,IaaS,AWS:CloudTrail,PutObject,DC0039,File Creation
AN1625,IaaS,AWS:CloudTrail,ListBuckets,DC0017,Cloud Storage Enumeration
AN1625,IaaS,AWS:CloudTrail,"GetObject, CopyObject",DC0025,Cloud Storage Access
AN1626,Windows,EDR:file,SetFileTime,DC0021,OS API Execution
AN1626,Windows,WinEventLog:Security,"EventCode=4663, 4670, 4656",DC0055,File Access
AN1626,Windows,WinEventLog:Sysmon,EventCode=15,DC0059,File Metadata
AN1627,Linux,auditd:SYSCALL,execve,DC0032,Process Creation
AN1627,Linux,linux:osquery,file_events,DC0059,File Metadata
AN1628,macOS,macos:osquery,file_events,DC0059,File Metadata
AN1628,macOS,macos:unifiedlog,log stream --predicate,DC0064,Command Execution
AN1629,ESXi,esxi:vmkernel,/var/log/vmkernel.log,DC0061,File Modification
AN1630,Network Devices,NSM:Flow,"Unexpected or unauthorized inbound connections to SNMP, NETCONF, or RESTCONF services",DC0082,Network Connection Creation
AN1630,Network Devices,networkdevice:syslog,Authentication failures or unusual community string usage in SNMP queries,DC0085,Network Traffic Content
AN1631,Linux,auditd:SYSCALL,"open, read",DC0055,File Access
AN1631,Linux,auditd:SYSCALL,write,DC0061,File Modification
AN1631,Linux,auditd:SYSCALL,ptrace or process_vm_readv,DC0035,Process Access
AN1631,Linux,linux:Sysmon,EventCode=1,DC0032,Process Creation
AN1632,Windows,NSM:Content,Traffic on RPC DRSUAPI,DC0085,Network Traffic Content
AN1632,Windows,WinEventLog:Security,EventCode=4662,DC0071,Active Directory Object Access
AN1632,Windows,WinEventLog:Security,EventCode=4929,DC0068,Active Directory Object Deletion
AN1633,Windows,WinEventLog:Security,EventCode=4688,DC0032,Process Creation
AN1633,Windows,WinEventLog:Sysmon,EventCode=7,DC0016,Module Load
AN1634,Linux,auditd:SYSCALL,execve: Execution of suspicious exploit binaries targeting security daemons,DC0032,Process Creation
AN1634,Linux,linux:syslog,"Segfaults, kernel oops, or crashes in security software processes",DC0038,Application Log Content
AN1635,macOS,macos:osquery,execve: Unsigned or unnotarized processes launched with high privileges,DC0032,Process Creation
AN1635,macOS,macos:unifiedlog,Abnormal terminations of com.apple.security.* or 3rd-party security daemons,DC0038,Application Log Content
AN1636,IaaS,AWS:CloudTrail,"StopLogging, DeleteTrail, UpdateTrail: API calls that disable or modify logging services",DC0038,Application Log Content
AN1637,SaaS,m365:unified,"ApplicationModified, ConsentGranted: Unexpected app consent or modification events linked to security evasion",DC0038,Application Log Content
AN1638,Linux,NSM:Flow,TCP port 22 traffic,DC0078,Network Traffic Flow
AN1638,Linux,auditd:EXECVE,EXECVE,DC0032,Process Creation
AN1638,Linux,linux:syslog,None,DC0067,Logon Session Creation
AN1639,macOS,macos:osquery,process_events,DC0032,Process Creation
AN1639,macOS,macos:unifiedlog,process = 'sshd',DC0088,Logon Session Metadata
AN1639,macOS,macos:unifiedlog,process = 'ssh' OR eventMessage CONTAINS 'ssh',DC0085,Network Traffic Content
AN1640,ESXi,esxi:auth,None,DC0088,Logon Session Metadata
AN1640,ESXi,esxi:shell,None,DC0064,Command Execution
AN1640,ESXi,esxi:vmkernel,port 22 access,DC0078,Network Traffic Flow
AN1641,Windows,WinEventLog:Security,EventCode=4688,DC0032,Process Creation
AN1641,Windows,WinEventLog:Sysmon,EventCode=10,DC0035,Process Access
AN1641,Windows,WinEventLog:Sysmon,EventCode=15,DC0059,File Metadata
AN1642,Linux,auditd:SYSCALL,open/read on ~/.local/share/keepassxc/* OR ~/.password-store/*,DC0055,File Access
AN1642,Linux,auditd:SYSCALL,ptrace,DC0035,Process Access
AN1643,macOS,macos:osquery,unexpected memory inspection,DC0035,Process Access
AN1643,macOS,macos:unifiedlog,security OR injection attempts into 1Password OR LastPass,DC0032,Process Creation
AN1643,macOS,macos:unifiedlog,*.opvault OR *.ldb OR *.kdbx,DC0055,File Access
AN1937,PRE,,,,
AN1938,PRE,,,,
AN1939,PRE,,,,
AN1940,PRE,,,,
AN1941,PRE,,,,
AN1942,PRE,Application Log,None,DC0038,Application Log Content
AN1943,PRE,,,,
AN1944,PRE,,,,
AN1945,PRE,,,,
AN1946,PRE,Network Traffic,None,DC0085,Network Traffic Content
AN1947,PRE,,,,
AN1948,PRE,,,,
AN1949,PRE,Network Traffic,None,DC0085,Network Traffic Content
AN1949,PRE,Network Traffic,None,DC0078,Network Traffic Flow
AN1950,PRE,,,,
AN1951,PRE,,,,
AN1952,PRE,Internet Scan,None,DC0104,Response Content
AN1953,PRE,Application Log,None,DC0038,Application Log Content
AN1953,PRE,Network Traffic,None,DC0078,Network Traffic Flow
AN1953,PRE,Network Traffic,None,DC0085,Network Traffic Content
AN1954,PRE,,,,
AN1955,PRE,Application Log,None,DC0038,Application Log Content
AN1955,PRE,Network Traffic,None,DC0085,Network Traffic Content
AN1955,PRE,Network Traffic,None,DC0078,Network Traffic Flow
AN1956,PRE,Internet Scan,None,DC0104,Response Content
AN1957,PRE,Internet Scan,None,DC0104,Response Content
AN1958,PRE,Internet Scan,None,DC0104,Response Content
AN1959,PRE,,,,
AN1960,PRE,,,,
AN1961,PRE,Internet Scan,None,DC0104,Response Content
AN1962,PRE,Network Traffic,None,DC0078,Network Traffic Flow
AN1962,PRE,Network Traffic,None,DC0085,Network Traffic Content
AN1963,PRE,,,,
AN1964,PRE,,,,
AN1965,PRE,Malware Repository,None,DC0003,Malware Metadata
AN1966,PRE,Internet Scan,None,DC0104,Response Content
AN1967,PRE,,,,
AN1968,PRE,Internet Scan,None,DC0104,Response Content
AN1969,PRE,,,,
AN1970,PRE,Internet Scan,None,DC0104,Response Content
AN1970,PRE,Internet Scan,None,DC0106,Response Metadata
AN1971,PRE,Internet Scan,None,DC0104,Response Content
AN1972,PRE,Internet Scan,None,DC0104,Response Content
AN1973,PRE,Network Traffic,None,DC0085,Network Traffic Content
AN1974,PRE,,,,
AN1975,PRE,,,,
AN1976,PRE,Internet Scan,None,DC0104,Response Content
AN1977,PRE,Malware Repository,None,DC0003,Malware Metadata
AN1977,PRE,Malware Repository,None,DC0011,Malware Content
AN1978,PRE,,,,
AN1979,PRE,,,,
AN1980,PRE,Certificate,None,DC0093,Certificate Registration
AN1980,PRE,Internet Scan,None,DC0104,Response Content
AN1981,PRE,,,,
AN1982,PRE,Certificate,None,DC0093,Certificate Registration
AN1982,PRE,Internet Scan,None,DC0104,Response Content
AN1982,PRE,Malware Repository,None,DC0003,Malware Metadata
AN1982,PRE,Malware Repository,None,DC0011,Malware Content
AN1983,PRE,Network Traffic,None,DC0085,Network Traffic Content
AN1983,PRE,Persona,None,DC0052,Social Media
AN1984,PRE,Malware Repository,None,DC0003,Malware Metadata
AN1985,PRE,Internet Scan,None,DC0104,Response Content
AN1985,PRE,Malware Repository,None,DC0011,Malware Content
AN1985,PRE,Malware Repository,None,DC0003,Malware Metadata
AN1986,PRE,Internet Scan,None,DC0104,Response Content
AN1986,PRE,Internet Scan,None,DC0106,Response Metadata
AN1987,PRE,,,,
AN1988,PRE,,,,
AN1989,PRE,,,,
AN1990,PRE,,,,
AN1991,PRE,Internet Scan,None,DC0104,Response Content
AN1992,PRE,,,,
AN1993,PRE,,,,
AN1994,PRE,,,,
AN1995,PRE,Domain Name,None,DC0096,Passive DNS
AN1995,PRE,Domain Name,None,DC0101,Domain Registration
AN1995,PRE,Domain Name,None,DC0103,Active DNS
AN1996,PRE,Internet Scan,None,DC0104,Response Content
AN1997,PRE,Application Log,None,DC0038,Application Log Content
AN1997,PRE,Network Traffic,None,DC0078,Network Traffic Flow
AN1997,PRE,Network Traffic,None,DC0085,Network Traffic Content
AN1998,PRE,,,,
AN1999,PRE,Network Traffic,None,DC0085,Network Traffic Content
AN1999,PRE,Network Traffic,None,DC0078,Network Traffic Flow
AN2000,PRE,Network Traffic,None,DC0085,Network Traffic Content
AN2001,PRE,,,,
AN2002,PRE,Network Traffic,None,DC0085,Network Traffic Content
AN2002,PRE,Persona,None,DC0052,Social Media
AN2003,PRE,Internet Scan,None,DC0106,Response Metadata
AN2003,PRE,Internet Scan,None,DC0104,Response Content
AN2004,PRE,Malware Repository,None,DC0011,Malware Content
AN2004,PRE,Malware Repository,None,DC0003,Malware Metadata
AN2005,PRE,Network Traffic,None,DC0085,Network Traffic Content
AN2005,PRE,Persona,None,DC0052,Social Media
AN2006,PRE,Internet Scan,None,DC0104,Response Content
AN2006,PRE,Internet Scan,None,DC0106,Response Metadata
AN2007,PRE,Malware Repository,None,DC0003,Malware Metadata
AN2008,PRE,Network Traffic,None,DC0085,Network Traffic Content
AN2008,PRE,Persona,None,DC0052,Social Media
AN2009,PRE,,,,
AN2010,PRE,Application Log,None,DC0038,Application Log Content
AN2010,PRE,Network Traffic,None,DC0078,Network Traffic Flow
AN2010,PRE,Network Traffic,None,DC0085,Network Traffic Content
AN2011,PRE,,,,
AN2012,PRE,,,,
AN2013,PRE,Internet Scan,None,DC0104,Response Content
AN2014,PRE,Internet Scan,None,DC0104,Response Content
AN2015,PRE,,,,
AN2016,PRE,,,,
AN2017,PRE,Domain Name,None,DC0101,Domain Registration
AN2017,PRE,Domain Name,None,DC0103,Active DNS
AN2017,PRE,Domain Name,None,DC0096,Passive DNS
AN2017,PRE,Internet Scan,None,DC0104,Response Content
AN2017,PRE,Internet Scan,None,DC0106,Response Metadata
AN2018,PRE,Application Log,None,DC0038,Application Log Content
AN2019,PRE,Internet Scan,None,DC0104,Response Content
AN2020,PRE,Internet Scan,None,DC0104,Response Content
AN2021,PRE,,,,
AN2022,PRE,,,,
AN2023,PRE,Domain Name,None,DC0103,Active DNS
AN2023,PRE,Domain Name,None,DC0096,Passive DNS
AN2024,PRE,Domain Name,None,DC0096,Passive DNS
AN2024,PRE,Domain Name,None,DC0101,Domain Registration
AN2024,PRE,Domain Name,None,DC0103,Active DNS
AN2025,PRE,Internet Scan,None,DC0104,Response Content
AN2026,PRE,,,,
AN2027,PRE,Domain Name,None,DC0103,Active DNS
AN2027,PRE,Domain Name,None,DC0096,Passive DNS
AN2027,PRE,Domain Name,None,DC0101,Domain Registration
AN2027,PRE,Internet Scan,None,DC0106,Response Metadata
AN2027,PRE,Internet Scan,None,DC0104,Response Content
AN2028,PRE,Internet Scan,None,DC0104,Response Content
AN2029,Windows,NSM:Flow,Inbound HTTP POST with suspicious payload size or user-agent,DC0085,Network Traffic Content
AN2029,Windows,WinEventLog:Sysmon,"EventCode=3, 22",DC0082,Network Connection Creation
AN2029,Windows,etw:Microsoft-Windows-Kernel-Process,API Calls,DC0021,OS API Execution
AN2030,Windows,WinEventLog:PowerShell,"EventCode=4103, 4104, 4105, 4106",DC0064,Command Execution
AN2030,Windows,WinEventLog:Security,EventCode=4688,DC0032,Process Creation
AN2030,Windows,WinEventLog:Security,"EventCode=4663, 4670, 4656",DC0061,File Modification
AN2031,Linux,NSM:Flow,"http.log, conn.log",DC0085,Network Traffic Content
AN2031,Linux,auditd:SYSCALL,outbound connections,DC0082,Network Connection Creation
AN2031,Linux,auditd:SYSCALL,execve,DC0032,Process Creation
AN2032,macOS,NSM:Flow,Inbound HTTP POST with suspicious payload size or user-agent,DC0085,Network Traffic Content
AN2032,macOS,macos:unifiedlog,network connection events,DC0082,Network Connection Creation
AN2032,macOS,macos:unifiedlog,exec logs,DC0032,Process Creation
